category_original,category,brand,brand_slug,model,name,product_slug,chip_vendor_slug,origin_name_vi,origin_code,key_specs,socket_slot,power_watts,source_name,source_url,data_confidence,msrp_vnd,base_local_price_vnd,base_used_price_vnd,supplier_cost_vnd,base_performance_score,base_power_watts,base_heat_score,base_reliability_score,used_demand_score,mining_popularity_score,depreciation_rate,real_specs_json,game_balance_json,image_url,notes
CPU,CPU,Intel,intel,Core Ultra 9 285K,Intel Core Ultra 9 285K,intel-core-ultra-9-285k,intel,Mỹ,US,24 Cores 24 Threads | Up to 5.7GHz,LGA1851,125,Manual curated sheet,,MANUAL,,,,,98,125,82,88,55,0,8,"{""raw_key_specs"":""24 Cores 24 Threads | Up to 5.7GHz"",""socket_slot"":""LGA1851"",""power_watts"":125,""cores"":24,""threads"":24,""boost_clock_ghz"":5.7,""socket"":""LGA1851""}","{""base_performance_score"":98,""base_power_watts"":125,""base_heat_score"":82,""base_reliability_score"":88,""used_demand_score"":55,""mining_popularity_score"":0,""depreciation_rate"":8}",,
CPU,CPU,Intel,intel,Core Ultra 7 265K,Intel Core Ultra 7 265K,intel-core-ultra-7-265k,intel,Mỹ,US,20 Cores 20 Threads | Up to 5.5GHz,LGA1851,125,Manual curated sheet,,MANUAL,,,,,98,125,82,88,55,0,8,"{""raw_key_specs"":""20 Cores 20 Threads | Up to 5.5GHz"",""socket_slot"":""LGA1851"",""power_watts"":125,""cores"":20,""threads"":20,""boost_clock_ghz"":5.5,""socket"":""LGA1851""}","{""base_performance_score"":98,""base_power_watts"":125,""base_heat_score"":82,""base_reliability_score"":88,""used_demand_score"":55,""mining_popularity_score"":0,""depreciation_rate"":8}",,
CPU,CPU,Intel,intel,Core Ultra 5 245K,Intel Core Ultra 5 245K,intel-core-ultra-5-245k,intel,Mỹ,US,14 Cores 14 Threads | Up to 5.2GHz,LGA1851,125,Manual curated sheet,,MANUAL,,,,,98,125,82,88,55,0,8,"{""raw_key_specs"":""14 Cores 14 Threads | Up to 5.2GHz"",""socket_slot"":""LGA1851"",""power_watts"":125,""cores"":14,""threads"":14,""boost_clock_ghz"":5.2,""socket"":""LGA1851""}","{""base_performance_score"":98,""base_power_watts"":125,""base_heat_score"":82,""base_reliability_score"":88,""used_demand_score"":55,""mining_popularity_score"":0,""depreciation_rate"":8}",,
CPU,CPU,Intel,intel,Core i9-14900K,Intel Core i9-14900K,intel-core-i9-14900k,intel,Mỹ,US,24 Cores 32 Threads | Up to 6.0GHz,LGA1700,125,Manual curated sheet,,MANUAL,,,,,98,125,82,88,55,0,8,"{""raw_key_specs"":""24 Cores 32 Threads | Up to 6.0GHz"",""socket_slot"":""LGA1700"",""power_watts"":125,""cores"":24,""threads"":32,""boost_clock_ghz"":6.0,""socket"":""LGA1700""}","{""base_performance_score"":98,""base_power_watts"":125,""base_heat_score"":82,""base_reliability_score"":88,""used_demand_score"":55,""mining_popularity_score"":0,""depreciation_rate"":8}",,
CPU,CPU,Intel,intel,Core i5-12400F,Intel Core i5-12400F,intel-core-i5-12400f,intel,Mỹ,US,6 Cores 12 Threads | Up to 4.4GHz,LGA1700,65,Manual curated sheet,,MANUAL,,,,,68,65,52,88,55,0,8,"{""raw_key_specs"":""6 Cores 12 Threads | Up to 4.4GHz"",""socket_slot"":""LGA1700"",""power_watts"":65,""cores"":6,""threads"":12,""boost_clock_ghz"":4.4,""socket"":""LGA1700""}","{""base_performance_score"":68,""base_power_watts"":65,""base_heat_score"":52,""base_reliability_score"":88,""used_demand_score"":55,""mining_popularity_score"":0,""depreciation_rate"":8}",,
CPU,CPU,AMD,amd,Ryzen 9 9950X,AMD Ryzen 9 9950X,amd-ryzen-9-9950x,amd,Mỹ,US,16 Cores 32 Threads | Up to 5.7GHz,AM5,170,Manual curated sheet,,MANUAL,,,,,98,170,95,88,55,0,8,"{""raw_key_specs"":""16 Cores 32 Threads | Up to 5.7GHz"",""socket_slot"":""AM5"",""power_watts"":170,""cores"":16,""threads"":32,""boost_clock_ghz"":5.7,""socket"":""AM5""}","{""base_performance_score"":98,""base_power_watts"":170,""base_heat_score"":95,""base_reliability_score"":88,""used_demand_score"":55,""mining_popularity_score"":0,""depreciation_rate"":8}",,
CPU,CPU,AMD,amd,Ryzen 7 9700X,AMD Ryzen 7 9700X,amd-ryzen-7-9700x,amd,Mỹ,US,8 Cores 16 Threads | Up to 5.5GHz,AM5,65,Manual curated sheet,,MANUAL,,,,,87,65,52,88,55,0,8,"{""raw_key_specs"":""8 Cores 16 Threads | Up to 5.5GHz"",""socket_slot"":""AM5"",""power_watts"":65,""cores"":8,""threads"":16,""boost_clock_ghz"":5.5,""socket"":""AM5""}","{""base_performance_score"":87,""base_power_watts"":65,""base_heat_score"":52,""base_reliability_score"":88,""used_demand_score"":55,""mining_popularity_score"":0,""depreciation_rate"":8}",,
CPU,CPU,AMD,amd,Ryzen 7 7800X3D,AMD Ryzen 7 7800X3D,amd-ryzen-7-7800x3d,amd,Mỹ,US,8 Cores 16 Threads | 96MB L3 Cache (Gaming King),AM5,120,Manual curated sheet,,MANUAL,,,,,75,120,80,88,70,0,8,"{""raw_key_specs"":""8 Cores 16 Threads | 96MB L3 Cache (Gaming King)"",""socket_slot"":""AM5"",""power_watts"":120,""cores"":8,""threads"":16,""l3_cache_mb"":96,""socket"":""AM5""}","{""base_performance_score"":75,""base_power_watts"":120,""base_heat_score"":80,""base_reliability_score"":88,""used_demand_score"":70,""mining_popularity_score"":0,""depreciation_rate"":8}",,
CPU,CPU,AMD,amd,Ryzen 5 5600X,AMD Ryzen 5 5600X,amd-ryzen-5-5600x,amd,Mỹ,US,6 Cores 12 Threads | Up to 4.6GHz,AM4,65,Manual curated sheet,,MANUAL,,,,,70,65,52,88,55,0,8,"{""raw_key_specs"":""6 Cores 12 Threads | Up to 4.6GHz"",""socket_slot"":""AM4"",""power_watts"":65,""cores"":6,""threads"":12,""boost_clock_ghz"":4.6,""socket"":""AM4""}","{""base_performance_score"":70,""base_power_watts"":65,""base_heat_score"":52,""base_reliability_score"":88,""used_demand_score"":55,""mining_popularity_score"":0,""depreciation_rate"":8}",,
CPU,CPU,Loongson,loongson,3A6000,Loongson 3A6000,loongson-3a6000,loongson,Trung Quốc,CN,4 Cores 8 Threads | 2.5GHz (Kiến trúc LoongArch),LA464,50,Manual curated sheet,,MANUAL,,,,,51,50,45,70,55,0,8,"{""raw_key_specs"":""4 Cores 8 Threads | 2.5GHz (Kiến trúc LoongArch)"",""socket_slot"":""LA464"",""power_watts"":50,""cores"":4,""threads"":8,""socket"":""LA464""}","{""base_performance_score"":51,""base_power_watts"":50,""base_heat_score"":45,""base_reliability_score"":70,""used_demand_score"":55,""mining_popularity_score"":0,""depreciation_rate"":8}",,
CPU,CPU,Zhaoxin,zhaoxin,KaiXian KX-7000,Zhaoxin KaiXian KX-7000,zhaoxin-kaixian-kx-7000,zhaoxin,Trung Quốc,CN,8 Cores 8 Threads | Up to 3.3GHz (Tương thích x86),HJJ,75,Manual curated sheet,,MANUAL,,,,,65,75,57,70,55,0,8,"{""raw_key_specs"":""8 Cores 8 Threads | Up to 3.3GHz (Tương thích x86)"",""socket_slot"":""HJJ"",""power_watts"":75,""cores"":8,""threads"":8,""boost_clock_ghz"":3.3,""socket"":""HJJ""}","{""base_performance_score"":65,""base_power_watts"":75,""base_heat_score"":57,""base_reliability_score"":70,""used_demand_score"":55,""mining_popularity_score"":0,""depreciation_rate"":8}",,
GPU,GPU,NVIDIA,nvidia,GeForce RTX 5090 Founders Edition,NVIDIA GeForce RTX 5090 Founders Edition,nvidia-geforce-rtx-5090-founders-edition,nvidia,Mỹ,US,32GB GDDR7 | 512-bit | DLSS 4.0,PCIe 5.0 x16,600,Manual curated sheet,,MANUAL,,,,,100,600,98,88,95,65,8,"{""raw_key_specs"":""32GB GDDR7 | 512-bit | DLSS 4.0"",""socket_slot"":""PCIe 5.0 x16"",""power_watts"":600,""vram_gb"":32,""memory_type"":""GDDR7"",""memory_bus_bit"":512,""upscaling_tech"":""DLSS"",""slot_interface"":""PCIe 5.0 x16""}","{""base_performance_score"":100,""base_power_watts"":600,""base_heat_score"":98,""base_reliability_score"":88,""used_demand_score"":95,""mining_popularity_score"":65,""depreciation_rate"":8}",,
GPU,GPU,NVIDIA,nvidia,GeForce RTX 5080 Founders Edition,NVIDIA GeForce RTX 5080 Founders Edition,nvidia-geforce-rtx-5080-founders-edition,nvidia,Mỹ,US,16GB GDDR7 | 256-bit,PCIe 5.0 x16,400,Manual curated sheet,,MANUAL,,,,,95,400,85,88,88,60,8,"{""raw_key_specs"":""16GB GDDR7 | 256-bit"",""socket_slot"":""PCIe 5.0 x16"",""power_watts"":400,""vram_gb"":16,""memory_type"":""GDDR7"",""memory_bus_bit"":256,""slot_interface"":""PCIe 5.0 x16""}","{""base_performance_score"":95,""base_power_watts"":400,""base_heat_score"":85,""base_reliability_score"":88,""used_demand_score"":88,""mining_popularity_score"":60,""depreciation_rate"":8}",,
GPU,GPU,NVIDIA,nvidia,GeForce RTX 4060 Ti,NVIDIA GeForce RTX 4060 Ti,nvidia-geforce-rtx-4060-ti,nvidia,Mỹ,US,8GB GDDR6 | 128-bit | DLSS 3.0,PCIe 4.0 x8,160,Manual curated sheet,,MANUAL,,,,,65,160,45,88,75,35,8,"{""raw_key_specs"":""8GB GDDR6 | 128-bit | DLSS 3.0"",""socket_slot"":""PCIe 4.0 x8"",""power_watts"":160,""vram_gb"":8,""memory_type"":""GDDR6"",""memory_bus_bit"":128,""upscaling_tech"":""DLSS"",""slot_interface"":""PCIe 4.0 x8""}","{""base_performance_score"":65,""base_power_watts"":160,""base_heat_score"":45,""base_reliability_score"":88,""used_demand_score"":75,""mining_popularity_score"":35,""depreciation_rate"":8}",,
GPU,GPU,AMD,amd,Radeon RX 7900 XTX,AMD Radeon RX 7900 XTX,amd-radeon-rx-7900-xtx,amd,Mỹ,US,24GB GDDR6 | 384-bit | FSR 3.0,PCIe 4.0 x16,355,Manual curated sheet,,MANUAL,,,,,92,355,82,88,84,55,8,"{""raw_key_specs"":""24GB GDDR6 | 384-bit | FSR 3.0"",""socket_slot"":""PCIe 4.0 x16"",""power_watts"":355,""vram_gb"":24,""memory_type"":""GDDR6"",""memory_bus_bit"":384,""upscaling_tech"":""FSR"",""slot_interface"":""PCIe 4.0 x16""}","{""base_performance_score"":92,""base_power_watts"":355,""base_heat_score"":82,""base_reliability_score"":88,""used_demand_score"":84,""mining_popularity_score"":55,""depreciation_rate"":8}",,
GPU,GPU,Intel,intel,Arc A770 Limited Edition,Intel Arc A770 Limited Edition,intel-arc-a770-limited-edition,intel,Mỹ,US,16GB GDDR6 | 256-bit | XeSS,PCIe 4.0 x16,225,Manual curated sheet,,MANUAL,,,,,56,225,60,88,55,20,8,"{""raw_key_specs"":""16GB GDDR6 | 256-bit | XeSS"",""socket_slot"":""PCIe 4.0 x16"",""power_watts"":225,""vram_gb"":16,""memory_type"":""GDDR6"",""memory_bus_bit"":256,""upscaling_tech"":""XeSS"",""slot_interface"":""PCIe 4.0 x16""}","{""base_performance_score"":56,""base_power_watts"":225,""base_heat_score"":60,""base_reliability_score"":88,""used_demand_score"":55,""mining_popularity_score"":20,""depreciation_rate"":8}",,
GPU,GPU,ASUS,asus,ROG Strix RTX 5090 OC,ASUS ROG Strix RTX 5090 OC,asus-rog-strix-rtx-5090-oc,nvidia,Đài Loan,TW,32GB GDDR7 | Bản Custom 3 Quạt Hầm Hố RGB,PCIe 5.0 x16,650,Manual curated sheet,,MANUAL,,,,,100,650,98,88,95,65,8,"{""raw_key_specs"":""32GB GDDR7 | Bản Custom 3 Quạt Hầm Hố RGB"",""socket_slot"":""PCIe 5.0 x16"",""power_watts"":650,""vram_gb"":32,""memory_type"":""GDDR7"",""slot_interface"":""PCIe 5.0 x16""}","{""base_performance_score"":100,""base_power_watts"":650,""base_heat_score"":98,""base_reliability_score"":88,""used_demand_score"":95,""mining_popularity_score"":65,""depreciation_rate"":8}",,
GPU,GPU,MSI,msi,RTX 5080 SUPRIM X,MSI RTX 5080 SUPRIM X,msi-rtx-5080-suprim-x,nvidia,Đài Loan,TW,16GB GDDR7 | Vỏ Nhôm Phay Xước Sang Trọng,PCIe 5.0 x16,420,Manual curated sheet,,MANUAL,,,,,95,420,85,88,88,60,8,"{""raw_key_specs"":""16GB GDDR7 | Vỏ Nhôm Phay Xước Sang Trọng"",""socket_slot"":""PCIe 5.0 x16"",""power_watts"":420,""vram_gb"":16,""memory_type"":""GDDR7"",""slot_interface"":""PCIe 5.0 x16""}","{""base_performance_score"":95,""base_power_watts"":420,""base_heat_score"":85,""base_reliability_score"":88,""used_demand_score"":88,""mining_popularity_score"":60,""depreciation_rate"":8}",,
GPU,GPU,GIGABYTE,gigabyte,AORUS RTX 4070 Ti SUPER Master,GIGABYTE AORUS RTX 4070 Ti SUPER Master,gigabyte-aorus-rtx-4070-ti-super-master,nvidia,Đài Loan,TW,16GB GDDR6X | Tích hợp màn hình LCD mini,PCIe 4.0 x16,285,Manual curated sheet,,MANUAL,,,,,86,285,68,88,82,45,8,"{""raw_key_specs"":""16GB GDDR6X | Tích hợp màn hình LCD mini"",""socket_slot"":""PCIe 4.0 x16"",""power_watts"":285,""vram_gb"":16,""memory_type"":""GDDR6X"",""slot_interface"":""PCIe 4.0 x16""}","{""base_performance_score"":86,""base_power_watts"":285,""base_heat_score"":68,""base_reliability_score"":88,""used_demand_score"":82,""mining_popularity_score"":45,""depreciation_rate"":8}",,
GPU,GPU,Colorful,colorful,iGame RTX 5070 Vulcan OC,Colorful iGame RTX 5070 Vulcan OC,colorful-igame-rtx-5070-vulcan-oc,nvidia,Trung Quốc,CN,12GB GDDR7 | Màn hình LCD lật tháo rời được,PCIe 5.0 x16,250,Manual curated sheet,,MANUAL,,,,,82,250,65,78,80,48,8,"{""raw_key_specs"":""12GB GDDR7 | Màn hình LCD lật tháo rời được"",""socket_slot"":""PCIe 5.0 x16"",""power_watts"":250,""vram_gb"":12,""memory_type"":""GDDR7"",""slot_interface"":""PCIe 5.0 x16""}","{""base_performance_score"":82,""base_power_watts"":250,""base_heat_score"":65,""base_reliability_score"":78,""used_demand_score"":80,""mining_popularity_score"":48,""depreciation_rate"":8}",,
GPU,GPU,Yeston,yeston,RTX 4060 Sakura Sugar,Yeston RTX 4060 Sakura Sugar,yeston-rtx-4060-sakura-sugar,nvidia,Trung Quốc,CN,8GB GDDR6 | Thiết kế Waifu Hoa Anh Đào Hồng,PCIe 4.0 x8,115,Manual curated sheet,,MANUAL,,,,,58,115,35,78,78,25,8,"{""raw_key_specs"":""8GB GDDR6 | Thiết kế Waifu Hoa Anh Đào Hồng"",""socket_slot"":""PCIe 4.0 x8"",""power_watts"":115,""vram_gb"":8,""memory_type"":""GDDR6"",""slot_interface"":""PCIe 4.0 x8""}","{""base_performance_score"":58,""base_power_watts"":115,""base_heat_score"":35,""base_reliability_score"":78,""used_demand_score"":78,""mining_popularity_score"":25,""depreciation_rate"":8}",,
GPU,GPU,Maxsun,maxsun,RTX 4060 Ti iCraft OC White,Maxsun RTX 4060 Ti iCraft OC White,maxsun-rtx-4060-ti-icraft-oc-white,nvidia,Trung Quốc,CN,8GB GDDR6 | Vỏ Trắng Phong Cách Anime,PCIe 4.0 x8,160,Manual curated sheet,,MANUAL,,,,,65,160,45,78,75,35,8,"{""raw_key_specs"":""8GB GDDR6 | Vỏ Trắng Phong Cách Anime"",""socket_slot"":""PCIe 4.0 x8"",""power_watts"":160,""vram_gb"":8,""memory_type"":""GDDR6"",""slot_interface"":""PCIe 4.0 x8""}","{""base_performance_score"":65,""base_power_watts"":160,""base_heat_score"":45,""base_reliability_score"":78,""used_demand_score"":75,""mining_popularity_score"":35,""depreciation_rate"":8}",,
GPU,GPU,Galax,galax,RTX 4090 Hall of Fame (HOF),Galax RTX 4090 Hall of Fame (HOF),galax-rtx-4090-hall-of-fame-hof,nvidia,Hong Kong,HK,24GB GDDR6X | PCB Màu Trắng Chuyên Ép Xung,PCIe 4.0 x16,500,Manual curated sheet,,MANUAL,,,,,96,500,90,78,90,75,8,"{""raw_key_specs"":""24GB GDDR6X | PCB Màu Trắng Chuyên Ép Xung"",""socket_slot"":""PCIe 4.0 x16"",""power_watts"":500,""vram_gb"":24,""memory_type"":""GDDR6X"",""slot_interface"":""PCIe 4.0 x16""}","{""base_performance_score"":96,""base_power_watts"":500,""base_heat_score"":90,""base_reliability_score"":78,""used_demand_score"":90,""mining_popularity_score"":75,""depreciation_rate"":8}",,
GPU,GPU,Inno3D,inno3d,RTX 3060 Twin X2,Inno3D RTX 3060 Twin X2,inno3d-rtx-3060-twin-x2,nvidia,Hong Kong,HK,12GB GDDR6 | Bản 2 Quạt Giá Rẻ Tối Giản,PCIe 4.0 x16,170,Manual curated sheet,,MANUAL,,,,,55,170,50,78,85,70,8,"{""raw_key_specs"":""12GB GDDR6 | Bản 2 Quạt Giá Rẻ Tối Giản"",""socket_slot"":""PCIe 4.0 x16"",""power_watts"":170,""vram_gb"":12,""memory_type"":""GDDR6"",""slot_interface"":""PCIe 4.0 x16""}","{""base_performance_score"":55,""base_power_watts"":170,""base_heat_score"":50,""base_reliability_score"":78,""used_demand_score"":85,""mining_popularity_score"":70,""depreciation_rate"":8}",,
GPU,GPU,Peladn,peladn,RTX 3060 Ti Gaming,Peladn RTX 3060 Ti Gaming,peladn-rtx-3060-ti-gaming,nvidia,Trung Quốc,CN,8GB GDDR6 | Card Giá Rẻ Nội Địa,PCIe 4.0 x16,200,Manual curated sheet,,MANUAL,,,,,62,200,55,60,87,65,13,"{""raw_key_specs"":""8GB GDDR6 | Card Giá Rẻ Nội Địa"",""socket_slot"":""PCIe 4.0 x16"",""power_watts"":200,""vram_gb"":8,""memory_type"":""GDDR6"",""slot_interface"":""PCIe 4.0 x16""}","{""base_performance_score"":62,""base_power_watts"":200,""base_heat_score"":55,""base_reliability_score"":60,""used_demand_score"":87,""mining_popularity_score"":65,""depreciation_rate"":13}",,
GPU,GPU,AISURIX,aisurix,RX 580 8GB,AISURIX RX 580 8GB,aisurix-rx-580-8gb,amd,Trung Quốc,CN,8GB GDDR5 | Card Cỏ Tái Chế Giá Siêu Rẻ,PCIe 3.0 x16,185,Manual curated sheet,,MANUAL,,,,,34,185,65,48,83,55,23,"{""raw_key_specs"":""8GB GDDR5 | Card Cỏ Tái Chế Giá Siêu Rẻ"",""socket_slot"":""PCIe 3.0 x16"",""power_watts"":185,""vram_gb"":8,""memory_type"":""GDDR5"",""slot_interface"":""PCIe 3.0 x16""}","{""base_performance_score"":34,""base_power_watts"":185,""base_heat_score"":65,""base_reliability_score"":48,""used_demand_score"":83,""mining_popularity_score"":55,""depreciation_rate"":23}",,
Mainboard,MOTHERBOARD,ASUS,asus,ROG MAXIMUS Z890 HERO,ASUS ROG MAXIMUS Z890 HERO,asus-rog-maximus-z890-hero,intel,Đài Loan,TW,Chipset Z890 | ATX | Hỗ trợ Thunderbolt 4,LGA1851 (DDR5),0,Manual curated sheet,,MANUAL,,,,,80,0,25,88,65,0,10,"{""raw_key_specs"":""Chipset Z890 | ATX | Hỗ trợ Thunderbolt 4"",""socket_slot"":""LGA1851 (DDR5)"",""power_watts"":0,""chipset"":""Z890"",""form_factor"":""ATX"",""socket"":""LGA1851"",""memory_type"":""DDR5""}","{""base_performance_score"":80,""base_power_watts"":0,""base_heat_score"":25,""base_reliability_score"":88,""used_demand_score"":65,""mining_popularity_score"":0,""depreciation_rate"":10}",,
Mainboard,MOTHERBOARD,ASUS,asus,TUF GAMING B760M-PLUS,ASUS TUF GAMING B760M-PLUS,asus-tuf-gaming-b760m-plus,intel,Đài Loan,TW,Chipset B760 | M-ATX | Bền Bỉ Tầm Trung,LGA1700 (DDR5),0,Manual curated sheet,,MANUAL,,,,,65,0,25,88,65,0,10,"{""raw_key_specs"":""Chipset B760 | M-ATX | Bền Bỉ Tầm Trung"",""socket_slot"":""LGA1700 (DDR5)"",""power_watts"":0,""chipset"":""B760"",""form_factor"":""M-ATX"",""socket"":""LGA1700"",""memory_type"":""DDR5""}","{""base_performance_score"":65,""base_power_watts"":0,""base_heat_score"":25,""base_reliability_score"":88,""used_demand_score"":65,""mining_popularity_score"":0,""depreciation_rate"":10}",,
Mainboard,MOTHERBOARD,MSI,msi,MEG X870E GODLIKE,MSI MEG X870E GODLIKE,msi-meg-x870e-godlike,amd,Đài Loan,TW,Chipset X870E | E-ATX | Màn Hình LED Cảm Ứng,AM5 (DDR5),0,Manual curated sheet,,MANUAL,,,,,80,0,25,88,65,0,10,"{""raw_key_specs"":""Chipset X870E | E-ATX | Màn Hình LED Cảm Ứng"",""socket_slot"":""AM5 (DDR5)"",""power_watts"":0,""chipset"":""X870E"",""form_factor"":""E-ATX"",""socket"":""AM5"",""memory_type"":""DDR5""}","{""base_performance_score"":80,""base_power_watts"":0,""base_heat_score"":25,""base_reliability_score"":88,""used_demand_score"":65,""mining_popularity_score"":0,""depreciation_rate"":10}",,
Mainboard,MOTHERBOARD,MSI,msi,MAG B650 TOMAHAWK WIFI,MSI MAG B650 TOMAHAWK WIFI,msi-mag-b650-tomahawk-wifi,amd,Đài Loan,TW,Chipset B650 | ATX | Bo Mạch Quốc Dân,AM5 (DDR5),0,Manual curated sheet,,MANUAL,,,,,65,0,25,88,65,0,10,"{""raw_key_specs"":""Chipset B650 | ATX | Bo Mạch Quốc Dân"",""socket_slot"":""AM5 (DDR5)"",""power_watts"":0,""chipset"":""B650"",""form_factor"":""ATX"",""socket"":""AM5"",""memory_type"":""DDR5""}","{""base_performance_score"":65,""base_power_watts"":0,""base_heat_score"":25,""base_reliability_score"":88,""used_demand_score"":65,""mining_popularity_score"":0,""depreciation_rate"":10}",,
Mainboard,MOTHERBOARD,GIGABYTE,gigabyte,B650M AORUS ELITE,GIGABYTE B650M AORUS ELITE,gigabyte-b650m-aorus-elite,amd,Đài Loan,TW,Chipset B650 | M-ATX | Phân Khúc Tầm Trung,AM5 (DDR5),0,Manual curated sheet,,MANUAL,,,,,65,0,25,88,65,0,10,"{""raw_key_specs"":""Chipset B650 | M-ATX | Phân Khúc Tầm Trung"",""socket_slot"":""AM5 (DDR5)"",""power_watts"":0,""chipset"":""B650"",""form_factor"":""M-ATX"",""socket"":""AM5"",""memory_type"":""DDR5""}","{""base_performance_score"":65,""base_power_watts"":0,""base_heat_score"":25,""base_reliability_score"":88,""used_demand_score"":65,""mining_popularity_score"":0,""depreciation_rate"":10}",,
Mainboard,MOTHERBOARD,ASRock,asrock,Z890 Taichi,ASRock Z890 Taichi,asrock-z890-taichi,intel,Đài Loan,TW,Chipset Z890 | ATX | Thiết Kế Bánh Răng Cơ Khí,LGA1851 (DDR5),0,Manual curated sheet,,MANUAL,,,,,80,0,25,88,65,0,10,"{""raw_key_specs"":""Chipset Z890 | ATX | Thiết Kế Bánh Răng Cơ Khí"",""socket_slot"":""LGA1851 (DDR5)"",""power_watts"":0,""chipset"":""Z890"",""form_factor"":""ATX"",""socket"":""LGA1851"",""memory_type"":""DDR5""}","{""base_performance_score"":80,""base_power_watts"":0,""base_heat_score"":25,""base_reliability_score"":88,""used_demand_score"":65,""mining_popularity_score"":0,""depreciation_rate"":10}",,
Mainboard,MOTHERBOARD,Colorful,colorful,CVN B760M FROZEN WIFI,Colorful CVN B760M FROZEN WIFI,colorful-cvn-b760m-frozen-wifi,intel,Trung Quốc,CN,Chipset B760 | M-ATX | PCB Màu Trắng Tuyết,LGA1700 (DDR4),0,Manual curated sheet,,MANUAL,,,,,65,0,25,78,65,0,10,"{""raw_key_specs"":""Chipset B760 | M-ATX | PCB Màu Trắng Tuyết"",""socket_slot"":""LGA1700 (DDR4)"",""power_watts"":0,""chipset"":""B760"",""form_factor"":""M-ATX"",""socket"":""LGA1700"",""memory_type"":""DDR4""}","{""base_performance_score"":65,""base_power_watts"":0,""base_heat_score"":25,""base_reliability_score"":78,""used_demand_score"":65,""mining_popularity_score"":0,""depreciation_rate"":10}",,
Mainboard,MOTHERBOARD,Maxsun,maxsun,MS-Terminator B760M GIGA,Maxsun MS-Terminator B760M GIGA,maxsun-ms-terminator-b760m-giga,intel,Trung Quốc,CN,Chipset B760 | M-ATX | Vua Phá Giá Phân Khúc,LGA1700 (DDR4),0,Manual curated sheet,,MANUAL,,,,,65,0,25,78,65,0,10,"{""raw_key_specs"":""Chipset B760 | M-ATX | Vua Phá Giá Phân Khúc"",""socket_slot"":""LGA1700 (DDR4)"",""power_watts"":0,""chipset"":""B760"",""form_factor"":""M-ATX"",""socket"":""LGA1700"",""memory_type"":""DDR4""}","{""base_performance_score"":65,""base_power_watts"":0,""base_heat_score"":25,""base_reliability_score"":78,""used_demand_score"":65,""mining_popularity_score"":0,""depreciation_rate"":10}",,
Mainboard,MOTHERBOARD,Huananzhi,huananzhi,X99-F8,Huananzhi X99-F8,huananzhi-x99-f8,intel,Trung Quốc,CN,Chipset X99 | ATX | Chuyên Chạy CPU Xeon Cũ,LGA2011-3 (DDR3),0,Manual curated sheet,,MANUAL,,,,,40,0,25,48,73,0,10,"{""raw_key_specs"":""Chipset X99 | ATX | Chuyên Chạy CPU Xeon Cũ"",""socket_slot"":""LGA2011-3 (DDR3)"",""power_watts"":0,""chipset"":""X99"",""form_factor"":""ATX"",""socket"":""LGA2011-3"",""memory_type"":""DDR3""}","{""base_performance_score"":40,""base_power_watts"":0,""base_heat_score"":25,""base_reliability_score"":48,""used_demand_score"":73,""mining_popularity_score"":0,""depreciation_rate"":10}",,
Mainboard,MOTHERBOARD,Machinist,machinist,X99 RS9,Machinist X99 RS9,machinist-x99-rs9,intel,Trung Quốc,CN,Chipset X99 | M-ATX | Bo Mạch Giá Rẻ Cày Giả Lập,LGA2011-3 (DDR3),0,Manual curated sheet,,MANUAL,,,,,40,0,25,48,73,0,10,"{""raw_key_specs"":""Chipset X99 | M-ATX | Bo Mạch Giá Rẻ Cày Giả Lập"",""socket_slot"":""LGA2011-3 (DDR3)"",""power_watts"":0,""chipset"":""X99"",""form_factor"":""M-ATX"",""socket"":""LGA2011-3"",""memory_type"":""DDR3""}","{""base_performance_score"":40,""base_power_watts"":0,""base_heat_score"":25,""base_reliability_score"":48,""used_demand_score"":73,""mining_popularity_score"":0,""depreciation_rate"":10}",,
RAM,RAM,Corsair,corsair,Dominator Titanium RGB 32GB,Corsair Dominator Titanium RGB 32GB,corsair-dominator-titanium-rgb-32gb,,Mỹ,US,2x16GB | DDR5 | 7200MHz | LED Cao Cấp,DDR5 Slot,5,Manual curated sheet,,MANUAL,,,,,95,5,35,88,65,0,10,"{""raw_key_specs"":""2x16GB | DDR5 | 7200MHz | LED Cao Cấp"",""socket_slot"":""DDR5 Slot"",""power_watts"":5,""module_count"":2,""module_capacity_gb"":16,""capacity_gb"":32,""kit_config"":""2x16GB"",""memory_type"":""DDR5"",""speed_mhz"":7200,""memory_slot"":""DDR5 Slot""}","{""base_performance_score"":95,""base_power_watts"":5,""base_heat_score"":35,""base_reliability_score"":88,""used_demand_score"":65,""mining_popularity_score"":0,""depreciation_rate"":10}",,
RAM,RAM,Corsair,corsair,Vengeance LPX 16GB,Corsair Vengeance LPX 16GB,corsair-vengeance-lpx-16gb,,Mỹ,US,2x8GB | DDR4 | 3200MHz | Bản Tối Giản Không LED,DDR4 Slot,4,Manual curated sheet,,MANUAL,,,,,59,4,32,88,65,0,10,"{""raw_key_specs"":""2x8GB | DDR4 | 3200MHz | Bản Tối Giản Không LED"",""socket_slot"":""DDR4 Slot"",""power_watts"":4,""module_count"":2,""module_capacity_gb"":8,""capacity_gb"":16,""kit_config"":""2x8GB"",""memory_type"":""DDR4"",""speed_mhz"":3200,""memory_slot"":""DDR4 Slot""}","{""base_performance_score"":59,""base_power_watts"":4,""base_heat_score"":32,""base_reliability_score"":88,""used_demand_score"":65,""mining_popularity_score"":0,""depreciation_rate"":10}",,
RAM,RAM,G.Skill,g-skill,Trident Z5 Royal 32GB,G.Skill Trident Z5 Royal 32GB,g-skill-trident-z5-royal-32gb,,Đài Loan,TW,2x16GB | DDR5 | 8000MHz | Viền Đá Quý Luxury,DDR5 Slot,6,Manual curated sheet,,MANUAL,,,,,95,6,38,78,65,0,10,"{""raw_key_specs"":""2x16GB | DDR5 | 8000MHz | Viền Đá Quý Luxury"",""socket_slot"":""DDR5 Slot"",""power_watts"":6,""module_count"":2,""module_capacity_gb"":16,""capacity_gb"":32,""kit_config"":""2x16GB"",""memory_type"":""DDR5"",""speed_mhz"":8000,""memory_slot"":""DDR5 Slot""}","{""base_performance_score"":95,""base_power_watts"":6,""base_heat_score"":38,""base_reliability_score"":78,""used_demand_score"":65,""mining_popularity_score"":0,""depreciation_rate"":10}",,
RAM,RAM,Kingston,kingston,FURY Beast RGB 16GB,Kingston FURY Beast RGB 16GB,kingston-fury-beast-rgb-16gb,,Mỹ,US,1x16GB | DDR5 | 5600MHz | Ram Quốc Dân,DDR5 Slot,4,Manual curated sheet,,MANUAL,,,,,79,4,32,88,65,0,10,"{""raw_key_specs"":""1x16GB | DDR5 | 5600MHz | Ram Quốc Dân"",""socket_slot"":""DDR5 Slot"",""power_watts"":4,""module_count"":1,""module_capacity_gb"":16,""capacity_gb"":16,""kit_config"":""1x16GB"",""memory_type"":""DDR5"",""speed_mhz"":5600,""memory_slot"":""DDR5 Slot""}","{""base_performance_score"":79,""base_power_watts"":4,""base_heat_score"":32,""base_reliability_score"":88,""used_demand_score"":65,""mining_popularity_score"":0,""depreciation_rate"":10}",,
RAM,RAM,TeamGroup,teamgroup,T-Force Delta RGB 32GB,TeamGroup T-Force Delta RGB 32GB,teamgroup-t-force-delta-rgb-32gb,,Đài Loan,TW,2x16GB | DDR5 | 6000MHz | Thiết Kế Cánh Chim,DDR5 Slot,5,Manual curated sheet,,MANUAL,,,,,91,5,35,78,65,0,10,"{""raw_key_specs"":""2x16GB | DDR5 | 6000MHz | Thiết Kế Cánh Chim"",""socket_slot"":""DDR5 Slot"",""power_watts"":5,""module_count"":2,""module_capacity_gb"":16,""capacity_gb"":32,""kit_config"":""2x16GB"",""memory_type"":""DDR5"",""speed_mhz"":6000,""memory_slot"":""DDR5 Slot""}","{""base_performance_score"":91,""base_power_watts"":5,""base_heat_score"":35,""base_reliability_score"":78,""used_demand_score"":65,""mining_popularity_score"":0,""depreciation_rate"":10}",,
RAM,RAM,Lexar,lexar,Thor OC 16GB,Lexar Thor OC 16GB,lexar-thor-oc-16gb,,Mỹ,US,2x8GB | DDR4 | 3600MHz | Tản Nhiệt Nhôm Xám Giá Tốt,DDR4 Slot,4,Manual curated sheet,,MANUAL,,,,,63,4,32,78,65,0,10,"{""raw_key_specs"":""2x8GB | DDR4 | 3600MHz | Tản Nhiệt Nhôm Xám Giá Tốt"",""socket_slot"":""DDR4 Slot"",""power_watts"":4,""module_count"":2,""module_capacity_gb"":8,""capacity_gb"":16,""kit_config"":""2x8GB"",""memory_type"":""DDR4"",""speed_mhz"":3600,""memory_slot"":""DDR4 Slot""}","{""base_performance_score"":63,""base_power_watts"":4,""base_heat_score"":32,""base_reliability_score"":78,""used_demand_score"":65,""mining_popularity_score"":0,""depreciation_rate"":10}",,
RAM,RAM,Hiksemi,hiksemi,Armor DDR4 8GB,Hiksemi Armor DDR4 8GB,hiksemi-armor-ddr4-8gb,,Trung Quốc,CN,1x8GB | DDR4 | 3200MHz | Hàng Giá Rẻ Phổ Thông,DDR4 Slot,3,Manual curated sheet,,MANUAL,,,,,55,3,29,60,52,0,10,"{""raw_key_specs"":""1x8GB | DDR4 | 3200MHz | Hàng Giá Rẻ Phổ Thông"",""socket_slot"":""DDR4 Slot"",""power_watts"":3,""module_count"":1,""module_capacity_gb"":8,""capacity_gb"":8,""kit_config"":""1x8GB"",""memory_type"":""DDR4"",""speed_mhz"":3200,""memory_slot"":""DDR4 Slot""}","{""base_performance_score"":55,""base_power_watts"":3,""base_heat_score"":29,""base_reliability_score"":60,""used_demand_score"":52,""mining_popularity_score"":0,""depreciation_rate"":10}",,
RAM,RAM,Netac,netac,Shadow RGB 16GB,Netac Shadow RGB 16GB,netac-shadow-rgb-16gb,,Trung Quốc,CN,2x8GB | DDR4 | 3200MHz | Hàng Giá Rẻ Có LED,DDR4 Slot,4,Manual curated sheet,,MANUAL,,,,,59,4,32,60,65,0,10,"{""raw_key_specs"":""2x8GB | DDR4 | 3200MHz | Hàng Giá Rẻ Có LED"",""socket_slot"":""DDR4 Slot"",""power_watts"":4,""module_count"":2,""module_capacity_gb"":8,""capacity_gb"":16,""kit_config"":""2x8GB"",""memory_type"":""DDR4"",""speed_mhz"":3200,""memory_slot"":""DDR4 Slot""}","{""base_performance_score"":59,""base_power_watts"":4,""base_heat_score"":32,""base_reliability_score"":60,""used_demand_score"":65,""mining_popularity_score"":0,""depreciation_rate"":10}",,
RAM,RAM,Juhor,juhor,Vanguard RGB 16GB,Juhor Vanguard RGB 16GB,juhor-vanguard-rgb-16gb,,Trung Quốc,CN,2x8GB | DDR4 | 3600MHz | Ram Nội Địa Giá Rẻ,DDR4 Slot,4,Manual curated sheet,,MANUAL,,,,,63,4,32,60,65,0,10,"{""raw_key_specs"":""2x8GB | DDR4 | 3600MHz | Ram Nội Địa Giá Rẻ"",""socket_slot"":""DDR4 Slot"",""power_watts"":4,""module_count"":2,""module_capacity_gb"":8,""capacity_gb"":16,""kit_config"":""2x8GB"",""memory_type"":""DDR4"",""speed_mhz"":3600,""memory_slot"":""DDR4 Slot""}","{""base_performance_score"":63,""base_power_watts"":4,""base_heat_score"":32,""base_reliability_score"":60,""used_demand_score"":65,""mining_popularity_score"":0,""depreciation_rate"":10}",,
Storage,STORAGE,Samsung,samsung,990 PRO 2TB,Samsung 990 PRO 2TB,samsung-990-pro-2tb,,Hàn Quốc,KR,NVMe PCIe Gen 4.0 | Đọc 7450MB/s | Ghi 6900MB/s,M.2 NVMe Slot,8,Manual curated sheet,,MANUAL,,,,,82,8,52,88,75,0,12,"{""raw_key_specs"":""NVMe PCIe Gen 4.0 | Đọc 7450MB/s | Ghi 6900MB/s"",""socket_slot"":""M.2 NVMe Slot"",""power_watts"":8,""storage_type"":""NVME_SSD"",""capacity_gb"":2048,""pcie_generation"":""Gen 4.0"",""sequential_read_mb_s"":7450,""sequential_write_mb_s"":6900,""storage_slot"":""M.2 NVMe Slot""}","{""base_performance_score"":82,""base_power_watts"":8,""base_heat_score"":52,""base_reliability_score"":88,""used_demand_score"":75,""mining_popularity_score"":0,""depreciation_rate"":12}",,
Storage,STORAGE,Samsung,samsung,990 EVO 1TB,Samsung 990 EVO 1TB,samsung-990-evo-1tb,,Hàn Quốc,KR,NVMe PCIe Gen 4.0/5.0 x2 | Tiết Kiệm Điện,M.2 NVMe Slot,6,Manual curated sheet,,MANUAL,,,,,82,6,44,88,75,0,12,"{""raw_key_specs"":""NVMe PCIe Gen 4.0/5.0 x2 | Tiết Kiệm Điện"",""socket_slot"":""M.2 NVMe Slot"",""power_watts"":6,""storage_type"":""NVME_SSD"",""capacity_gb"":1024,""pcie_generation"":""Gen 4.0"",""storage_slot"":""M.2 NVMe Slot""}","{""base_performance_score"":82,""base_power_watts"":6,""base_heat_score"":44,""base_reliability_score"":88,""used_demand_score"":75,""mining_popularity_score"":0,""depreciation_rate"":12}",,
Storage,STORAGE,Western Digital,western-digital,WD_BLACK SN850X 1TB,Western Digital WD_BLACK SN850X 1TB,western-digital-wd-black-sn850x-1tb,,Mỹ,US,NVMe PCIe Gen 4.0 | Chuyên Dụng Cho Gaming,M.2 NVMe Slot,8,Manual curated sheet,,MANUAL,,,,,82,8,52,88,75,0,12,"{""raw_key_specs"":""NVMe PCIe Gen 4.0 | Chuyên Dụng Cho Gaming"",""socket_slot"":""M.2 NVMe Slot"",""power_watts"":8,""storage_type"":""NVME_SSD"",""capacity_gb"":1024,""pcie_generation"":""Gen 4.0"",""storage_slot"":""M.2 NVMe Slot""}","{""base_performance_score"":82,""base_power_watts"":8,""base_heat_score"":52,""base_reliability_score"":88,""used_demand_score"":75,""mining_popularity_score"":0,""depreciation_rate"":12}",,
Storage,STORAGE,SanDisk,sandisk,Ultra 3D SATA III 1TB,SanDisk Ultra 3D SATA III 1TB,sandisk-ultra-3d-sata-iii-1tb,,Mỹ,US,SSD 2.5 inch | Đọc 560MB/s | Cắm Dây Cáp,SATA 3 Port,4,Manual curated sheet,,MANUAL,,,,,45,4,36,78,50,0,12,"{""raw_key_specs"":""SSD 2.5 inch | Đọc 560MB/s | Cắm Dây Cáp"",""socket_slot"":""SATA 3 Port"",""power_watts"":4,""storage_type"":""SATA_SSD"",""capacity_gb"":1024,""sequential_read_mb_s"":560,""storage_slot"":""SATA 3 Port""}","{""base_performance_score"":45,""base_power_watts"":4,""base_heat_score"":36,""base_reliability_score"":78,""used_demand_score"":50,""mining_popularity_score"":0,""depreciation_rate"":12}",,
Storage,STORAGE,Kingston,kingston,KC3000 1TB,Kingston KC3000 1TB,kingston-kc3000-1tb,,Mỹ,US,NVMe PCIe Gen 4.0 | Tốc Độ Cao P/P Cực Tốt,M.2 NVMe Slot,7,Manual curated sheet,,MANUAL,,,,,82,7,48,88,75,0,12,"{""raw_key_specs"":""NVMe PCIe Gen 4.0 | Tốc Độ Cao P/P Cực Tốt"",""socket_slot"":""M.2 NVMe Slot"",""power_watts"":7,""storage_type"":""NVME_SSD"",""capacity_gb"":1024,""pcie_generation"":""Gen 4.0"",""storage_slot"":""M.2 NVMe Slot""}","{""base_performance_score"":82,""base_power_watts"":7,""base_heat_score"":48,""base_reliability_score"":88,""used_demand_score"":75,""mining_popularity_score"":0,""depreciation_rate"":12}",,
Storage,STORAGE,Crucial,crucial,P3 Plus 500GB,Crucial P3 Plus 500GB,crucial-p3-plus-500gb,,Mỹ,US,NVMe PCIe Gen 4.0 | Phân Khúc Giá Rẻ Chính Hãng,M.2 NVMe Slot,5,Manual curated sheet,,MANUAL,,,,,82,5,40,88,75,0,12,"{""raw_key_specs"":""NVMe PCIe Gen 4.0 | Phân Khúc Giá Rẻ Chính Hãng"",""socket_slot"":""M.2 NVMe Slot"",""power_watts"":5,""storage_type"":""NVME_SSD"",""capacity_gb"":500,""pcie_generation"":""Gen 4.0"",""storage_slot"":""M.2 NVMe Slot""}","{""base_performance_score"":82,""base_power_watts"":5,""base_heat_score"":40,""base_reliability_score"":88,""used_demand_score"":75,""mining_popularity_score"":0,""depreciation_rate"":12}",,
Storage,STORAGE,Kioxia,kioxia,Exceria G2 1TB,Kioxia Exceria G2 1TB,kioxia-exceria-g2-1tb,,Nhật Bản,JP,NVMe PCIe Gen 3.0 | Ổ Cứng Ngon Bổ Rẻ Thần Thánh,M.2 NVMe Slot,5,Manual curated sheet,,MANUAL,,,,,65,5,40,78,75,0,12,"{""raw_key_specs"":""NVMe PCIe Gen 3.0 | Ổ Cứng Ngon Bổ Rẻ Thần Thánh"",""socket_slot"":""M.2 NVMe Slot"",""power_watts"":5,""storage_type"":""NVME_SSD"",""capacity_gb"":1024,""pcie_generation"":""Gen 3.0"",""storage_slot"":""M.2 NVMe Slot""}","{""base_performance_score"":65,""base_power_watts"":5,""base_heat_score"":40,""base_reliability_score"":78,""used_demand_score"":75,""mining_popularity_score"":0,""depreciation_rate"":12}",,
Storage,STORAGE,Seagate,seagate,Barrauda 2TB HDD,Seagate Barrauda 2TB HDD,seagate-barrauda-2tb-hdd,,Mỹ,US,Ổ Cứng Cơ 3.5 inch | 7200RPM | Lưu Trữ Dữ Liệu,SATA 3 Port,7,Manual curated sheet,,MANUAL,,,,,25,7,48,78,50,0,12,"{""raw_key_specs"":""Ổ Cứng Cơ 3.5 inch | 7200RPM | Lưu Trữ Dữ Liệu"",""socket_slot"":""SATA 3 Port"",""power_watts"":7,""storage_type"":""HDD"",""capacity_gb"":2048,""rpm"":7200,""storage_slot"":""SATA 3 Port""}","{""base_performance_score"":25,""base_power_watts"":7,""base_heat_score"":48,""base_reliability_score"":78,""used_demand_score"":50,""mining_popularity_score"":0,""depreciation_rate"":12}",,Suspicious model spelling: Barrauda may mean Barracuda; preserved from raw sheet.
Storage,STORAGE,Hiksemi,hiksemi,Future 1TB,Hiksemi Future 1TB,hiksemi-future-1tb,,Trung Quốc,CN,NVMe PCIe Gen 4.0 | Tốc Độ 7450MB/s Giá Siêu Tốt,M.2 NVMe Slot,6,Manual curated sheet,,MANUAL,,,,,82,6,44,60,75,0,12,"{""raw_key_specs"":""NVMe PCIe Gen 4.0 | Tốc Độ 7450MB/s Giá Siêu Tốt"",""socket_slot"":""M.2 NVMe Slot"",""power_watts"":6,""storage_type"":""NVME_SSD"",""capacity_gb"":1024,""pcie_generation"":""Gen 4.0"",""storage_slot"":""M.2 NVMe Slot""}","{""base_performance_score"":82,""base_power_watts"":6,""base_heat_score"":44,""base_reliability_score"":60,""used_demand_score"":75,""mining_popularity_score"":0,""depreciation_rate"":12}",,
Storage,STORAGE,Somnambulist,somnambulist,SATA III 120GB,Somnambulist SATA III 120GB,somnambulist-sata-iii-120gb,,Trung Quốc,CN,SSD 2.5 inch | Ổ Cỏ Siêu Rẻ Chỉ Hơn 100k,SATA 3 Port,3,Manual curated sheet,,MANUAL,,,,,45,3,32,60,50,0,12,"{""raw_key_specs"":""SSD 2.5 inch | Ổ Cỏ Siêu Rẻ Chỉ Hơn 100k"",""socket_slot"":""SATA 3 Port"",""power_watts"":3,""storage_type"":""SATA_SSD"",""capacity_gb"":120,""storage_slot"":""SATA 3 Port""}","{""base_performance_score"":45,""base_power_watts"":3,""base_heat_score"":32,""base_reliability_score"":60,""used_demand_score"":50,""mining_popularity_score"":0,""depreciation_rate"":12}",,
Storage,STORAGE,XrayDisk,xraydisk,NVMe 512GB,XrayDisk NVMe 512GB,xraydisk-nvme-512gb,,Trung Quốc,CN,NVMe PCIe Gen 3.0 | Ổ Cứng Giá Rẻ Trên Sàn TMĐT,M.2 NVMe Slot,5,Manual curated sheet,,MANUAL,,,,,65,5,40,60,75,0,12,"{""raw_key_specs"":""NVMe PCIe Gen 3.0 | Ổ Cứng Giá Rẻ Trên Sàn TMĐT"",""socket_slot"":""M.2 NVMe Slot"",""power_watts"":5,""storage_type"":""NVME_SSD"",""capacity_gb"":512,""pcie_generation"":""Gen 3.0"",""storage_slot"":""M.2 NVMe Slot""}","{""base_performance_score"":65,""base_power_watts"":5,""base_heat_score"":40,""base_reliability_score"":60,""used_demand_score"":75,""mining_popularity_score"":0,""depreciation_rate"":12}",,
Cooling,COOLER,Noctua,noctua,NH-D15 chromax.black,Noctua NH-D15 chromax.black,noctua-nh-d15-chromax-black,,Áo,AT,Tản Nhiệt Khí Tháp Đôi | Siêu Êm | Cân CPU Khủng,CPU Fan Header,5,Manual curated sheet,,MANUAL,,,,,80,5,40,88,70,0,9,"{""raw_key_specs"":""Tản Nhiệt Khí Tháp Đôi | Siêu Êm | Cân CPU Khủng"",""socket_slot"":""CPU Fan Header"",""power_watts"":5,""cooler_type"":""AIR"",""header"":""CPU Fan Header""}","{""base_performance_score"":80,""base_power_watts"":5,""base_heat_score"":40,""base_reliability_score"":88,""used_demand_score"":70,""mining_popularity_score"":0,""depreciation_rate"":9}",,
Cooling,COOLER,Thermalright,thermalright,Peerless Assassin 120 SE,Thermalright Peerless Assassin 120 SE,thermalright-peerless-assassin-120-se,,Đài Loan,TW,Tản Nhiệt Khí Tháp Đôi | Vua Ngon Bổ Rẻ,CPU Fan Header,4,Manual curated sheet,,MANUAL,,,,,80,4,40,78,70,0,9,"{""raw_key_specs"":""Tản Nhiệt Khí Tháp Đôi | Vua Ngon Bổ Rẻ"",""socket_slot"":""CPU Fan Header"",""power_watts"":4,""cooler_type"":""AIR"",""header"":""CPU Fan Header""}","{""base_performance_score"":80,""base_power_watts"":4,""base_heat_score"":40,""base_reliability_score"":78,""used_demand_score"":70,""mining_popularity_score"":0,""depreciation_rate"":9}",,
Cooling,COOLER,Deepcool,deepcool,LT720 ARGB,Deepcool LT720 ARGB,deepcool-lt720-argb,,Trung Quốc,CN,Tản Nhiệt Nước AIO 360mm | Vô Cực Khối,CPU Fan Header,15,Manual curated sheet,,MANUAL,,,,,88,15,36,78,70,0,9,"{""raw_key_specs"":""Tản Nhiệt Nước AIO 360mm | Vô Cực Khối"",""socket_slot"":""CPU Fan Header"",""power_watts"":15,""cooler_type"":""AIO"",""radiator_size_mm"":360,""header"":""CPU Fan Header""}","{""base_performance_score"":88,""base_power_watts"":15,""base_heat_score"":36,""base_reliability_score"":78,""used_demand_score"":70,""mining_popularity_score"":0,""depreciation_rate"":9}",,
Cooling,COOLER,NZXT,nzxt,Kraken Elite 360 RGB,NZXT Kraken Elite 360 RGB,nzxt-kraken-elite-360-rgb,,Mỹ,US,Tản Nước AIO 360mm | Màn Hình LCD Tròn Thay Đổi GIF,CPU Fan Header,18,Manual curated sheet,,MANUAL,,,,,88,18,36,88,70,0,9,"{""raw_key_specs"":""Tản Nước AIO 360mm | Màn Hình LCD Tròn Thay Đổi GIF"",""socket_slot"":""CPU Fan Header"",""power_watts"":18,""cooler_type"":""AIO"",""radiator_size_mm"":360,""header"":""CPU Fan Header""}","{""base_performance_score"":88,""base_power_watts"":18,""base_heat_score"":36,""base_reliability_score"":88,""used_demand_score"":70,""mining_popularity_score"":0,""depreciation_rate"":9}",,
Cooling,COOLER,Jonsbo,jonsbo,CR-1000 EVO RGB,Jonsbo CR-1000 EVO RGB,jonsbo-cr-1000-evo-rgb,,Trung Quốc,CN,Tản Nhiệt Khí Tháp Đơn | Tản Quốc Dân 300k,CPU Fan Header,3,Manual curated sheet,,MANUAL,,,,,60,3,50,78,70,0,9,"{""raw_key_specs"":""Tản Nhiệt Khí Tháp Đơn | Tản Quốc Dân 300k"",""socket_slot"":""CPU Fan Header"",""power_watts"":3,""cooler_type"":""AIR"",""header"":""CPU Fan Header""}","{""base_performance_score"":60,""base_power_watts"":3,""base_heat_score"":50,""base_reliability_score"":78,""used_demand_score"":70,""mining_popularity_score"":0,""depreciation_rate"":9}",,
Cooling,COOLER,ID-Cooling,id-cooling,SE-214-XT ARGB,ID-Cooling SE-214-XT ARGB,id-cooling-se-214-xt-argb,,Trung Quốc,CN,Tản Nhiệt Khí Tầm Trung Giá Rẻ 250k,CPU Fan Header,3,Manual curated sheet,,MANUAL,,,,,50,3,55,78,70,0,9,"{""raw_key_specs"":""Tản Nhiệt Khí Tầm Trung Giá Rẻ 250k"",""socket_slot"":""CPU Fan Header"",""power_watts"":3,""cooler_type"":""AIR"",""header"":""CPU Fan Header""}","{""base_performance_score"":50,""base_power_watts"":3,""base_heat_score"":55,""base_reliability_score"":78,""used_demand_score"":70,""mining_popularity_score"":0,""depreciation_rate"":9}",,
Cooling,COOLER,Arctic,arctic,Liquid Freezer III 360,Arctic Liquid Freezer III 360,arctic-liquid-freezer-iii-360,,Đức,DE,Tản Nước AIO Siêu Dày | Giải Nhiệt Cực Tốt,CPU Fan Header,12,Manual curated sheet,,MANUAL,,,,,88,12,36,78,70,0,9,"{""raw_key_specs"":""Tản Nước AIO Siêu Dày | Giải Nhiệt Cực Tốt"",""socket_slot"":""CPU Fan Header"",""power_watts"":12,""cooler_type"":""AIO"",""header"":""CPU Fan Header""}","{""base_performance_score"":88,""base_power_watts"":12,""base_heat_score"":36,""base_reliability_score"":78,""used_demand_score"":70,""mining_popularity_score"":0,""depreciation_rate"":9}",,
Cooling,COOLER,Valkyrie,valkyrie,Syn 360 ARGB,Valkyrie Syn 360 ARGB,valkyrie-syn-360-argb,,Trung Quốc,CN,Tản Nước AIO Cao Cấp Có Màn Hình LCD Vuông,CPU Fan Header,16,Manual curated sheet,,MANUAL,,,,,88,16,36,78,70,0,9,"{""raw_key_specs"":""Tản Nước AIO Cao Cấp Có Màn Hình LCD Vuông"",""socket_slot"":""CPU Fan Header"",""power_watts"":16,""cooler_type"":""AIO"",""header"":""CPU Fan Header""}","{""base_performance_score"":88,""base_power_watts"":16,""base_heat_score"":36,""base_reliability_score"":78,""used_demand_score"":70,""mining_popularity_score"":0,""depreciation_rate"":9}",,
Cooling,COOLER,VSP,vsp,V400 Plus,VSP V400 Plus,vsp-v400-plus,,Việt Nam,VN,Tản Khí Giá Rẻ Đèn LED Cố Định,CPU Fan Header,3,Manual curated sheet,,MANUAL,,,,,50,3,55,60,70,0,9,"{""raw_key_specs"":""Tản Khí Giá Rẻ Đèn LED Cố Định"",""socket_slot"":""CPU Fan Header"",""power_watts"":3,""cooler_type"":""AIR"",""header"":""CPU Fan Header""}","{""base_performance_score"":50,""base_power_watts"":3,""base_heat_score"":55,""base_reliability_score"":60,""used_demand_score"":70,""mining_popularity_score"":0,""depreciation_rate"":9}",,
PSU,PSU,Seasonic,seasonic,Focus GX-1000,Seasonic Focus GX-1000,seasonic-focus-gx-1000,,Đài Loan,TW,1000W | 80 Plus Gold | Full Modular,ATX Frame,1000,Manual curated sheet,,MANUAL,,,,,83,1000,45,96,70,0,8,"{""raw_key_specs"":""1000W | 80 Plus Gold | Full Modular"",""socket_slot"":""ATX Frame"",""power_watts"":1000,""wattage"":1000,""efficiency_rating"":""80 Plus Gold"",""psu_form_factor"":""ATX Frame""}","{""base_performance_score"":83,""base_power_watts"":1000,""base_heat_score"":45,""base_reliability_score"":96,""used_demand_score"":70,""mining_popularity_score"":0,""depreciation_rate"":8}",,
PSU,PSU,Corsair,corsair,RM850e ATX 3.0,Corsair RM850e ATX 3.0,corsair-rm850e-atx-3-0,,Mỹ,US,850W | 80 Plus Gold | Có Cổng PCIe 5.0 12VHPWR,ATX Frame,850,Manual curated sheet,,MANUAL,,,,,70,850,45,96,70,0,8,"{""raw_key_specs"":""850W | 80 Plus Gold | Có Cổng PCIe 5.0 12VHPWR"",""socket_slot"":""ATX Frame"",""power_watts"":850,""wattage"":850,""efficiency_rating"":""80 Plus Gold"",""psu_form_factor"":""ATX Frame"",""pcie_12vhpwr_support"":true,""pcie_5_support"":true}","{""base_performance_score"":70,""base_power_watts"":850,""base_heat_score"":45,""base_reliability_score"":96,""used_demand_score"":70,""mining_popularity_score"":0,""depreciation_rate"":8}",,
PSU,PSU,Super Flower,super-flower,Leadex III Gold 750W,Super Flower Leadex III Gold 750W,super-flower-leadex-iii-gold-750w,,Đài Loan,TW,750W | 80 Plus Gold | Độ Bền Siêu Cao,ATX Frame,750,Manual curated sheet,,MANUAL,,,,,62,750,45,96,70,0,8,"{""raw_key_specs"":""750W | 80 Plus Gold | Độ Bền Siêu Cao"",""socket_slot"":""ATX Frame"",""power_watts"":750,""wattage"":750,""efficiency_rating"":""80 Plus Gold"",""psu_form_factor"":""ATX Frame""}","{""base_performance_score"":62,""base_power_watts"":750,""base_heat_score"":45,""base_reliability_score"":96,""used_demand_score"":70,""mining_popularity_score"":0,""depreciation_rate"":8}",,
PSU,PSU,Antec,antec,Atom Zen 550W,Antec Atom Zen 550W,antec-atom-zen-550w,,Mỹ,US,550W | Chuẩn Nguồn Thường Cho Máy Văn Phòng,ATX Frame,550,Manual curated sheet,,MANUAL,,,,,45,550,30,78,70,0,8,"{""raw_key_specs"":""550W | Chuẩn Nguồn Thường Cho Máy Văn Phòng"",""socket_slot"":""ATX Frame"",""power_watts"":550,""wattage"":550,""psu_form_factor"":""ATX Frame""}","{""base_performance_score"":45,""base_power_watts"":550,""base_heat_score"":30,""base_reliability_score"":78,""used_demand_score"":70,""mining_popularity_score"":0,""depreciation_rate"":8}",,
PSU,PSU,Xigmatek,xigmatek,X-Power III 650,Xigmatek X-Power III 650,xigmatek-x-power-iii-650,,Đài Loan,TW,650W | Nguồn Giá Rẻ Cho Cấu Hình Tầm Trung,ATX Frame,650,Manual curated sheet,,MANUAL,,,,,54,650,45,45,70,0,8,"{""raw_key_specs"":""650W | Nguồn Giá Rẻ Cho Cấu Hình Tầm Trung"",""socket_slot"":""ATX Frame"",""power_watts"":650,""wattage"":650,""psu_form_factor"":""ATX Frame""}","{""base_performance_score"":54,""base_power_watts"":650,""base_heat_score"":45,""base_reliability_score"":45,""used_demand_score"":70,""mining_popularity_score"":0,""depreciation_rate"":8}",,
PSU,PSU,Jetek,jetek,Star ST500,Jetek Star ST500,jetek-star-st500,,Việt Nam,VN,500W | Nguồn Cỏ Giá Rẻ Lắp Máy Văn Phòng,ATX Frame,500,Manual curated sheet,,MANUAL,,,,,41,500,30,45,70,0,8,"{""raw_key_specs"":""500W | Nguồn Cỏ Giá Rẻ Lắp Máy Văn Phòng"",""socket_slot"":""ATX Frame"",""power_watts"":500,""wattage"":500,""psu_form_factor"":""ATX Frame""}","{""base_performance_score"":41,""base_power_watts"":500,""base_heat_score"":30,""base_reliability_score"":45,""used_demand_score"":70,""mining_popularity_score"":0,""depreciation_rate"":8}",,
PSU,PSU,Aigo,aigo,VK650,Aigo VK650,aigo-vk650,,Trung Quốc,CN,650W | Nguồn Giá Rẻ Phổ Biến Trên Shopee,ATX Frame,650,Manual curated sheet,,MANUAL,,,,,54,650,45,45,70,0,8,"{""raw_key_specs"":""650W | Nguồn Giá Rẻ Phổ Biến Trên Shopee"",""socket_slot"":""ATX Frame"",""power_watts"":650,""wattage"":650,""psu_form_factor"":""ATX Frame""}","{""base_performance_score"":54,""base_power_watts"":650,""base_heat_score"":45,""base_reliability_score"":45,""used_demand_score"":70,""mining_popularity_score"":0,""depreciation_rate"":8}",,
Case,CASE,Lian Li,lian-li,O11 Dynamic EVO,Lian Li O11 Dynamic EVO,lian-li-o11-dynamic-evo,,Đài Loan,TW,Vỏ Máy Bể Cá Kính Cường Lực | Sang Trọng,ATX Case Form,0,Manual curated sheet,,MANUAL,,,,,55,0,20,80,82,0,10,"{""raw_key_specs"":""Vỏ Máy Bể Cá Kính Cường Lực | Sang Trọng"",""socket_slot"":""ATX Case Form"",""power_watts"":0,""form_factor_support"":""ATX Case Form""}","{""base_performance_score"":55,""base_power_watts"":0,""base_heat_score"":20,""base_reliability_score"":80,""used_demand_score"":82,""mining_popularity_score"":0,""depreciation_rate"":10}",,
Case,CASE,NZXT,nzxt,H9 Flow White,NZXT H9 Flow White,nzxt-h9-flow-white,,Mỹ,US,Vỏ Máy Bể Cá Hai Mặt Kính Màu Trắng Tuyết,ATX Case Form,0,Manual curated sheet,,MANUAL,,,,,72,0,20,80,82,0,10,"{""raw_key_specs"":""Vỏ Máy Bể Cá Hai Mặt Kính Màu Trắng Tuyết"",""socket_slot"":""ATX Case Form"",""power_watts"":0,""form_factor_support"":""ATX Case Form""}","{""base_performance_score"":72,""base_power_watts"":0,""base_heat_score"":20,""base_reliability_score"":80,""used_demand_score"":82,""mining_popularity_score"":0,""depreciation_rate"":10}",,
Case,CASE,Montech,montech,Air 903 Max,Montech Air 903 Max,montech-air-903-max,,Đài Loan,TW,Vỏ Case Lưới Thoáng Khí | Tặng Kèm 4 Quạt ARGB,ATX Case Form,0,Manual curated sheet,,MANUAL,,,,,72,0,20,80,60,0,10,"{""raw_key_specs"":""Vỏ Case Lưới Thoáng Khí | Tặng Kèm 4 Quạt ARGB"",""socket_slot"":""ATX Case Form"",""power_watts"":0,""form_factor_support"":""ATX Case Form""}","{""base_performance_score"":72,""base_power_watts"":0,""base_heat_score"":20,""base_reliability_score"":80,""used_demand_score"":60,""mining_popularity_score"":0,""depreciation_rate"":10}",,
Case,CASE,Fractal Design,fractal-design,North Charcoal,Fractal Design North Charcoal,fractal-design-north-charcoal,,Thụy Điển,SE,Vỏ Máy Mặt Trước Ốp Gỗ Sồi | Phong Cách Bắc Âu,ATX Case Form,0,Manual curated sheet,,MANUAL,,,,,55,0,20,80,82,0,10,"{""raw_key_specs"":""Vỏ Máy Mặt Trước Ốp Gỗ Sồi | Phong Cách Bắc Âu"",""socket_slot"":""ATX Case Form"",""power_watts"":0,""form_factor_support"":""ATX Case Form""}","{""base_performance_score"":55,""base_power_watts"":0,""base_heat_score"":20,""base_reliability_score"":80,""used_demand_score"":82,""mining_popularity_score"":0,""depreciation_rate"":10}",,
Case,CASE,Hyte,hyte,Y70 Touch,Hyte Y70 Touch,hyte-y70-touch,,Mỹ,US,Vỏ Bể Cá Góc Vát Tích Hợp Màn Hình Cảm Ứng Lớn,ATX Case Form,0,Manual curated sheet,,MANUAL,,,,,55,0,20,80,82,0,10,"{""raw_key_specs"":""Vỏ Bể Cá Góc Vát Tích Hợp Màn Hình Cảm Ứng Lớn"",""socket_slot"":""ATX Case Form"",""power_watts"":0,""form_factor_support"":""ATX Case Form""}","{""base_performance_score"":55,""base_power_watts"":0,""base_heat_score"":20,""base_reliability_score"":80,""used_demand_score"":82,""mining_popularity_score"":0,""depreciation_rate"":10}",,
Case,CASE,Xigmatek,xigmatek,NYX 3F,Xigmatek NYX 3F,xigmatek-nyx-3f,,Đài Loan,TW,Vỏ Case M-ATX Nhỏ Gọn | Giá Rẻ Tặng 3 Quạt LED,Micro-ATX Form,0,Manual curated sheet,,MANUAL,,,,,55,0,20,60,60,0,10,"{""raw_key_specs"":""Vỏ Case M-ATX Nhỏ Gọn | Giá Rẻ Tặng 3 Quạt LED"",""socket_slot"":""Micro-ATX Form"",""power_watts"":0,""form_factor_support"":""Micro-ATX Form""}","{""base_performance_score"":55,""base_power_watts"":0,""base_heat_score"":20,""base_reliability_score"":60,""used_demand_score"":60,""mining_popularity_score"":0,""depreciation_rate"":10}",,
Case,CASE,VSP,vsp,G9 Premium,VSP G9 Premium,vsp-g9-premium,,Việt Nam,VN,Vỏ Máy Giá Rẻ Phổ Thông,ATX Case Form,0,Manual curated sheet,,MANUAL,,,,,55,0,20,60,60,0,10,"{""raw_key_specs"":""Vỏ Máy Giá Rẻ Phổ Thông"",""socket_slot"":""ATX Case Form"",""power_watts"":0,""form_factor_support"":""ATX Case Form""}","{""base_performance_score"":55,""base_power_watts"":0,""base_heat_score"":20,""base_reliability_score"":60,""used_demand_score"":60,""mining_popularity_score"":0,""depreciation_rate"":10}",,
Water_Cooling,WATER_COOLING,EKWB,ekwb,EK-Quantum Vector2 RTX 4090,EKWB EK-Quantum Vector2 RTX 4090,ekwb-ek-quantum-vector2-rtx-4090,,Slovenia,SI,Block Nước Custom Cho Card Đồ Họa Cao Cấp,Custom Loop,0,Manual curated sheet,,MANUAL,,,,,85,0,25,88,50,0,12,"{""raw_key_specs"":""Block Nước Custom Cho Card Đồ Họa Cao Cấp"",""socket_slot"":""Custom Loop"",""power_watts"":0,""watercooling_part_type"":""WATER_BLOCK"",""water_cooling_system"":""Custom Loop""}","{""base_performance_score"":85,""base_power_watts"":0,""base_heat_score"":25,""base_reliability_score"":88,""used_demand_score"":50,""mining_popularity_score"":0,""depreciation_rate"":12}",,
Water_Cooling,WATER_COOLING,Barrow,barrow,CPU Water Block Intel,Barrow CPU Water Block Intel,barrow-cpu-water-block-intel,,Trung Quốc,CN,Block Nước Custom Cho CPU Intel Giá Tốt,Custom Loop,0,Manual curated sheet,,MANUAL,,,,,60,0,25,60,50,0,12,"{""raw_key_specs"":""Block Nước Custom Cho CPU Intel Giá Tốt"",""socket_slot"":""Custom Loop"",""power_watts"":0,""watercooling_part_type"":""WATER_BLOCK"",""water_cooling_system"":""Custom Loop""}","{""base_performance_score"":60,""base_power_watts"":0,""base_heat_score"":25,""base_reliability_score"":60,""used_demand_score"":50,""mining_popularity_score"":0,""depreciation_rate"":12}",,
Water_Cooling,WATER_COOLING,Bykski,bykski,DDC Pump Combo 200mm,Bykski DDC Pump Combo 200mm,bykski-ddc-pump-combo-200mm,,Trung Quốc,CN,Bơm Kiêm Bình Chứa Nước Tản Custom Giá Rẻ,Custom Loop,15,Manual curated sheet,,MANUAL,,,,,75,15,25,60,50,0,12,"{""raw_key_specs"":""Bơm Kiêm Bình Chứa Nước Tản Custom Giá Rẻ"",""socket_slot"":""Custom Loop"",""power_watts"":15,""watercooling_part_type"":""PUMP"",""water_cooling_system"":""Custom Loop""}","{""base_performance_score"":75,""base_power_watts"":15,""base_heat_score"":25,""base_reliability_score"":60,""used_demand_score"":50,""mining_popularity_score"":0,""depreciation_rate"":12}",,
CPU,CPU,Intel,intel,Xeon E5-2678 v3,Intel Xeon E5-2678 v3,intel-xeon-e5-2678-v3,intel,Mỹ,US,12 Cores 24 Threads | 2.5GHz | Chuyên Cày Giả Lập,LGA2011-3,120,Manual curated sheet,,MANUAL,,,,,78,120,80,76,65,0,14,"{""raw_key_specs"":""12 Cores 24 Threads | 2.5GHz | Chuyên Cày Giả Lập"",""socket_slot"":""LGA2011-3"",""power_watts"":120,""cores"":12,""threads"":24,""socket"":""LGA2011-3""}","{""base_performance_score"":78,""base_power_watts"":120,""base_heat_score"":80,""base_reliability_score"":76,""used_demand_score"":65,""mining_popularity_score"":0,""depreciation_rate"":14}",,
CPU,CPU,Intel,intel,Xeon E5-2680 v4,Intel Xeon E5-2680 v4,intel-xeon-e5-2680-v4,intel,Mỹ,US,14 Cores 28 Threads | 2.4GHz | Chuyên Chạy Server,LGA2011-3,120,Manual curated sheet,,MANUAL,,,,,86,120,80,76,65,0,14,"{""raw_key_specs"":""14 Cores 28 Threads | 2.4GHz | Chuyên Chạy Server"",""socket_slot"":""LGA2011-3"",""power_watts"":120,""cores"":14,""threads"":28,""socket"":""LGA2011-3""}","{""base_performance_score"":86,""base_power_watts"":120,""base_heat_score"":80,""base_reliability_score"":76,""used_demand_score"":65,""mining_popularity_score"":0,""depreciation_rate"":14}",,
CPU,CPU,Intel,intel,Core i3-12100F,Intel Core i3-12100F,intel-core-i3-12100f,intel,Mỹ,US,4 Cores 8 Threads | Up to 4.3GHz | Gaming Giá Rẻ,LGA1700,58,Manual curated sheet,,MANUAL,,,,,59,58,49,88,55,0,8,"{""raw_key_specs"":""4 Cores 8 Threads | Up to 4.3GHz | Gaming Giá Rẻ"",""socket_slot"":""LGA1700"",""power_watts"":58,""cores"":4,""threads"":8,""boost_clock_ghz"":4.3,""socket"":""LGA1700""}","{""base_performance_score"":59,""base_power_watts"":58,""base_heat_score"":49,""base_reliability_score"":88,""used_demand_score"":55,""mining_popularity_score"":0,""depreciation_rate"":8}",,
CPU,CPU,Intel,intel,Core i7-14700K,Intel Core i7-14700K,intel-core-i7-14700k,intel,Mỹ,US,20 Cores 28 Threads | Up to 5.6GHz,LGA1700,125,Manual curated sheet,,MANUAL,,,,,98,125,82,88,55,0,8,"{""raw_key_specs"":""20 Cores 28 Threads | Up to 5.6GHz"",""socket_slot"":""LGA1700"",""power_watts"":125,""cores"":20,""threads"":28,""boost_clock_ghz"":5.6,""socket"":""LGA1700""}","{""base_performance_score"":98,""base_power_watts"":125,""base_heat_score"":82,""base_reliability_score"":88,""used_demand_score"":55,""mining_popularity_score"":0,""depreciation_rate"":8}",,
CPU,CPU,AMD,amd,Ryzen 5 7600,AMD Ryzen 5 7600,amd-ryzen-5-7600,amd,Mỹ,US,6 Cores 12 Threads | Up to 5.1GHz | Kèm Tản Wraith Stealth,AM5,65,Manual curated sheet,,MANUAL,,,,,75,65,52,88,55,0,8,"{""raw_key_specs"":""6 Cores 12 Threads | Up to 5.1GHz | Kèm Tản Wraith Stealth"",""socket_slot"":""AM5"",""power_watts"":65,""cores"":6,""threads"":12,""boost_clock_ghz"":5.1,""socket"":""AM5""}","{""base_performance_score"":75,""base_power_watts"":65,""base_heat_score"":52,""base_reliability_score"":88,""used_demand_score"":55,""mining_popularity_score"":0,""depreciation_rate"":8}",,
CPU,CPU,AMD,amd,Ryzen 9 7950X3D,AMD Ryzen 9 7950X3D,amd-ryzen-9-7950x3d,amd,Mỹ,US,16 Cores 32 Threads | 128MB V-Cache Siêu Cấp,AM5,120,Manual curated sheet,,MANUAL,,,,,100,120,80,88,70,0,8,"{""raw_key_specs"":""16 Cores 32 Threads | 128MB V-Cache Siêu Cấp"",""socket_slot"":""AM5"",""power_watts"":120,""cores"":16,""threads"":32,""socket"":""AM5""}","{""base_performance_score"":100,""base_power_watts"":120,""base_heat_score"":80,""base_reliability_score"":88,""used_demand_score"":70,""mining_popularity_score"":0,""depreciation_rate"":8}",,
CPU,CPU,AMD,amd,Ryzen 3 4100,AMD Ryzen 3 4100,amd-ryzen-3-4100,amd,Mỹ,US,4 Cores 8 Threads | Up to 4.0GHz | Chip Chống Cháy,AM4,65,Manual curated sheet,,MANUAL,,,,,56,65,52,88,55,0,8,"{""raw_key_specs"":""4 Cores 8 Threads | Up to 4.0GHz | Chip Chống Cháy"",""socket_slot"":""AM4"",""power_watts"":65,""cores"":4,""threads"":8,""boost_clock_ghz"":4.0,""socket"":""AM4""}","{""base_performance_score"":56,""base_power_watts"":65,""base_heat_score"":52,""base_reliability_score"":88,""used_demand_score"":55,""mining_popularity_score"":0,""depreciation_rate"":8}",,
GPU,GPU,NVIDIA,nvidia,GeForce RTX 4070 SUPER Founders Edition,NVIDIA GeForce RTX 4070 SUPER Founders Edition,nvidia-geforce-rtx-4070-super-founders-edition,nvidia,Mỹ,US,12GB GDDR6X | 192-bit,PCIe 4.0 x16,220,Manual curated sheet,,MANUAL,,,,,78,220,60,88,80,40,8,"{""raw_key_specs"":""12GB GDDR6X | 192-bit"",""socket_slot"":""PCIe 4.0 x16"",""power_watts"":220,""vram_gb"":12,""memory_type"":""GDDR6X"",""memory_bus_bit"":192,""slot_interface"":""PCIe 4.0 x16""}","{""base_performance_score"":78,""base_power_watts"":220,""base_heat_score"":60,""base_reliability_score"":88,""used_demand_score"":80,""mining_popularity_score"":40,""depreciation_rate"":8}",,
GPU,GPU,AMD,amd,Radeon RX 7600 XT,AMD Radeon RX 7600 XT,amd-radeon-rx-7600-xt,amd,Mỹ,US,16GB GDDR6 | 128-bit | Chiến Game 1080p,PCIe 4.0 x8,190,Manual curated sheet,,MANUAL,,,,,93,190,42,88,55,0,8,"{""raw_key_specs"":""16GB GDDR6 | 128-bit | Chiến Game 1080p"",""socket_slot"":""PCIe 4.0 x8"",""power_watts"":190,""vram_gb"":16,""memory_type"":""GDDR6"",""memory_bus_bit"":128,""slot_interface"":""PCIe 4.0 x8""}","{""base_performance_score"":93,""base_power_watts"":190,""base_heat_score"":42,""base_reliability_score"":88,""used_demand_score"":55,""mining_popularity_score"":0,""depreciation_rate"":8}",,
GPU,GPU,ASUS,asus,Dual RTX 4060 Ti EVO,ASUS Dual RTX 4060 Ti EVO,asus-dual-rtx-4060-ti-evo,nvidia,Đài Loan,TW,8GB GDDR6 | Bản 2 Quạt Nhỏ Gọn Cho Case Mini,PCIe 4.0 x8,160,Manual curated sheet,,MANUAL,,,,,65,160,45,88,75,35,8,"{""raw_key_specs"":""8GB GDDR6 | Bản 2 Quạt Nhỏ Gọn Cho Case Mini"",""socket_slot"":""PCIe 4.0 x8"",""power_watts"":160,""vram_gb"":8,""memory_type"":""GDDR6"",""slot_interface"":""PCIe 4.0 x8""}","{""base_performance_score"":65,""base_power_watts"":160,""base_heat_score"":45,""base_reliability_score"":88,""used_demand_score"":75,""mining_popularity_score"":35,""depreciation_rate"":8}",,
GPU,GPU,ASUS,asus,ROG Strix RX 7600 XT OC,ASUS ROG Strix RX 7600 XT OC,asus-rog-strix-rx-7600-xt-oc,amd,Đài Loan,TW,16GB GDDR6 | Bản Gaming Cao Cấp Đèn RGB,PCIe 4.0 x8,210,Manual curated sheet,,MANUAL,,,,,93,210,45,88,55,0,8,"{""raw_key_specs"":""16GB GDDR6 | Bản Gaming Cao Cấp Đèn RGB"",""socket_slot"":""PCIe 4.0 x8"",""power_watts"":210,""vram_gb"":16,""memory_type"":""GDDR6"",""slot_interface"":""PCIe 4.0 x8""}","{""base_performance_score"":93,""base_power_watts"":210,""base_heat_score"":45,""base_reliability_score"":88,""used_demand_score"":55,""mining_popularity_score"":0,""depreciation_rate"":8}",,
GPU,GPU,MSI,msi,RTX 4070 Ti SUPER Gaming X Slim,MSI RTX 4070 Ti SUPER Gaming X Slim,msi-rtx-4070-ti-super-gaming-x-slim,nvidia,Đài Loan,TW,16GB GDDR6X | Thiết Kế Mỏng Nhẹ,PCIe 4.0 x16,285,Manual curated sheet,,MANUAL,,,,,86,285,68,88,82,45,8,"{""raw_key_specs"":""16GB GDDR6X | Thiết Kế Mỏng Nhẹ"",""socket_slot"":""PCIe 4.0 x16"",""power_watts"":285,""vram_gb"":16,""memory_type"":""GDDR6X"",""slot_interface"":""PCIe 4.0 x16""}","{""base_performance_score"":86,""base_power_watts"":285,""base_heat_score"":68,""base_reliability_score"":88,""used_demand_score"":82,""mining_popularity_score"":45,""depreciation_rate"":8}",,
GPU,GPU,MSI,msi,GTX 1650 D6 Ventus XS,MSI GTX 1650 D6 Ventus XS,msi-gtx-1650-d6-ventus-xs,nvidia,Đài Loan,TW,4GB GDDR6 | Card Đồ Họa Quốc Dân Không Nguồn Phụ,PCIe 3.0 x16,75,Manual curated sheet,,MANUAL,,,,,32,75,25,88,65,5,8,"{""raw_key_specs"":""4GB GDDR6 | Card Đồ Họa Quốc Dân Không Nguồn Phụ"",""socket_slot"":""PCIe 3.0 x16"",""power_watts"":75,""vram_gb"":4,""memory_type"":""GDDR6"",""slot_interface"":""PCIe 3.0 x16""}","{""base_performance_score"":32,""base_power_watts"":75,""base_heat_score"":25,""base_reliability_score"":88,""used_demand_score"":65,""mining_popularity_score"":5,""depreciation_rate"":8}",,
GPU,GPU,GIGABYTE,gigabyte,GeForce RTX 4060 EAGLE OC,GIGABYTE GeForce RTX 4060 EAGLE OC,gigabyte-geforce-rtx-4060-eagle-oc,nvidia,Đài Loan,TW,8GB GDDR6 | Thiết Kế 3 Quạt Giá Tốt,PCIe 4.0 x8,115,Manual curated sheet,,MANUAL,,,,,58,115,35,88,78,25,8,"{""raw_key_specs"":""8GB GDDR6 | Thiết Kế 3 Quạt Giá Tốt"",""socket_slot"":""PCIe 4.0 x8"",""power_watts"":115,""vram_gb"":8,""memory_type"":""GDDR6"",""slot_interface"":""PCIe 4.0 x8""}","{""base_performance_score"":58,""base_power_watts"":115,""base_heat_score"":35,""base_reliability_score"":88,""used_demand_score"":78,""mining_popularity_score"":25,""depreciation_rate"":8}",,
GPU,GPU,GIGABYTE,gigabyte,Radeon RX 7900 GRE Gaming OC,GIGABYTE Radeon RX 7900 GRE Gaming OC,gigabyte-radeon-rx-7900-gre-gaming-oc,amd,Đài Loan,TW,16GB GDDR6 | Hiệu Năng Trên Giá Cực Tốt,PCIe 4.0 x16,260,Manual curated sheet,,MANUAL,,,,,85,260,75,88,78,50,8,"{""raw_key_specs"":""16GB GDDR6 | Hiệu Năng Trên Giá Cực Tốt"",""socket_slot"":""PCIe 4.0 x16"",""power_watts"":260,""vram_gb"":16,""memory_type"":""GDDR6"",""slot_interface"":""PCIe 4.0 x16""}","{""base_performance_score"":85,""base_power_watts"":260,""base_heat_score"":75,""base_reliability_score"":88,""used_demand_score"":78,""mining_popularity_score"":50,""depreciation_rate"":8}",,
GPU,GPU,ASRock,asrock,Radeon RX 7800 XT Steel Legend OC,ASRock Radeon RX 7800 XT Steel Legend OC,asrock-radeon-rx-7800-xt-steel-legend-oc,amd,Đài Loan,TW,16GB GDDR6 | Tông Màu Trắng Tuyết,PCIe 4.0 x16,263,Manual curated sheet,,MANUAL,,,,,80,263,72,88,80,45,8,"{""raw_key_specs"":""16GB GDDR6 | Tông Màu Trắng Tuyết"",""socket_slot"":""PCIe 4.0 x16"",""power_watts"":263,""vram_gb"":16,""memory_type"":""GDDR6"",""slot_interface"":""PCIe 4.0 x16""}","{""base_performance_score"":80,""base_power_watts"":263,""base_heat_score"":72,""base_reliability_score"":88,""used_demand_score"":80,""mining_popularity_score"":45,""depreciation_rate"":8}",,
GPU,GPU,ASRock,asrock,Arc A580 Challenger D,ASRock Arc A580 Challenger D,asrock-arc-a580-challenger-d,intel,Đài Loan,TW,8GB GDDR6 | Card Đồ Họa Intel Giá Rẻ,PCIe 4.0 x16,185,Manual curated sheet,,MANUAL,,,,,56,185,60,88,55,20,8,"{""raw_key_specs"":""8GB GDDR6 | Card Đồ Họa Intel Giá Rẻ"",""socket_slot"":""PCIe 4.0 x16"",""power_watts"":185,""vram_gb"":8,""memory_type"":""GDDR6"",""slot_interface"":""PCIe 4.0 x16""}","{""base_performance_score"":56,""base_power_watts"":185,""base_heat_score"":60,""base_reliability_score"":88,""used_demand_score"":55,""mining_popularity_score"":20,""depreciation_rate"":8}",,
GPU,GPU,Colorful,colorful,GeForce RTX 4060 NB EX V2,Colorful GeForce RTX 4060 NB EX V2,colorful-geforce-rtx-4060-nb-ex-v2,nvidia,Trung Quốc,CN,8GB GDDR6 | Bản Chiến Binh Đen Đỏ Giá Rẻ,PCIe 4.0 x8,115,Manual curated sheet,,MANUAL,,,,,58,115,35,78,78,25,8,"{""raw_key_specs"":""8GB GDDR6 | Bản Chiến Binh Đen Đỏ Giá Rẻ"",""socket_slot"":""PCIe 4.0 x8"",""power_watts"":115,""vram_gb"":8,""memory_type"":""GDDR6"",""slot_interface"":""PCIe 4.0 x8""}","{""base_performance_score"":58,""base_power_watts"":115,""base_heat_score"":35,""base_reliability_score"":78,""used_demand_score"":78,""mining_popularity_score"":25,""depreciation_rate"":8}",,
GPU,GPU,Zotac,zotac,RTX 4070 Super Twin Edge,Zotac RTX 4070 Super Twin Edge,zotac-rtx-4070-super-twin-edge,nvidia,Hong Kong,HK,12GB GDDR6X | Thiết Kế Bo Tròn Độc Đáo,PCIe 4.0 x16,220,Manual curated sheet,,MANUAL,,,,,78,220,60,78,80,40,8,"{""raw_key_specs"":""12GB GDDR6X | Thiết Kế Bo Tròn Độc Đáo"",""socket_slot"":""PCIe 4.0 x16"",""power_watts"":220,""vram_gb"":12,""memory_type"":""GDDR6X"",""slot_interface"":""PCIe 4.0 x16""}","{""base_performance_score"":78,""base_power_watts"":220,""base_heat_score"":60,""base_reliability_score"":78,""used_demand_score"":80,""mining_popularity_score"":40,""depreciation_rate"":8}",,
GPU,GPU,Sapphire,sapphire,Radeon RX 7900 XTX NITRO+,Sapphire Radeon RX 7900 XTX NITRO+,sapphire-radeon-rx-7900-xtx-nitro-plus,amd,Hong Kong,HK,24GB GDDR6 | Trùm Cuối Card Đồ Họa AMD,PCIe 4.0 x16,420,Manual curated sheet,,MANUAL,,,,,92,420,82,78,84,55,8,"{""raw_key_specs"":""24GB GDDR6 | Trùm Cuối Card Đồ Họa AMD"",""socket_slot"":""PCIe 4.0 x16"",""power_watts"":420,""vram_gb"":24,""memory_type"":""GDDR6"",""slot_interface"":""PCIe 4.0 x16""}","{""base_performance_score"":92,""base_power_watts"":420,""base_heat_score"":82,""base_reliability_score"":78,""used_demand_score"":84,""mining_popularity_score"":55,""depreciation_rate"":8}",,
GPU,GPU,PowerColor,powercolor,Hellhound RX 7800 XT,PowerColor Hellhound RX 7800 XT,powercolor-hellhound-rx-7800-xt,amd,Đài Loan,TW,16GB GDDR6 | Đèn LED Xanh Sương Mù,PCIe 4.0 x16,263,Manual curated sheet,,MANUAL,,,,,80,263,72,78,80,45,8,"{""raw_key_specs"":""16GB GDDR6 | Đèn LED Xanh Sương Mù"",""socket_slot"":""PCIe 4.0 x16"",""power_watts"":263,""vram_gb"":16,""memory_type"":""GDDR6"",""slot_interface"":""PCIe 4.0 x16""}","{""base_performance_score"":80,""base_power_watts"":263,""base_heat_score"":72,""base_reliability_score"":78,""used_demand_score"":80,""mining_popularity_score"":45,""depreciation_rate"":8}",,
GPU,GPU,XFX,xfx,Speedster MERC310 RX 7900 XT,XFX Speedster MERC310 RX 7900 XT,xfx-speedster-merc310-rx-7900-xt,amd,Mỹ,US,20GB GDDR6 | Thiết Kế Dài Hầm Hố Đậm Chất Mỹ,PCIe 4.0 x16,315,Manual curated sheet,,MANUAL,,,,,85,315,75,78,78,50,8,"{""raw_key_specs"":""20GB GDDR6 | Thiết Kế Dài Hầm Hố Đậm Chất Mỹ"",""socket_slot"":""PCIe 4.0 x16"",""power_watts"":315,""vram_gb"":20,""memory_type"":""GDDR6"",""slot_interface"":""PCIe 4.0 x16""}","{""base_performance_score"":85,""base_power_watts"":315,""base_heat_score"":75,""base_reliability_score"":78,""used_demand_score"":78,""mining_popularity_score"":50,""depreciation_rate"":8}",,
GPU,GPU,Palit,palit,RTX 4060 Dual,Palit RTX 4060 Dual,palit-rtx-4060-dual,nvidia,Đài Loan,TW,8GB GDDR6 | Card Giá Tốt Phổ Biến Tại Châu Âu,PCIe 4.0 x8,115,Manual curated sheet,,MANUAL,,,,,58,115,35,78,78,25,8,"{""raw_key_specs"":""8GB GDDR6 | Card Giá Tốt Phổ Biến Tại Châu Âu"",""socket_slot"":""PCIe 4.0 x8"",""power_watts"":115,""vram_gb"":8,""memory_type"":""GDDR6"",""slot_interface"":""PCIe 4.0 x8""}","{""base_performance_score"":58,""base_power_watts"":115,""base_heat_score"":35,""base_reliability_score"":78,""used_demand_score"":78,""mining_popularity_score"":25,""depreciation_rate"":8}",,
GPU,GPU,Gainward,gainward,RTX 4070 Ghost,Gainward RTX 4070 Ghost,gainward-rtx-4070-ghost,nvidia,Đài Loan,TW,12GB GDDR6X | Thiết Kế Đen Tuyền Không Đèn LED,PCIe 4.0 x16,200,Manual curated sheet,,MANUAL,,,,,78,200,60,78,80,40,8,"{""raw_key_specs"":""12GB GDDR6X | Thiết Kế Đen Tuyền Không Đèn LED"",""socket_slot"":""PCIe 4.0 x16"",""power_watts"":200,""vram_gb"":12,""memory_type"":""GDDR6X"",""slot_interface"":""PCIe 4.0 x16""}","{""base_performance_score"":78,""base_power_watts"":200,""base_heat_score"":60,""base_reliability_score"":78,""used_demand_score"":80,""mining_popularity_score"":40,""depreciation_rate"":8}",,
GPU,GPU,Afox,afox,GTX 1050 Ti 4GB,Afox GTX 1050 Ti 4GB,afox-gtx-1050-ti-4gb,nvidia,Hong Kong,HK,4GB GDDR5 | Card Cỏ Lắp Máy Mượt LoL/Fifa,PCIe 3.0 x16,75,Manual curated sheet,,MANUAL,,,,,25,75,25,60,65,3,13,"{""raw_key_specs"":""4GB GDDR5 | Card Cỏ Lắp Máy Mượt LoL/Fifa"",""socket_slot"":""PCIe 3.0 x16"",""power_watts"":75,""vram_gb"":4,""memory_type"":""GDDR5"",""slot_interface"":""PCIe 3.0 x16""}","{""base_performance_score"":25,""base_power_watts"":75,""base_heat_score"":25,""base_reliability_score"":60,""used_demand_score"":65,""mining_popularity_score"":3,""depreciation_rate"":13}",,
GPU,GPU,MLLSE,mllse,AMD Radeon RX 550 4GB,MLLSE AMD Radeon RX 550 4GB,mllse-amd-radeon-rx-550-4gb,amd,Trung Quốc,CN,4GB GDDR5 | Card Xuất Hình Giá Siêu Rẻ Shopee,PCIe 3.0 x8,50,Manual curated sheet,,MANUAL,,,,,18,50,22,60,50,2,13,"{""raw_key_specs"":""4GB GDDR5 | Card Xuất Hình Giá Siêu Rẻ Shopee"",""socket_slot"":""PCIe 3.0 x8"",""power_watts"":50,""vram_gb"":4,""memory_type"":""GDDR5"",""slot_interface"":""PCIe 3.0 x8""}","{""base_performance_score"":18,""base_power_watts"":50,""base_heat_score"":22,""base_reliability_score"":60,""used_demand_score"":50,""mining_popularity_score"":2,""depreciation_rate"":13}",,
Mainboard,MOTHERBOARD,ASUS,asus,ROG STRIX B760-A GAMING WIFI,ASUS ROG STRIX B760-A GAMING WIFI,asus-rog-strix-b760-a-gaming-wifi,intel,Đài Loan,TW,Chipset B760 | ATX | Tông Trắng Bạc,LGA1700 (DDR5),0,Manual curated sheet,,MANUAL,,,,,65,0,25,88,65,0,10,"{""raw_key_specs"":""Chipset B760 | ATX | Tông Trắng Bạc"",""socket_slot"":""LGA1700 (DDR5)"",""power_watts"":0,""chipset"":""B760"",""form_factor"":""ATX"",""socket"":""LGA1700"",""memory_type"":""DDR5""}","{""base_performance_score"":65,""base_power_watts"":0,""base_heat_score"":25,""base_reliability_score"":88,""used_demand_score"":65,""mining_popularity_score"":0,""depreciation_rate"":10}",,
Mainboard,MOTHERBOARD,ASUS,asus,PRIME H610M-K,ASUS PRIME H610M-K,asus-prime-h610m-k,intel,Đài Loan,TW,Chipset H610 | M-ATX | Mainboard Văn Phòng Quốc Dân,LGA1700 (DDR4),0,Manual curated sheet,,MANUAL,,,,,40,0,25,88,65,0,10,"{""raw_key_specs"":""Chipset H610 | M-ATX | Mainboard Văn Phòng Quốc Dân"",""socket_slot"":""LGA1700 (DDR4)"",""power_watts"":0,""chipset"":""H610"",""form_factor"":""M-ATX"",""socket"":""LGA1700"",""memory_type"":""DDR4""}","{""base_performance_score"":40,""base_power_watts"":0,""base_heat_score"":25,""base_reliability_score"":88,""used_demand_score"":65,""mining_popularity_score"":0,""depreciation_rate"":10}",,
Mainboard,MOTHERBOARD,MSI,msi,PRO B760M-E,MSI PRO B760M-E,msi-pro-b760m-e,intel,Đài Loan,TW,Chipset B760 | M-ATX | Cấu Hình Tối Giản Giá Rẻ,LGA1700 (DDR4),0,Manual curated sheet,,MANUAL,,,,,65,0,25,88,65,0,10,"{""raw_key_specs"":""Chipset B760 | M-ATX | Cấu Hình Tối Giản Giá Rẻ"",""socket_slot"":""LGA1700 (DDR4)"",""power_watts"":0,""chipset"":""B760"",""form_factor"":""M-ATX"",""socket"":""LGA1700"",""memory_type"":""DDR4""}","{""base_performance_score"":65,""base_power_watts"":0,""base_heat_score"":25,""base_reliability_score"":88,""used_demand_score"":65,""mining_popularity_score"":0,""depreciation_rate"":10}",,
Mainboard,MOTHERBOARD,MSI,msi,MPG X670E CARBON WIFI,MSI MPG X670E CARBON WIFI,msi-mpg-x670e-carbon-wifi,amd,Đài Loan,TW,Chipset X670E | ATX | Phân Khúc Cận Cao Cấp,AM5 (DDR5),0,Manual curated sheet,,MANUAL,,,,,80,0,25,88,65,0,10,"{""raw_key_specs"":""Chipset X670E | ATX | Phân Khúc Cận Cao Cấp"",""socket_slot"":""AM5 (DDR5)"",""power_watts"":0,""chipset"":""X670E"",""form_factor"":""ATX"",""socket"":""AM5"",""memory_type"":""DDR5""}","{""base_performance_score"":80,""base_power_watts"":0,""base_heat_score"":25,""base_reliability_score"":88,""used_demand_score"":65,""mining_popularity_score"":0,""depreciation_rate"":10}",,
Mainboard,MOTHERBOARD,GIGABYTE,gigabyte,Z890 AORUS ELITE WIFI,GIGABYTE Z890 AORUS ELITE WIFI,gigabyte-z890-aorus-elite-wifi,intel,Đài Loan,TW,Chipset Z890 | ATX | Thiết Kế Đậm Chất Gaming,LGA1851 (DDR5),0,Manual curated sheet,,MANUAL,,,,,80,0,25,88,65,0,10,"{""raw_key_specs"":""Chipset Z890 | ATX | Thiết Kế Đậm Chất Gaming"",""socket_slot"":""LGA1851 (DDR5)"",""power_watts"":0,""chipset"":""Z890"",""form_factor"":""ATX"",""socket"":""LGA1851"",""memory_type"":""DDR5""}","{""base_performance_score"":80,""base_power_watts"":0,""base_heat_score"":25,""base_reliability_score"":88,""used_demand_score"":65,""mining_popularity_score"":0,""depreciation_rate"":10}",,
Mainboard,MOTHERBOARD,GIGABYTE,gigabyte,H610M H V2,GIGABYTE H610M H V2,gigabyte-h610m-h-v2,intel,Đài Loan,TW,Chipset H610 | M-ATX | Bo Mạch Giá Rẻ Đáng Tin Cậy,LGA1700 (DDR4),0,Manual curated sheet,,MANUAL,,,,,40,0,25,88,65,0,10,"{""raw_key_specs"":""Chipset H610 | M-ATX | Bo Mạch Giá Rẻ Đáng Tin Cậy"",""socket_slot"":""LGA1700 (DDR4)"",""power_watts"":0,""chipset"":""H610"",""form_factor"":""M-ATX"",""socket"":""LGA1700"",""memory_type"":""DDR4""}","{""base_performance_score"":40,""base_power_watts"":0,""base_heat_score"":25,""base_reliability_score"":88,""used_demand_score"":65,""mining_popularity_score"":0,""depreciation_rate"":10}",,
Mainboard,MOTHERBOARD,ASRock,asrock,B650M Pro RS,ASRock B650M Pro RS,asrock-b650m-pro-rs,amd,Đài Loan,TW,Chipset B650 | M-ATX | Vua P/P Cho AMD Ryzen 7000,AM5 (DDR5),0,Manual curated sheet,,MANUAL,,,,,65,0,25,88,65,0,10,"{""raw_key_specs"":""Chipset B650 | M-ATX | Vua P/P Cho AMD Ryzen 7000"",""socket_slot"":""AM5 (DDR5)"",""power_watts"":0,""chipset"":""B650"",""form_factor"":""M-ATX"",""socket"":""AM5"",""memory_type"":""DDR5""}","{""base_performance_score"":65,""base_power_watts"":0,""base_heat_score"":25,""base_reliability_score"":88,""used_demand_score"":65,""mining_popularity_score"":0,""depreciation_rate"":10}",,
Mainboard,MOTHERBOARD,ASRock,asrock,H110M-DVS,ASRock H110M-DVS,asrock-h110m-dvs,intel,Đài Loan,TW,Chipset H110 | M-ATX | Huyền Thoại Chạy Chip Intel Gen 6/7,LGA1151 (DDR4),0,Manual curated sheet,,MANUAL,,,,,40,0,25,88,65,0,10,"{""raw_key_specs"":""Chipset H110 | M-ATX | Huyền Thoại Chạy Chip Intel Gen 6/7"",""socket_slot"":""LGA1151 (DDR4)"",""power_watts"":0,""chipset"":""H110"",""form_factor"":""M-ATX"",""socket"":""LGA1151"",""memory_type"":""DDR4""}","{""base_performance_score"":40,""base_power_watts"":0,""base_heat_score"":25,""base_reliability_score"":88,""used_demand_score"":65,""mining_popularity_score"":0,""depreciation_rate"":10}",,
Mainboard,MOTHERBOARD,Biostar,biostar,H610MH,Biostar H610MH,biostar-h610mh,intel,Đài Loan,TW,Chipset H610 | M-ATX | Bo Mạch Siêu Tiết Kiệm Ngân Sách,LGA1700 (DDR4),0,Manual curated sheet,,MANUAL,,,,,40,0,25,78,65,0,10,"{""raw_key_specs"":""Chipset H610 | M-ATX | Bo Mạch Siêu Tiết Kiệm Ngân Sách"",""socket_slot"":""LGA1700 (DDR4)"",""power_watts"":0,""chipset"":""H610"",""form_factor"":""M-ATX"",""socket"":""LGA1700"",""memory_type"":""DDR4""}","{""base_performance_score"":40,""base_power_watts"":0,""base_heat_score"":25,""base_reliability_score"":78,""used_demand_score"":65,""mining_popularity_score"":0,""depreciation_rate"":10}",,
Mainboard,MOTHERBOARD,Huananzhi,huananzhi,X99-BD4,Huananzhi X99-BD4,huananzhi-x99-bd4,intel,Trung Quốc,CN,Chipset X99 | ATX | Bản Có 2 Quạt Tản Nhiệt VRM Nhỏ,LGA2011-3 (DDR4),0,Manual curated sheet,,MANUAL,,,,,40,0,25,48,73,0,10,"{""raw_key_specs"":""Chipset X99 | ATX | Bản Có 2 Quạt Tản Nhiệt VRM Nhỏ"",""socket_slot"":""LGA2011-3 (DDR4)"",""power_watts"":0,""chipset"":""X99"",""form_factor"":""ATX"",""socket"":""LGA2011-3"",""memory_type"":""DDR4""}","{""base_performance_score"":40,""base_power_watts"":0,""base_heat_score"":25,""base_reliability_score"":48,""used_demand_score"":73,""mining_popularity_score"":0,""depreciation_rate"":10}",,
Mainboard,MOTHERBOARD,Soyo,soyo,Classic B550M,Soyo Classic B550M,soyo-classic-b550m,amd,Trung Quốc,CN,Chipset B550 | M-ATX | Hàng Nội Địa Khóa Xung Tốt,AM4 (DDR4),0,Manual curated sheet,,MANUAL,,,,,50,0,25,48,73,0,10,"{""raw_key_specs"":""Chipset B550 | M-ATX | Hàng Nội Địa Khóa Xung Tốt"",""socket_slot"":""AM4 (DDR4)"",""power_watts"":0,""chipset"":""B550"",""form_factor"":""M-ATX"",""socket"":""AM4"",""memory_type"":""DDR4""}","{""base_performance_score"":50,""base_power_watts"":0,""base_heat_score"":25,""base_reliability_score"":48,""used_demand_score"":73,""mining_popularity_score"":0,""depreciation_rate"":10}",,
Mainboard,MOTHERBOARD,Onda,onda,A68V+ Smart,Onda A68V+ Smart,onda-a68v-plus-smart,amd,Trung Quốc,CN,Chipset AMD A68H | Chạy Các Dòng APU AMD Đời Cũ,FM2+ (DDR3),0,Manual curated sheet,,MANUAL,,,,,40,0,25,48,73,0,10,"{""raw_key_specs"":""Chipset AMD A68H | Chạy Các Dòng APU AMD Đời Cũ"",""socket_slot"":""FM2+ (DDR3)"",""power_watts"":0,""chipset"":""AMD"",""socket"":""FM2+"",""memory_type"":""DDR3""}","{""base_performance_score"":40,""base_power_watts"":0,""base_heat_score"":25,""base_reliability_score"":48,""used_demand_score"":73,""mining_popularity_score"":0,""depreciation_rate"":10}",,
RAM,RAM,Kingston,kingston,FURY Renegade RGB 32GB,Kingston FURY Renegade RGB 32GB,kingston-fury-renegade-rgb-32gb,,Mỹ,US,2x16GB | DDR5 | 6400MHz | Cas Thấp Độ Trễ Nhỏ,DDR5 Slot,5,Manual curated sheet,,MANUAL,,,,,94,5,35,88,65,0,10,"{""raw_key_specs"":""2x16GB | DDR5 | 6400MHz | Cas Thấp Độ Trễ Nhỏ"",""socket_slot"":""DDR5 Slot"",""power_watts"":5,""module_count"":2,""module_capacity_gb"":16,""capacity_gb"":32,""kit_config"":""2x16GB"",""memory_type"":""DDR5"",""speed_mhz"":6400,""memory_slot"":""DDR5 Slot""}","{""base_performance_score"":94,""base_power_watts"":5,""base_heat_score"":35,""base_reliability_score"":88,""used_demand_score"":65,""mining_popularity_score"":0,""depreciation_rate"":10}",,
RAM,RAM,Kingston,kingston,ValueRAM 8GB,Kingston ValueRAM 8GB,kingston-valueram-8gb,,Mỹ,US,1x8GB | DDR4 | 2666MHz | Bo Mạch Xanh Không Tản Nhiệt,DDR4 Slot,3,Manual curated sheet,,MANUAL,,,,,51,3,29,88,52,0,10,"{""raw_key_specs"":""1x8GB | DDR4 | 2666MHz | Bo Mạch Xanh Không Tản Nhiệt"",""socket_slot"":""DDR4 Slot"",""power_watts"":3,""module_count"":1,""module_capacity_gb"":8,""capacity_gb"":8,""kit_config"":""1x8GB"",""memory_type"":""DDR4"",""speed_mhz"":2666,""memory_slot"":""DDR4 Slot""}","{""base_performance_score"":51,""base_power_watts"":3,""base_heat_score"":29,""base_reliability_score"":88,""used_demand_score"":52,""mining_popularity_score"":0,""depreciation_rate"":10}",,
RAM,RAM,SK Hynix,sk-hynix,DDR5 Desktop Memory 16GB,SK Hynix DDR5 Desktop Memory 16GB,sk-hynix-ddr5-desktop-memory-16gb,,Hàn Quốc,KR,1x16GB | DDR5 | 5600MHz | Ram Trần Chuyên Ép Xung,DDR5 Slot,4,Manual curated sheet,,MANUAL,,,,,79,4,32,88,65,0,10,"{""raw_key_specs"":""1x16GB | DDR5 | 5600MHz | Ram Trần Chuyên Ép Xung"",""socket_slot"":""DDR5 Slot"",""power_watts"":4,""module_count"":1,""module_capacity_gb"":16,""capacity_gb"":16,""kit_config"":""1x16GB"",""memory_type"":""DDR5"",""speed_mhz"":5600,""memory_slot"":""DDR5 Slot""}","{""base_performance_score"":79,""base_power_watts"":4,""base_heat_score"":32,""base_reliability_score"":88,""used_demand_score"":65,""mining_popularity_score"":0,""depreciation_rate"":10}",,
RAM,RAM,Crucial,crucial,Basics 8GB,Crucial Basics 8GB,crucial-basics-8gb,,Mỹ,US,1x8GB | DDR4 | 3200MHz | Ram Trần Giá Rẻ Độ Bền Cao,DDR4 Slot,3,Manual curated sheet,,MANUAL,,,,,55,3,29,88,52,0,10,"{""raw_key_specs"":""1x8GB | DDR4 | 3200MHz | Ram Trần Giá Rẻ Độ Bền Cao"",""socket_slot"":""DDR4 Slot"",""power_watts"":3,""module_count"":1,""module_capacity_gb"":8,""capacity_gb"":8,""kit_config"":""1x8GB"",""memory_type"":""DDR4"",""speed_mhz"":3200,""memory_slot"":""DDR4 Slot""}","{""base_performance_score"":55,""base_power_watts"":3,""base_heat_score"":29,""base_reliability_score"":88,""used_demand_score"":52,""mining_popularity_score"":0,""depreciation_rate"":10}",,
RAM,RAM,Patriot,patriot,Viper Steel 16GB,Patriot Viper Steel 16GB,patriot-viper-steel-16gb,,Mỹ,US,2x8GB | DDR4 | 3200MHz | Tản Thép Xám Góc Cạnh,DDR4 Slot,4,Manual curated sheet,,MANUAL,,,,,59,4,32,78,65,0,10,"{""raw_key_specs"":""2x8GB | DDR4 | 3200MHz | Tản Thép Xám Góc Cạnh"",""socket_slot"":""DDR4 Slot"",""power_watts"":4,""module_count"":2,""module_capacity_gb"":8,""capacity_gb"":16,""kit_config"":""2x8GB"",""memory_type"":""DDR4"",""speed_mhz"":3200,""memory_slot"":""DDR4 Slot""}","{""base_performance_score"":59,""base_power_watts"":4,""base_heat_score"":32,""base_reliability_score"":78,""used_demand_score"":65,""mining_popularity_score"":0,""depreciation_rate"":10}",,
RAM,RAM,ADATA,adata,XPG SPECTRIX D50 RGB 16GB,ADATA XPG SPECTRIX D50 RGB 16GB,adata-xpg-spectrix-d50-rgb-16gb,,Đài Loan,TW,2x8GB | DDR4 | 3200MHz | Thiết Kế Hình Khối,DDR4 Slot,4,Manual curated sheet,,MANUAL,,,,,59,4,32,78,65,0,10,"{""raw_key_specs"":""2x8GB | DDR4 | 3200MHz | Thiết Kế Hình Khối"",""socket_slot"":""DDR4 Slot"",""power_watts"":4,""module_count"":2,""module_capacity_gb"":8,""capacity_gb"":16,""kit_config"":""2x8GB"",""memory_type"":""DDR4"",""speed_mhz"":3200,""memory_slot"":""DDR4 Slot""}","{""base_performance_score"":59,""base_power_watts"":4,""base_heat_score"":32,""base_reliability_score"":78,""used_demand_score"":65,""mining_popularity_score"":0,""depreciation_rate"":10}",,
RAM,RAM,Kingmax,kingmax,Heatsink 8GB,Kingmax Heatsink 8GB,kingmax-heatsink-8gb,,Đài Loan,TW,1x8GB | DDR4 | 3200MHz | Tản Nhiệt Nhôm Cơ Bản Giá Rẻ,DDR4 Slot,3,Manual curated sheet,,MANUAL,,,,,55,3,29,78,52,0,10,"{""raw_key_specs"":""1x8GB | DDR4 | 3200MHz | Tản Nhiệt Nhôm Cơ Bản Giá Rẻ"",""socket_slot"":""DDR4 Slot"",""power_watts"":3,""module_count"":1,""module_capacity_gb"":8,""capacity_gb"":8,""kit_config"":""1x8GB"",""memory_type"":""DDR4"",""speed_mhz"":3200,""memory_slot"":""DDR4 Slot""}","{""base_performance_score"":55,""base_power_watts"":3,""base_heat_score"":29,""base_reliability_score"":78,""used_demand_score"":52,""mining_popularity_score"":0,""depreciation_rate"":10}",,
RAM,RAM,Asgard,asgard,Loki W2 RGB 16GB,Asgard Loki W2 RGB 16GB,asgard-loki-w2-rgb-16gb,,Trung Quốc,CN,2x8GB | DDR4 | 3200MHz | Ram Nội Địa Led Đẹp,DDR4 Slot,4,Manual curated sheet,,MANUAL,,,,,59,4,32,60,65,0,10,"{""raw_key_specs"":""2x8GB | DDR4 | 3200MHz | Ram Nội Địa Led Đẹp"",""socket_slot"":""DDR4 Slot"",""power_watts"":4,""module_count"":2,""module_capacity_gb"":8,""capacity_gb"":16,""kit_config"":""2x8GB"",""memory_type"":""DDR4"",""speed_mhz"":3200,""memory_slot"":""DDR4 Slot""}","{""base_performance_score"":59,""base_power_watts"":4,""base_heat_score"":32,""base_reliability_score"":60,""used_demand_score"":65,""mining_popularity_score"":0,""depreciation_rate"":10}",,
RAM,RAM,Gloway,gloway,Type A 8GB,Gloway Type A 8GB,gloway-type-a-8gb,,Trung Quốc,CN,1x8GB | DDR4 | 2666MHz | Ram Giá Rẻ Cho Máy Văn Phòng,DDR4 Slot,3,Manual curated sheet,,MANUAL,,,,,51,3,29,60,52,0,10,"{""raw_key_specs"":""1x8GB | DDR4 | 2666MHz | Ram Giá Rẻ Cho Máy Văn Phòng"",""socket_slot"":""DDR4 Slot"",""power_watts"":3,""module_count"":1,""module_capacity_gb"":8,""capacity_gb"":8,""kit_config"":""1x8GB"",""memory_type"":""DDR4"",""speed_mhz"":2666,""memory_slot"":""DDR4 Slot""}","{""base_performance_score"":51,""base_power_watts"":3,""base_heat_score"":29,""base_reliability_score"":60,""used_demand_score"":52,""mining_popularity_score"":0,""depreciation_rate"":10}",,
RAM,RAM,Aigo,aigo,Dark Knight 16GB,Aigo Dark Knight 16GB,aigo-dark-knight-16gb,,Trung Quốc,CN,2x8GB | DDR4 | 3200MHz | Hàng Nội Địa Đen Tuyền,DDR4 Slot,4,Manual curated sheet,,MANUAL,,,,,59,4,32,60,65,0,10,"{""raw_key_specs"":""2x8GB | DDR4 | 3200MHz | Hàng Nội Địa Đen Tuyền"",""socket_slot"":""DDR4 Slot"",""power_watts"":4,""module_count"":2,""module_capacity_gb"":8,""capacity_gb"":16,""kit_config"":""2x8GB"",""memory_type"":""DDR4"",""speed_mhz"":3200,""memory_slot"":""DDR4 Slot""}","{""base_performance_score"":59,""base_power_watts"":4,""base_heat_score"":32,""base_reliability_score"":60,""used_demand_score"":65,""mining_popularity_score"":0,""depreciation_rate"":10}",,
Storage,STORAGE,Samsung,samsung,980 PCIe Gen 3.0 500GB,Samsung 980 PCIe Gen 3.0 500GB,samsung-980-pcie-gen-3-0-500gb,,Hàn Quốc,KR,NVMe PCIe Gen 3.0 | Ổ Cứng Cao Cấp Đời Cũ,M.2 NVMe Slot,5,Manual curated sheet,,MANUAL,,,,,65,5,40,88,75,0,12,"{""raw_key_specs"":""NVMe PCIe Gen 3.0 | Ổ Cứng Cao Cấp Đời Cũ"",""socket_slot"":""M.2 NVMe Slot"",""power_watts"":5,""storage_type"":""NVME_SSD"",""capacity_gb"":500,""pcie_generation"":""Gen 3.0"",""storage_slot"":""M.2 NVMe Slot""}","{""base_performance_score"":65,""base_power_watts"":5,""base_heat_score"":40,""base_reliability_score"":88,""used_demand_score"":75,""mining_popularity_score"":0,""depreciation_rate"":12}",,
Storage,STORAGE,SK Hynix,sk-hynix,Platinum P41 1TB,SK Hynix Platinum P41 1TB,sk-hynix-platinum-p41-1tb,,Hàn Quốc,KR,NVMe PCIe Gen 4.0 | Đối Thủ Sòng Phẳng Với 990 Pro,M.2 NVMe Slot,8,Manual curated sheet,,MANUAL,,,,,82,8,52,88,75,0,12,"{""raw_key_specs"":""NVMe PCIe Gen 4.0 | Đối Thủ Sòng Phẳng Với 990 Pro"",""socket_slot"":""M.2 NVMe Slot"",""power_watts"":8,""storage_type"":""NVME_SSD"",""capacity_gb"":1024,""pcie_generation"":""Gen 4.0"",""storage_slot"":""M.2 NVMe Slot""}","{""base_performance_score"":82,""base_power_watts"":8,""base_heat_score"":52,""base_reliability_score"":88,""used_demand_score"":75,""mining_popularity_score"":0,""depreciation_rate"":12}",,
Storage,STORAGE,Crucial,crucial,T700 Gen5 1TB,Crucial T700 Gen5 1TB,crucial-t700-gen5-1tb,,Mỹ,US,NVMe PCIe Gen 5.0 | Siêu Tốc Độ Đọc Ghi 11700MB/s,M.2 NVMe Slot,11,Manual curated sheet,,MANUAL,,,,,95,11,64,88,75,0,12,"{""raw_key_specs"":""NVMe PCIe Gen 5.0 | Siêu Tốc Độ Đọc Ghi 11700MB/s"",""socket_slot"":""M.2 NVMe Slot"",""power_watts"":11,""storage_type"":""NVME_SSD"",""capacity_gb"":1024,""pcie_generation"":""Gen 5.0"",""sequential_write_mb_s"":11700,""storage_slot"":""M.2 NVMe Slot""}","{""base_performance_score"":95,""base_power_watts"":11,""base_heat_score"":64,""base_reliability_score"":88,""used_demand_score"":75,""mining_popularity_score"":0,""depreciation_rate"":12}",,
Storage,STORAGE,Western Digital,western-digital,WD Blue SA510 500GB,Western Digital WD Blue SA510 500GB,western-digital-wd-blue-sa510-500gb,,Mỹ,US,SSD 2.5 inch SATA | Chuyên Nâng Cấp Máy Cũ,SATA 3 Port,4,Manual curated sheet,,MANUAL,,,,,45,4,36,88,50,0,12,"{""raw_key_specs"":""SSD 2.5 inch SATA | Chuyên Nâng Cấp Máy Cũ"",""socket_slot"":""SATA 3 Port"",""power_watts"":4,""storage_type"":""SATA_SSD"",""capacity_gb"":500,""storage_slot"":""SATA 3 Port""}","{""base_performance_score"":45,""base_power_watts"":4,""base_heat_score"":36,""base_reliability_score"":88,""used_demand_score"":50,""mining_popularity_score"":0,""depreciation_rate"":12}",,
Storage,STORAGE,Western Digital,western-digital,WD Caviar Blue 1TB HDD,Western Digital WD Caviar Blue 1TB HDD,western-digital-wd-caviar-blue-1tb-hdd,,Mỹ,US,Ổ Cứng Cơ 3.5 inch | Lưu Trữ Quốc Dân,SATA 3 Port,6,Manual curated sheet,,MANUAL,,,,,25,6,44,88,50,0,12,"{""raw_key_specs"":""Ổ Cứng Cơ 3.5 inch | Lưu Trữ Quốc Dân"",""socket_slot"":""SATA 3 Port"",""power_watts"":6,""storage_type"":""HDD"",""capacity_gb"":1024,""storage_slot"":""SATA 3 Port""}","{""base_performance_score"":25,""base_power_watts"":6,""base_heat_score"":44,""base_reliability_score"":88,""used_demand_score"":50,""mining_popularity_score"":0,""depreciation_rate"":12}",,
Storage,STORAGE,Kioxia,kioxia,Exceria Plus G3 1TB,Kioxia Exceria Plus G3 1TB,kioxia-exceria-plus-g3-1tb,,Nhật Bản,JP,NVMe PCIe Gen 4.0 | Bản Nâng Cấp Tốc Độ Tốt,M.2 NVMe Slot,6,Manual curated sheet,,MANUAL,,,,,82,6,44,78,75,0,12,"{""raw_key_specs"":""NVMe PCIe Gen 4.0 | Bản Nâng Cấp Tốc Độ Tốt"",""socket_slot"":""M.2 NVMe Slot"",""power_watts"":6,""storage_type"":""NVME_SSD"",""capacity_gb"":1024,""pcie_generation"":""Gen 4.0"",""storage_slot"":""M.2 NVMe Slot""}","{""base_performance_score"":82,""base_power_watts"":6,""base_heat_score"":44,""base_reliability_score"":78,""used_demand_score"":75,""mining_popularity_score"":0,""depreciation_rate"":12}",,
Storage,STORAGE,Kingston,kingston,NV2 500GB,Kingston NV2 500GB,kingston-nv2-500gb,,Mỹ,US,NVMe PCIe Gen 4.0 | Ổ Cứng Quốc Dân Ngon Bổ Rẻ,M.2 NVMe Slot,4,Manual curated sheet,,MANUAL,,,,,82,4,36,88,75,0,12,"{""raw_key_specs"":""NVMe PCIe Gen 4.0 | Ổ Cứng Quốc Dân Ngon Bổ Rẻ"",""socket_slot"":""M.2 NVMe Slot"",""power_watts"":4,""storage_type"":""NVME_SSD"",""capacity_gb"":500,""pcie_generation"":""Gen 4.0"",""storage_slot"":""M.2 NVMe Slot""}","{""base_performance_score"":82,""base_power_watts"":4,""base_heat_score"":36,""base_reliability_score"":88,""used_demand_score"":75,""mining_popularity_score"":0,""depreciation_rate"":12}",,
Storage,STORAGE,Sabrent,sabrent,Rocket 4 Plus 2TB,Sabrent Rocket 4 Plus 2TB,sabrent-rocket-4-plus-2tb,,Mỹ,US,NVMe PCIe Gen 4.0 | Đi Kèm Tản Nhiệt Đồng Khổng Lồ,M.2 NVMe Slot,9,Manual curated sheet,,MANUAL,,,,,82,9,56,78,75,0,12,"{""raw_key_specs"":""NVMe PCIe Gen 4.0 | Đi Kèm Tản Nhiệt Đồng Khổng Lồ"",""socket_slot"":""M.2 NVMe Slot"",""power_watts"":9,""storage_type"":""NVME_SSD"",""capacity_gb"":2048,""pcie_generation"":""Gen 4.0"",""storage_slot"":""M.2 NVMe Slot""}","{""base_performance_score"":82,""base_power_watts"":9,""base_heat_score"":56,""base_reliability_score"":78,""used_demand_score"":75,""mining_popularity_score"":0,""depreciation_rate"":12}",,
Storage,STORAGE,Netac,netac,N535S 240GB,Netac N535S 240GB,netac-n535s-240gb,,Trung Quốc,CN,SSD 2.5 inch SATA | Giá Rẻ Cho Cấu Hình Thấp,SATA 3 Port,3,Manual curated sheet,,MANUAL,,,,,45,3,32,60,50,0,12,"{""raw_key_specs"":""SSD 2.5 inch SATA | Giá Rẻ Cho Cấu Hình Thấp"",""socket_slot"":""SATA 3 Port"",""power_watts"":3,""storage_type"":""SATA_SSD"",""capacity_gb"":240,""storage_slot"":""SATA 3 Port""}","{""base_performance_score"":45,""base_power_watts"":3,""base_heat_score"":32,""base_reliability_score"":60,""used_demand_score"":50,""mining_popularity_score"":0,""depreciation_rate"":12}",,
Storage,STORAGE,Goldenfir,goldenfir,SATA3 246GB,Goldenfir SATA3 246GB,goldenfir-sata3-246gb,,Trung Quốc,CN,SSD 2.5 inch | Ổ Siêu Rẻ Bán Chạy Trên AliExpress,SATA 3 Port,3,Manual curated sheet,,MANUAL,,,,,45,3,32,60,50,0,12,"{""raw_key_specs"":""SSD 2.5 inch | Ổ Siêu Rẻ Bán Chạy Trên AliExpress"",""socket_slot"":""SATA 3 Port"",""power_watts"":3,""storage_type"":""SATA_SSD"",""capacity_gb"":246,""storage_slot"":""SATA 3 Port""}","{""base_performance_score"":45,""base_power_watts"":3,""base_heat_score"":32,""base_reliability_score"":60,""used_demand_score"":50,""mining_popularity_score"":0,""depreciation_rate"":12}",,
Storage,STORAGE,Kingspec,kingspec,Chameleon 512GB,Kingspec Chameleon 512GB,kingspec-chameleon-512gb,,Trung Quốc,CN,SSD 2.5 inch | Vỏ Nhôm Họa Tiết Tắc Kè Hoa,SATA 3 Port,4,Manual curated sheet,,MANUAL,,,,,45,4,36,60,50,0,12,"{""raw_key_specs"":""SSD 2.5 inch | Vỏ Nhôm Họa Tiết Tắc Kè Hoa"",""socket_slot"":""SATA 3 Port"",""power_watts"":4,""storage_type"":""SATA_SSD"",""capacity_gb"":512,""storage_slot"":""SATA 3 Port""}","{""base_performance_score"":45,""base_power_watts"":4,""base_heat_score"":36,""base_reliability_score"":60,""used_demand_score"":50,""mining_popularity_score"":0,""depreciation_rate"":12}",,
Cooling,COOLER,Thermalright,thermalright,Assassin X 120 Refined SE,Thermalright Assassin X 120 Refined SE,thermalright-assassin-x-120-refined-se,,Đài Loan,TW,Tản Nhiệt Khí Tháp Đơn | Vua Giá Rẻ 300k,CPU Fan Header,3,Manual curated sheet,,MANUAL,,,,,60,3,50,78,70,0,9,"{""raw_key_specs"":""Tản Nhiệt Khí Tháp Đơn | Vua Giá Rẻ 300k"",""socket_slot"":""CPU Fan Header"",""power_watts"":3,""cooler_type"":""AIR"",""header"":""CPU Fan Header""}","{""base_performance_score"":60,""base_power_watts"":3,""base_heat_score"":50,""base_reliability_score"":78,""used_demand_score"":70,""mining_popularity_score"":0,""depreciation_rate"":9}",,
Cooling,COOLER,Cooler Master,cooler-master,Hyper 212 Spectrum V3,Cooler Master Hyper 212 Spectrum V3,cooler-master-hyper-212-spectrum-v3,,Đài Loan,TW,Huyền Thoại Tản Khí Bản Nâng Cấp RGB,CPU Fan Header,4,Manual curated sheet,,MANUAL,,,,,50,4,55,78,70,0,9,"{""raw_key_specs"":""Huyền Thoại Tản Khí Bản Nâng Cấp RGB"",""socket_slot"":""CPU Fan Header"",""power_watts"":4,""cooler_type"":""AIR"",""header"":""CPU Fan Header""}","{""base_performance_score"":50,""base_power_watts"":4,""base_heat_score"":55,""base_reliability_score"":78,""used_demand_score"":70,""mining_popularity_score"":0,""depreciation_rate"":9}",,
Cooling,COOLER,Cooler Master,cooler-master,MasterLiquid 360L Core,Cooler Master MasterLiquid 360L Core,cooler-master-masterliquid-360l-core,,Đài Loan,TW,Tản Nước AIO Phân Khúc Tiếp Cận Giá Tốt,CPU Fan Header,12,Manual curated sheet,,MANUAL,,,,,88,12,36,78,70,0,9,"{""raw_key_specs"":""Tản Nước AIO Phân Khúc Tiếp Cận Giá Tốt"",""socket_slot"":""CPU Fan Header"",""power_watts"":12,""cooler_type"":""AIO"",""header"":""CPU Fan Header""}","{""base_performance_score"":88,""base_power_watts"":12,""base_heat_score"":36,""base_reliability_score"":78,""used_demand_score"":70,""mining_popularity_score"":0,""depreciation_rate"":9}",,
Cooling,COOLER,Deepcool,deepcool,AK400 Digital,Deepcool AK400 Digital,deepcool-ak400-digital,,Trung Quốc,CN,Tản Khí Có Màn Hình LED Hiển Thị Nhiệt Độ CPU,CPU Fan Header,4,Manual curated sheet,,MANUAL,,,,,50,4,55,78,70,0,9,"{""raw_key_specs"":""Tản Khí Có Màn Hình LED Hiển Thị Nhiệt Độ CPU"",""socket_slot"":""CPU Fan Header"",""power_watts"":4,""cooler_type"":""AIR"",""header"":""CPU Fan Header""}","{""base_performance_score"":50,""base_power_watts"":4,""base_heat_score"":55,""base_reliability_score"":78,""used_demand_score"":70,""mining_popularity_score"":0,""depreciation_rate"":9}",,
Cooling,COOLER,ID-Cooling,id-cooling,Zoomflow 240 XT,ID-Cooling Zoomflow 240 XT,id-cooling-zoomflow-240-xt,,Trung Quốc,CN,Tản Nước AIO 240mm Phổ Biến Nhất Cho Máy Gaming,CPU Fan Header,10,Manual curated sheet,,MANUAL,,,,,72,10,44,78,70,0,9,"{""raw_key_specs"":""Tản Nước AIO 240mm Phổ Biến Nhất Cho Máy Gaming"",""socket_slot"":""CPU Fan Header"",""power_watts"":10,""cooler_type"":""AIO"",""radiator_size_mm"":240,""header"":""CPU Fan Header""}","{""base_performance_score"":72,""base_power_watts"":10,""base_heat_score"":44,""base_reliability_score"":78,""used_demand_score"":70,""mining_popularity_score"":0,""depreciation_rate"":9}",,
Cooling,COOLER,Noctua,noctua,NH-U12S Redux,Noctua NH-U12S Redux,noctua-nh-u12s-redux,,Áo,AT,Tản Khí Tháp Đơn Phiên Bản Cắt Giảm Giá Dễ Tiếp Cận,CPU Fan Header,4,Manual curated sheet,,MANUAL,,,,,60,4,50,88,70,0,9,"{""raw_key_specs"":""Tản Khí Tháp Đơn Phiên Bản Cắt Giảm Giá Dễ Tiếp Cận"",""socket_slot"":""CPU Fan Header"",""power_watts"":4,""cooler_type"":""AIR"",""header"":""CPU Fan Header""}","{""base_performance_score"":60,""base_power_watts"":4,""base_heat_score"":50,""base_reliability_score"":88,""used_demand_score"":70,""mining_popularity_score"":0,""depreciation_rate"":9}",,
Cooling,COOLER,Arctic,arctic,P12 PWM PST,Arctic P12 PWM PST,arctic-p12-pwm-pst,,Đức,DE,Quạt Case Tối Ưu Áp Suất Tĩnh Siêu Êm Không LED,Case Fan Header,2,Manual curated sheet,,MANUAL,,,,,50,2,55,78,70,0,9,"{""raw_key_specs"":""Quạt Case Tối Ưu Áp Suất Tĩnh Siêu Êm Không LED"",""socket_slot"":""Case Fan Header"",""power_watts"":2,""cooler_type"":""CASE_FAN"",""header"":""Case Fan Header""}","{""base_performance_score"":50,""base_power_watts"":2,""base_heat_score"":55,""base_reliability_score"":78,""used_demand_score"":70,""mining_popularity_score"":0,""depreciation_rate"":9}",,
Cooling,COOLER,Alseye,alseye,M120-ST RGB,Alseye M120-ST RGB,alseye-m120-st-rgb,,Trung Quốc,CN,Bộ 3 Quạt Case Thiết Kế Phong Cách Khung Độc Đáo,Case Fan Header,6,Manual curated sheet,,MANUAL,,,,,60,6,50,60,70,0,9,"{""raw_key_specs"":""Bộ 3 Quạt Case Thiết Kế Phong Cách Khung Độc Đáo"",""socket_slot"":""Case Fan Header"",""power_watts"":6,""cooler_type"":""CASE_FAN"",""header"":""Case Fan Header""}","{""base_performance_score"":60,""base_power_watts"":6,""base_heat_score"":50,""base_reliability_score"":60,""used_demand_score"":70,""mining_popularity_score"":0,""depreciation_rate"":9}",,
Cooling,COOLER,PCCooler,pccooler,Paladin 400,PCCooler Paladin 400,pccooler-paladin-400,,Trung Quốc,CN,Tản Khí 4 Ống Đồng Cánh Quạt 130mm Siêu Mát,CPU Fan Header,4,Manual curated sheet,,MANUAL,,,,,50,4,55,60,70,0,9,"{""raw_key_specs"":""Tản Khí 4 Ống Đồng Cánh Quạt 130mm Siêu Mát"",""socket_slot"":""CPU Fan Header"",""power_watts"":4,""cooler_type"":""AIR"",""radiator_size_mm"":130,""header"":""CPU Fan Header""}","{""base_performance_score"":50,""base_power_watts"":4,""base_heat_score"":55,""base_reliability_score"":60,""used_demand_score"":70,""mining_popularity_score"":0,""depreciation_rate"":9}",,
Cooling,COOLER,Sama,sama,KA400,Sama KA400,sama-ka400,,Trung Quốc,CN,Tản Nhiệt Khí Giá Rẻ Cạnh Tranh Trực Tiếp 214-XT,CPU Fan Header,3,Manual curated sheet,,MANUAL,,,,,50,3,55,60,70,0,9,"{""raw_key_specs"":""Tản Nhiệt Khí Giá Rẻ Cạnh Tranh Trực Tiếp 214-XT"",""socket_slot"":""CPU Fan Header"",""power_watts"":3,""cooler_type"":""AIR"",""header"":""CPU Fan Header""}","{""base_performance_score"":50,""base_power_watts"":3,""base_heat_score"":55,""base_reliability_score"":60,""used_demand_score"":70,""mining_popularity_score"":0,""depreciation_rate"":9}",,
PSU,PSU,Corsair,corsair,CV550,Corsair CV550,corsair-cv550,,Mỹ,US,550W | 80 Plus Bronze | Nguồn Quốc Dân Cho Cấu Hình Quốc Dân,ATX Frame,550,Manual curated sheet,,MANUAL,,,,,45,550,30,96,70,0,8,"{""raw_key_specs"":""550W | 80 Plus Bronze | Nguồn Quốc Dân Cho Cấu Hình Quốc Dân"",""socket_slot"":""ATX Frame"",""power_watts"":550,""wattage"":550,""efficiency_rating"":""80 Plus Bronze"",""psu_form_factor"":""ATX Frame""}","{""base_performance_score"":45,""base_power_watts"":550,""base_heat_score"":30,""base_reliability_score"":96,""used_demand_score"":70,""mining_popularity_score"":0,""depreciation_rate"":8}",,
PSU,PSU,Seasonic,seasonic,B12 BC-650,Seasonic B12 BC-650,seasonic-b12-bc-650,,Đài Loan,TW,650W | 80 Plus Bronze | Độ Ổn Định Cao Giá Hợp Lý,ATX Frame,650,Manual curated sheet,,MANUAL,,,,,54,650,45,96,70,0,8,"{""raw_key_specs"":""650W | 80 Plus Bronze | Độ Ổn Định Cao Giá Hợp Lý"",""socket_slot"":""ATX Frame"",""power_watts"":650,""wattage"":650,""efficiency_rating"":""80 Plus Bronze"",""psu_form_factor"":""ATX Frame""}","{""base_performance_score"":54,""base_power_watts"":650,""base_heat_score"":45,""base_reliability_score"":96,""used_demand_score"":70,""mining_popularity_score"":0,""depreciation_rate"":8}",,
PSU,PSU,MSI,msi,MAG A650BN,MSI MAG A650BN,msi-mag-a650bn,,Đài Loan,TW,650W | 80 Plus Bronze | Lựa Chọn Hàng Đầu Cho RTX 3060/4060,ATX Frame,650,Manual curated sheet,,MANUAL,,,,,54,650,45,96,70,0,8,"{""raw_key_specs"":""650W | 80 Plus Bronze | Lựa Chọn Hàng Đầu Cho RTX 3060/4060"",""socket_slot"":""ATX Frame"",""power_watts"":650,""wattage"":650,""efficiency_rating"":""80 Plus Bronze"",""psu_form_factor"":""ATX Frame""}","{""base_performance_score"":54,""base_power_watts"":650,""base_heat_score"":45,""base_reliability_score"":96,""used_demand_score"":70,""mining_popularity_score"":0,""depreciation_rate"":8}",,
PSU,PSU,FSP,fsp,HYPER K 500W,FSP HYPER K 500W,fsp-hyper-k-500w,,Đài Loan,TW,500W | 80 Plus EU Standard | Nguồn Tầm Trung Bền Bỉ,ATX Frame,500,Manual curated sheet,,MANUAL,,,,,41,500,30,78,70,0,8,"{""raw_key_specs"":""500W | 80 Plus EU Standard | Nguồn Tầm Trung Bền Bỉ"",""socket_slot"":""ATX Frame"",""power_watts"":500,""wattage"":500,""efficiency_rating"":""80 Plus Eu"",""psu_form_factor"":""ATX Frame""}","{""base_performance_score"":41,""base_power_watts"":500,""base_heat_score"":30,""base_reliability_score"":78,""used_demand_score"":70,""mining_popularity_score"":0,""depreciation_rate"":8}",,
PSU,PSU,Antec,antec,CUPRUM Strike CSK550,Antec CUPRUM Strike CSK550,antec-cuprum-strike-csk550,,Mỹ,US,550W | 80 Plus Bronze | Thiết Kế Cáp Dẹt Tiện Đi Dây,ATX Frame,550,Manual curated sheet,,MANUAL,,,,,45,550,30,78,70,0,8,"{""raw_key_specs"":""550W | 80 Plus Bronze | Thiết Kế Cáp Dẹt Tiện Đi Dây"",""socket_slot"":""ATX Frame"",""power_watts"":550,""wattage"":550,""efficiency_rating"":""80 Plus Bronze"",""psu_form_factor"":""ATX Frame""}","{""base_performance_score"":45,""base_power_watts"":550,""base_heat_score"":30,""base_reliability_score"":78,""used_demand_score"":70,""mining_popularity_score"":0,""depreciation_rate"":8}",,
PSU,PSU,Xigmatek,xigmatek,X-Power III 350,Xigmatek X-Power III 350,xigmatek-x-power-iii-350,,Đài Loan,TW,350W | Nguồn Cỏ Chống Cháy Cho Máy Không Card Rời,ATX Frame,350,Manual curated sheet,,MANUAL,,,,,29,350,30,45,70,0,8,"{""raw_key_specs"":""350W | Nguồn Cỏ Chống Cháy Cho Máy Không Card Rời"",""socket_slot"":""ATX Frame"",""power_watts"":350,""wattage"":350,""psu_form_factor"":""ATX Frame""}","{""base_performance_score"":29,""base_power_watts"":350,""base_heat_score"":30,""base_reliability_score"":45,""used_demand_score"":70,""mining_popularity_score"":0,""depreciation_rate"":8}",,
PSU,PSU,Segotep,segotep,AN650,Segotep AN650,segotep-an650,,Trung Quốc,CN,650W | Nguồn Nội Địa Giá Rẻ Được Chuộng Ở Việt Nam,ATX Frame,650,Manual curated sheet,,MANUAL,,,,,54,650,45,45,70,0,8,"{""raw_key_specs"":""650W | Nguồn Nội Địa Giá Rẻ Được Chuộng Ở Việt Nam"",""socket_slot"":""ATX Frame"",""power_watts"":650,""wattage"":650,""psu_form_factor"":""ATX Frame""}","{""base_performance_score"":54,""base_power_watts"":650,""base_heat_score"":45,""base_reliability_score"":45,""used_demand_score"":70,""mining_popularity_score"":0,""depreciation_rate"":8}",,
PSU,PSU,Jetek,jetek,Star ST650,Jetek Star ST650,jetek-star-st650,,Việt Nam,VN,650W | Nguồn Lắp Máy Gaming Phổ Thông Giá Rẻ,ATX Frame,650,Manual curated sheet,,MANUAL,,,,,54,650,45,45,70,0,8,"{""raw_key_specs"":""650W | Nguồn Lắp Máy Gaming Phổ Thông Giá Rẻ"",""socket_slot"":""ATX Frame"",""power_watts"":650,""wattage"":650,""psu_form_factor"":""ATX Frame""}","{""base_performance_score"":54,""base_power_watts"":650,""base_heat_score"":45,""base_reliability_score"":45,""used_demand_score"":70,""mining_popularity_score"":0,""depreciation_rate"":8}",,
Case,CASE,Xigmatek,xigmatek,Gaming X 3FX,Xigmatek Gaming X 3FX,xigmatek-gaming-x-3fx,,Đài Loan,TW,Vỏ Máy Mặt Lưới Thoáng Khí Kèm Sẵn 3 Quạt RGB,ATX Case Form,0,Manual curated sheet,,MANUAL,,,,,72,0,20,60,60,0,10,"{""raw_key_specs"":""Vỏ Máy Mặt Lưới Thoáng Khí Kèm Sẵn 3 Quạt RGB"",""socket_slot"":""ATX Case Form"",""power_watts"":0,""form_factor_support"":""ATX Case Form""}","{""base_performance_score"":72,""base_power_watts"":0,""base_heat_score"":20,""base_reliability_score"":60,""used_demand_score"":60,""mining_popularity_score"":0,""depreciation_rate"":10}",,
Case,CASE,Montech,montech,King 95 Pro,Montech King 95 Pro,montech-king-95-pro,,Đài Loan,TW,Vỏ Bể Cá Mặt Kính Cong Tặng Kèm 6 Quạt ARGB,ATX Case Form,0,Manual curated sheet,,MANUAL,,,,,55,0,20,80,82,0,10,"{""raw_key_specs"":""Vỏ Bể Cá Mặt Kính Cong Tặng Kèm 6 Quạt ARGB"",""socket_slot"":""ATX Case Form"",""power_watts"":0,""form_factor_support"":""ATX Case Form""}","{""base_performance_score"":55,""base_power_watts"":0,""base_heat_score"":20,""base_reliability_score"":80,""used_demand_score"":82,""mining_popularity_score"":0,""depreciation_rate"":10}",,
Case,CASE,Sama,sama,3301 Black,Sama 3301 Black,sama-3301-black,,Trung Quốc,CN,Vỏ Case Kính Cường Lực Giá Rẻ Kèm 3 Quạt Thường,ATX Case Form,0,Manual curated sheet,,MANUAL,,,,,55,0,20,60,60,0,10,"{""raw_key_specs"":""Vỏ Case Kính Cường Lực Giá Rẻ Kèm 3 Quạt Thường"",""socket_slot"":""ATX Case Form"",""power_watts"":0,""form_factor_support"":""ATX Case Form""}","{""base_performance_score"":55,""base_power_watts"":0,""base_heat_score"":20,""base_reliability_score"":60,""used_demand_score"":60,""mining_popularity_score"":0,""depreciation_rate"":10}",,
Case,CASE,VSP,vsp,V3-B,VSP V3-B,vsp-v3-b,,Việt Nam,VN,Vỏ Case Kích Thước Nhỏ Mini-Tower Cho Máy Văn Phòng,Micro-ATX Form,0,Manual curated sheet,,MANUAL,,,,,55,0,20,60,60,0,10,"{""raw_key_specs"":""Vỏ Case Kích Thước Nhỏ Mini-Tower Cho Máy Văn Phòng"",""socket_slot"":""Micro-ATX Form"",""power_watts"":0,""form_factor_support"":""Micro-ATX Form""}","{""base_performance_score"":55,""base_power_watts"":0,""base_heat_score"":20,""base_reliability_score"":60,""used_demand_score"":60,""mining_popularity_score"":0,""depreciation_rate"":10}",,
Case,CASE,Antec,antec,NX292,Antec NX292,antec-nx292,,Mỹ,US,Vỏ Case Lưới Giá Rẻ Kèm Sẵn Quạt LED RGB Thường,ATX Case Form,0,Manual curated sheet,,MANUAL,,,,,72,0,20,80,60,0,10,"{""raw_key_specs"":""Vỏ Case Lưới Giá Rẻ Kèm Sẵn Quạt LED RGB Thường"",""socket_slot"":""ATX Case Form"",""power_watts"":0,""form_factor_support"":""ATX Case Form""}","{""base_performance_score"":72,""base_power_watts"":0,""base_heat_score"":20,""base_reliability_score"":80,""used_demand_score"":60,""mining_popularity_score"":0,""depreciation_rate"":10}",,
Case,CASE,Cooler Master,cooler-master,MasterBox TD500 Mesh V2,Cooler Master MasterBox TD500 Mesh V2,cooler-master-masterbox-td500-mesh-v2,,Đài Loan,TW,Mặt Lưới Họa Tiết Cắt Kim Cương,ATX Case Form,0,Manual curated sheet,,MANUAL,,,,,72,0,20,80,60,0,10,"{""raw_key_specs"":""Mặt Lưới Họa Tiết Cắt Kim Cương"",""socket_slot"":""ATX Case Form"",""power_watts"":0,""form_factor_support"":""ATX Case Form""}","{""base_performance_score"":72,""base_power_watts"":0,""base_heat_score"":20,""base_reliability_score"":80,""used_demand_score"":60,""mining_popularity_score"":0,""depreciation_rate"":10}",,
Case,CASE,Cougar,cougar,Conquer,Cougar Conquer,cougar-conquer,,Đức,DE,Vỏ Case Phi Thuyền Khung Thép Mở Cực Kỳ Hầm Hố,Open Frame ATX,0,Manual curated sheet,,MANUAL,,,,,55,0,20,80,60,0,10,"{""raw_key_specs"":""Vỏ Case Phi Thuyền Khung Thép Mở Cực Kỳ Hầm Hố"",""socket_slot"":""Open Frame ATX"",""power_watts"":0,""form_factor_support"":""Open Frame ATX""}","{""base_performance_score"":55,""base_power_watts"":0,""base_heat_score"":20,""base_reliability_score"":80,""used_demand_score"":60,""mining_popularity_score"":0,""depreciation_rate"":10}",,
Water_Cooling,WATER_COOLING,Barrow,barrow,D5 Pump Core,Barrow D5 Pump Core,barrow-d5-pump-core,,Trung Quốc,CN,Lõi Bơm D5 Siêu Khỏe Cho Hệ Thống Custom Lớn,Custom Loop,23,Manual curated sheet,,MANUAL,,,,,75,23,25,60,50,0,12,"{""raw_key_specs"":""Lõi Bơm D5 Siêu Khỏe Cho Hệ Thống Custom Lớn"",""socket_slot"":""Custom Loop"",""power_watts"":23,""watercooling_part_type"":""PUMP"",""water_cooling_system"":""Custom Loop""}","{""base_performance_score"":75,""base_power_watts"":23,""base_heat_score"":25,""base_reliability_score"":60,""used_demand_score"":50,""mining_popularity_score"":0,""depreciation_rate"":12}",,
Water_Cooling,WATER_COOLING,Bykski,bykski,Rigid Fitting 14mm,Bykski Rigid Fitting 14mm,bykski-rigid-fitting-14mm,,Trung Quốc,CN,Đầu Nối Ống Cứng 14mm Giá Rẻ Tiết Kiệm,Custom Loop,0,Manual curated sheet,,MANUAL,,,,,60,0,25,60,50,0,12,"{""raw_key_specs"":""Đầu Nối Ống Cứng 14mm Giá Rẻ Tiết Kiệm"",""socket_slot"":""Custom Loop"",""power_watts"":0,""watercooling_part_type"":""FITTING"",""water_cooling_system"":""Custom Loop""}","{""base_performance_score"":60,""base_power_watts"":0,""base_heat_score"":25,""base_reliability_score"":60,""used_demand_score"":50,""mining_popularity_score"":0,""depreciation_rate"":12}",,
Water_Cooling,WATER_COOLING,Alphacool,alphacool,NexXxoS Full Copper Rad,Alphacool NexXxoS Full Copper Rad,alphacool-nexxxos-full-copper-rad,,Đức,DE,Két Nước (Radiator) Bằng Đồng Nguyên Chất,Custom Loop,0,Manual curated sheet,,MANUAL,,,,,60,0,25,88,50,0,12,"{""raw_key_specs"":""Két Nước (Radiator) Bằng Đồng Nguyên Chất"",""socket_slot"":""Custom Loop"",""power_watts"":0,""watercooling_part_type"":""RADIATOR"",""water_cooling_system"":""Custom Loop""}","{""base_performance_score"":60,""base_power_watts"":0,""base_heat_score"":25,""base_reliability_score"":88,""used_demand_score"":50,""mining_popularity_score"":0,""depreciation_rate"":12}",,
