product_slug,name,category,brand,brand_slug,chip_vendor_slug,origin_name_vi,origin_code,release_year,source_name,source_url,data_confidence,image_url,socket_slot,power_watts,raw_key_specs,base_performance_score,base_power_watts,base_heat_score,base_reliability_score,used_demand_score,mining_popularity_score,depreciation_rate,msrp_vnd,base_local_price_vnd,base_used_price_vnd,supplier_cost_vnd,real_specs_json,game_balance_json,notes
intel-core-i7-13700k,Intel Core i7-13700K,CPU,Intel,intel,intel,Mỹ,US,,Manual curated sheet v2,,MANUAL,,LGA1700,125,16 Cores 24 Threads | Up to 5.4GHz | Gaming Đồ Họa,100,125,74,78,65,0,8,,,,,"{""raw_key_specs"":""16 Cores 24 Threads | Up to 5.4GHz | Gaming Đồ Họa"",""socket_slot"":""LGA1700"",""power_watts"":125,""socket"":""LGA1700"",""cores"":16,""threads"":24,""boost_clock_ghz"":5.4,""notes"":[""Gaming Đồ Họa""],""origin_name_vi"":""Mỹ"",""origin_code"":""US""}","{""base_performance_score"":100,""base_power_watts"":125,""base_heat_score"":74,""base_reliability_score"":78,""used_demand_score"":65,""mining_popularity_score"":0,""depreciation_rate"":8}",
intel-core-i5-13600k,Intel Core i5-13600K,CPU,Intel,intel,intel,Mỹ,US,,Manual curated sheet v2,,MANUAL,,LGA1700,125,14 Cores 20 Threads | Up to 5.1GHz | Vua Tầm Trung,97,125,74,78,65,0,8,,,,,"{""raw_key_specs"":""14 Cores 20 Threads | Up to 5.1GHz | Vua Tầm Trung"",""socket_slot"":""LGA1700"",""power_watts"":125,""socket"":""LGA1700"",""cores"":14,""threads"":20,""boost_clock_ghz"":5.1,""notes"":[""Vua Tầm Trung""],""origin_name_vi"":""Mỹ"",""origin_code"":""US""}","{""base_performance_score"":97,""base_power_watts"":125,""base_heat_score"":74,""base_reliability_score"":78,""used_demand_score"":65,""mining_popularity_score"":0,""depreciation_rate"":8}",
intel-core-i9-12900k,Intel Core i9-12900K,CPU,Intel,intel,intel,Mỹ,US,,Manual curated sheet v2,,MANUAL,,LGA1700,125,16 Cores 24 Threads | Up to 5.2GHz | Khủng Long Đời Trước,100,125,74,78,65,0,8,,,,,"{""raw_key_specs"":""16 Cores 24 Threads | Up to 5.2GHz | Khủng Long Đời Trước"",""socket_slot"":""LGA1700"",""power_watts"":125,""socket"":""LGA1700"",""cores"":16,""threads"":24,""boost_clock_ghz"":5.2,""notes"":[""Khủng Long Đời Trước""],""origin_name_vi"":""Mỹ"",""origin_code"":""US""}","{""base_performance_score"":100,""base_power_watts"":125,""base_heat_score"":74,""base_reliability_score"":78,""used_demand_score"":65,""mining_popularity_score"":0,""depreciation_rate"":8}",
intel-core-i5-12600k,Intel Core i5-12600K,CPU,Intel,intel,intel,Mỹ,US,,Manual curated sheet v2,,MANUAL,,LGA1700,125,10 Cores 16 Threads | Up to 4.9GHz | Core K Giá Tốt,79,125,74,78,65,0,8,,,,,"{""raw_key_specs"":""10 Cores 16 Threads | Up to 4.9GHz | Core K Giá Tốt"",""socket_slot"":""LGA1700"",""power_watts"":125,""socket"":""LGA1700"",""cores"":10,""threads"":16,""boost_clock_ghz"":4.9,""notes"":[""Core K Giá Tốt""],""origin_name_vi"":""Mỹ"",""origin_code"":""US""}","{""base_performance_score"":79,""base_power_watts"":125,""base_heat_score"":74,""base_reliability_score"":78,""used_demand_score"":65,""mining_popularity_score"":0,""depreciation_rate"":8}",
intel-core-i7-10700k,Intel Core i7-10700K,CPU,Intel,intel,intel,Mỹ,US,,Manual curated sheet v2,,MANUAL,,LGA1200,125,8 Cores 16 Threads | Up to 5.1GHz | Chip Đa Nhiệm Cũ,73,125,74,78,65,0,8,,,,,"{""raw_key_specs"":""8 Cores 16 Threads | Up to 5.1GHz | Chip Đa Nhiệm Cũ"",""socket_slot"":""LGA1200"",""power_watts"":125,""socket"":""LGA1200"",""cores"":8,""threads"":16,""boost_clock_ghz"":5.1,""notes"":[""Chip Đa Nhiệm Cũ""],""origin_name_vi"":""Mỹ"",""origin_code"":""US""}","{""base_performance_score"":73,""base_power_watts"":125,""base_heat_score"":74,""base_reliability_score"":78,""used_demand_score"":65,""mining_popularity_score"":0,""depreciation_rate"":8}",
intel-core-i5-11400f,Intel Core i5-11400F,CPU,Intel,intel,intel,Mỹ,US,,Manual curated sheet v2,,MANUAL,,LGA1200,65,6 Cores 12 Threads | Up to 4.4GHz | Cấu Hình Cỏ Phổ Biến,59,65,53,78,65,0,8,,,,,"{""raw_key_specs"":""6 Cores 12 Threads | Up to 4.4GHz | Cấu Hình Cỏ Phổ Biến"",""socket_slot"":""LGA1200"",""power_watts"":65,""socket"":""LGA1200"",""cores"":6,""threads"":12,""boost_clock_ghz"":4.4,""notes"":[""Cấu Hình Cỏ Phổ Biến""],""origin_name_vi"":""Mỹ"",""origin_code"":""US""}","{""base_performance_score"":59,""base_power_watts"":65,""base_heat_score"":53,""base_reliability_score"":78,""used_demand_score"":65,""mining_popularity_score"":0,""depreciation_rate"":8}",
intel-core-i7-11700k,Intel Core i7-11700K,CPU,Intel,intel,intel,Mỹ,US,,Manual curated sheet v2,,MANUAL,,LGA1200,125,8 Cores 16 Threads | Up to 5.0GHz | Thế Hệ Rocket Lake,72,125,74,78,65,0,8,,,,,"{""raw_key_specs"":""8 Cores 16 Threads | Up to 5.0GHz | Thế Hệ Rocket Lake"",""socket_slot"":""LGA1200"",""power_watts"":125,""socket"":""LGA1200"",""cores"":8,""threads"":16,""boost_clock_ghz"":5.0,""notes"":[""Thế Hệ Rocket Lake""],""origin_name_vi"":""Mỹ"",""origin_code"":""US""}","{""base_performance_score"":72,""base_power_watts"":125,""base_heat_score"":74,""base_reliability_score"":78,""used_demand_score"":65,""mining_popularity_score"":0,""depreciation_rate"":8}",
intel-core-i7-9700k,Intel Core i7-9700K,CPU,Intel,intel,intel,Mỹ,US,,Manual curated sheet v2,,MANUAL,,LGA1151v2,95,8 Cores 8 Threads | Up to 4.9GHz | Chip Gaming Cũ Khỏe,71,95,63,78,65,0,8,,,,,"{""raw_key_specs"":""8 Cores 8 Threads | Up to 4.9GHz | Chip Gaming Cũ Khỏe"",""socket_slot"":""LGA1151v2"",""power_watts"":95,""socket"":""LGA1151v2"",""cores"":8,""threads"":8,""boost_clock_ghz"":4.9,""notes"":[""Chip Gaming Cũ Khỏe""],""origin_name_vi"":""Mỹ"",""origin_code"":""US""}","{""base_performance_score"":71,""base_power_watts"":95,""base_heat_score"":63,""base_reliability_score"":78,""used_demand_score"":65,""mining_popularity_score"":0,""depreciation_rate"":8}",
intel-core-i5-8400,Intel Core i5-8400,CPU,Intel,intel,intel,Mỹ,US,,Manual curated sheet v2,,MANUAL,,LGA1151v2,65,6 Cores 6 Threads | Up to 4.0GHz | Quốc Dân Máy Cỏ Một Thời,56,65,53,78,65,0,8,,,,,"{""raw_key_specs"":""6 Cores 6 Threads | Up to 4.0GHz | Quốc Dân Máy Cỏ Một Thời"",""socket_slot"":""LGA1151v2"",""power_watts"":65,""socket"":""LGA1151v2"",""cores"":6,""threads"":6,""boost_clock_ghz"":4.0,""notes"":[""Quốc Dân Máy Cỏ Một Thời""],""origin_name_vi"":""Mỹ"",""origin_code"":""US""}","{""base_performance_score"":56,""base_power_watts"":65,""base_heat_score"":53,""base_reliability_score"":78,""used_demand_score"":65,""mining_popularity_score"":0,""depreciation_rate"":8}",
intel-core-i7-7700k,Intel Core i7-7700K,CPU,Intel,intel,intel,Mỹ,US,,Manual curated sheet v2,,MANUAL,,LGA1151,91,4 Cores 8 Threads | Up to 4.5GHz | Huyền Thoại Máy Cũ,52,91,62,78,65,0,8,,,,,"{""raw_key_specs"":""4 Cores 8 Threads | Up to 4.5GHz | Huyền Thoại Máy Cũ"",""socket_slot"":""LGA1151"",""power_watts"":91,""socket"":""LGA1151"",""cores"":4,""threads"":8,""boost_clock_ghz"":4.5,""notes"":[""Huyền Thoại Máy Cũ""],""origin_name_vi"":""Mỹ"",""origin_code"":""US""}","{""base_performance_score"":52,""base_power_watts"":91,""base_heat_score"":62,""base_reliability_score"":78,""used_demand_score"":65,""mining_popularity_score"":0,""depreciation_rate"":8}",
intel-core-i5-7400,Intel Core i5-7400,CPU,Intel,intel,intel,Mỹ,US,,Manual curated sheet v2,,MANUAL,,LGA1151,65,4 Cores 4 Threads | Up to 3.5GHz | Lắp Máy Văn Phòng Cỏ,44,65,53,78,65,0,8,,,,,"{""raw_key_specs"":""4 Cores 4 Threads | Up to 3.5GHz | Lắp Máy Văn Phòng Cỏ"",""socket_slot"":""LGA1151"",""power_watts"":65,""socket"":""LGA1151"",""cores"":4,""threads"":4,""boost_clock_ghz"":3.5,""notes"":[""Lắp Máy Văn Phòng Cỏ""],""origin_name_vi"":""Mỹ"",""origin_code"":""US""}","{""base_performance_score"":44,""base_power_watts"":65,""base_heat_score"":53,""base_reliability_score"":78,""used_demand_score"":65,""mining_popularity_score"":0,""depreciation_rate"":8}",
intel-core-i7-6700,Intel Core i7-6700,CPU,Intel,intel,intel,Mỹ,US,,Manual curated sheet v2,,MANUAL,,LGA1151,65,4 Cores 8 Threads | Up to 4.0GHz | Chip Văn Phòng Đồ Họa Cũ,48,65,53,78,65,0,8,,,,,"{""raw_key_specs"":""4 Cores 8 Threads | Up to 4.0GHz | Chip Văn Phòng Đồ Họa Cũ"",""socket_slot"":""LGA1151"",""power_watts"":65,""socket"":""LGA1151"",""cores"":4,""threads"":8,""boost_clock_ghz"":4.0,""notes"":[""Chip Văn Phòng Đồ Họa Cũ""],""origin_name_vi"":""Mỹ"",""origin_code"":""US""}","{""base_performance_score"":48,""base_power_watts"":65,""base_heat_score"":53,""base_reliability_score"":78,""used_demand_score"":65,""mining_popularity_score"":0,""depreciation_rate"":8}",
intel-core-i5-6500,Intel Core i5-6500,CPU,Intel,intel,intel,Mỹ,US,,Manual curated sheet v2,,MANUAL,,LGA1151,65,4 Cores 4 Threads | Up to 3.6GHz | Cấu Hình Chống Cháy Giá Rẻ,45,65,53,78,65,0,8,,,,,"{""raw_key_specs"":""4 Cores 4 Threads | Up to 3.6GHz | Cấu Hình Chống Cháy Giá Rẻ"",""socket_slot"":""LGA1151"",""power_watts"":65,""socket"":""LGA1151"",""cores"":4,""threads"":4,""boost_clock_ghz"":3.6,""notes"":[""Cấu Hình Chống Cháy Giá Rẻ""],""origin_name_vi"":""Mỹ"",""origin_code"":""US""}","{""base_performance_score"":45,""base_power_watts"":65,""base_heat_score"":53,""base_reliability_score"":78,""used_demand_score"":65,""mining_popularity_score"":0,""depreciation_rate"":8}",
intel-core-i7-4770k,Intel Core i7-4770K,CPU,Intel,intel,intel,Mỹ,US,,Manual curated sheet v2,,MANUAL,,LGA1150,84,4 Cores 8 Threads | Up to 3.9GHz | Trùm Ép Xung Haswell,47,84,59,78,65,0,8,,,,,"{""raw_key_specs"":""4 Cores 8 Threads | Up to 3.9GHz | Trùm Ép Xung Haswell"",""socket_slot"":""LGA1150"",""power_watts"":84,""socket"":""LGA1150"",""cores"":4,""threads"":8,""boost_clock_ghz"":3.9,""notes"":[""Trùm Ép Xung Haswell""],""origin_name_vi"":""Mỹ"",""origin_code"":""US""}","{""base_performance_score"":47,""base_power_watts"":84,""base_heat_score"":59,""base_reliability_score"":78,""used_demand_score"":65,""mining_popularity_score"":0,""depreciation_rate"":8}",
intel-core-i5-4460,Intel Core i5-4460,CPU,Intel,intel,intel,Mỹ,US,,Manual curated sheet v2,,MANUAL,,LGA1150,84,4 Cores 4 Threads | Up to 3.4GHz | Máy Cỏ Chiến LoL Giá Rẻ,43,84,59,78,65,0,8,,,,,"{""raw_key_specs"":""4 Cores 4 Threads | Up to 3.4GHz | Máy Cỏ Chiến LoL Giá Rẻ"",""socket_slot"":""LGA1150"",""power_watts"":84,""socket"":""LGA1150"",""cores"":4,""threads"":4,""boost_clock_ghz"":3.4,""notes"":[""Máy Cỏ Chiến LoL Giá Rẻ""],""origin_name_vi"":""Mỹ"",""origin_code"":""US""}","{""base_performance_score"":43,""base_power_watts"":84,""base_heat_score"":59,""base_reliability_score"":78,""used_demand_score"":65,""mining_popularity_score"":0,""depreciation_rate"":8}",
intel-core-i7-3770,Intel Core i7-3770,CPU,Intel,intel,intel,Mỹ,US,,Manual curated sheet v2,,MANUAL,,LGA1155,77,4 Cores 8 Threads | Up to 3.9GHz | Huyền Thoại Ivy Bridge,47,77,57,78,65,0,8,,,,,"{""raw_key_specs"":""4 Cores 8 Threads | Up to 3.9GHz | Huyền Thoại Ivy Bridge"",""socket_slot"":""LGA1155"",""power_watts"":77,""socket"":""LGA1155"",""cores"":4,""threads"":8,""boost_clock_ghz"":3.9,""notes"":[""Huyền Thoại Ivy Bridge""],""origin_name_vi"":""Mỹ"",""origin_code"":""US"",""alternate_rows"":[{""source_row"":345,""category"":""CPU"",""brand"":""Intel"",""model"":""Core i7-3770"",""key_specs"":""4 Cores 8 Threads | Combo Nâng Cấp Tối Đa Cho Main H61 Cỏ"",""socket_slot"":""LGA1155"",""power_watts"":77}]}","{""base_performance_score"":47,""base_power_watts"":77,""base_heat_score"":57,""base_reliability_score"":78,""used_demand_score"":65,""mining_popularity_score"":0,""depreciation_rate"":8}",
intel-core-i5-3470,Intel Core i5-3470,CPU,Intel,intel,intel,Mỹ,US,,Manual curated sheet v2,,MANUAL,,LGA1155,77,4 Cores 4 Threads | Up to 3.6GHz | Combo Cỏ 1 Triệu Đồng,45,77,57,78,65,0,8,,,,,"{""raw_key_specs"":""4 Cores 4 Threads | Up to 3.6GHz | Combo Cỏ 1 Triệu Đồng"",""socket_slot"":""LGA1155"",""power_watts"":77,""socket"":""LGA1155"",""cores"":4,""threads"":4,""boost_clock_ghz"":3.6,""notes"":[""Combo Cỏ 1 Triệu Đồng""],""origin_name_vi"":""Mỹ"",""origin_code"":""US"",""alternate_rows"":[{""source_row"":346,""category"":""CPU"",""brand"":""Intel"",""model"":""Core i5-3470"",""key_specs"":""4 Cores 4 Threads | Chip Giá Vài Trăm Ngàn Đồng Đọc Báo Chơi LoL"",""socket_slot"":""LGA1155"",""power_watts"":77}]}","{""base_performance_score"":45,""base_power_watts"":77,""base_heat_score"":57,""base_reliability_score"":78,""used_demand_score"":65,""mining_popularity_score"":0,""depreciation_rate"":8}",
intel-core-i7-2600,Intel Core i7-2600,CPU,Intel,intel,intel,Mỹ,US,,Manual curated sheet v2,,MANUAL,,LGA1155,95,4 Cores 8 Threads | Up to 3.8GHz | Chip Đồ Họa Cũ Đời Đầu,46,95,63,78,65,0,8,,,,,"{""raw_key_specs"":""4 Cores 8 Threads | Up to 3.8GHz | Chip Đồ Họa Cũ Đời Đầu"",""socket_slot"":""LGA1155"",""power_watts"":95,""socket"":""LGA1155"",""cores"":4,""threads"":8,""boost_clock_ghz"":3.8,""notes"":[""Chip Đồ Họa Cũ Đời Đầu""],""origin_name_vi"":""Mỹ"",""origin_code"":""US""}","{""base_performance_score"":46,""base_power_watts"":95,""base_heat_score"":63,""base_reliability_score"":78,""used_demand_score"":65,""mining_popularity_score"":0,""depreciation_rate"":8}",
intel-core-i5-2400,Intel Core i5-2400,CPU,Intel,intel,intel,Mỹ,US,,Manual curated sheet v2,,MANUAL,,LGA1155,95,4 Cores 4 Threads | Up to 3.4GHz | Chip Chống Cháy Hoài Cổ,43,95,63,78,65,0,8,,,,,"{""raw_key_specs"":""4 Cores 4 Threads | Up to 3.4GHz | Chip Chống Cháy Hoài Cổ"",""socket_slot"":""LGA1155"",""power_watts"":95,""socket"":""LGA1155"",""cores"":4,""threads"":4,""boost_clock_ghz"":3.4,""notes"":[""Chip Chống Cháy Hoài Cổ""],""origin_name_vi"":""Mỹ"",""origin_code"":""US"",""alternate_rows"":[{""source_row"":348,""category"":""CPU"",""brand"":""Intel"",""model"":""Core i5-2400"",""key_specs"":""4 Cores 4 Threads | Con Chip Chống Cháy Giá Rẻ Nhất Máy Hoài Cổ"",""socket_slot"":""LGA1155"",""power_watts"":95}]}","{""base_performance_score"":43,""base_power_watts"":95,""base_heat_score"":63,""base_reliability_score"":78,""used_demand_score"":65,""mining_popularity_score"":0,""depreciation_rate"":8}",
intel-xeon-e5-2673-v3,Intel Xeon E5-2673 v3,CPU,Intel,intel,intel,Mỹ,US,,Manual curated sheet v2,,MANUAL,,LGA2011-3,105,12 Cores 24 Threads | 2.4GHz | Chuyên Chạy Giả Lập Nox,67,105,67,73,75,0,16,,,,,"{""raw_key_specs"":""12 Cores 24 Threads | 2.4GHz | Chuyên Chạy Giả Lập Nox"",""socket_slot"":""LGA2011-3"",""power_watts"":105,""socket"":""LGA2011-3"",""cores"":12,""threads"":24,""clock_ghz"":2.4,""notes"":[""Chuyên Chạy Giả Lập Nox""],""origin_name_vi"":""Mỹ"",""origin_code"":""US""}","{""base_performance_score"":67,""base_power_watts"":105,""base_heat_score"":67,""base_reliability_score"":73,""used_demand_score"":75,""mining_popularity_score"":0,""depreciation_rate"":16}",
intel-xeon-e5-2683-v4,Intel Xeon E5-2683 v4,CPU,Intel,intel,intel,Mỹ,US,,Manual curated sheet v2,,MANUAL,,LGA2011-3,120,16 Cores 32 Threads | 2.1GHz | Chạy Ảo Hóa Server Cũ,81,120,72,73,75,0,16,,,,,"{""raw_key_specs"":""16 Cores 32 Threads | 2.1GHz | Chạy Ảo Hóa Server Cũ"",""socket_slot"":""LGA2011-3"",""power_watts"":120,""socket"":""LGA2011-3"",""cores"":16,""threads"":32,""clock_ghz"":2.1,""notes"":[""Chạy Ảo Hóa Server Cũ""],""origin_name_vi"":""Mỹ"",""origin_code"":""US""}","{""base_performance_score"":81,""base_power_watts"":120,""base_heat_score"":72,""base_reliability_score"":73,""used_demand_score"":75,""mining_popularity_score"":0,""depreciation_rate"":16}",
intel-xeon-e3-1230-v3,Intel Xeon E3-1230 v3,CPU,Intel,intel,intel,Mỹ,US,,Manual curated sheet v2,,MANUAL,,LGA1150,80,4 Cores 8 Threads | Up to 3.7GHz | Core i7 Giá Rẻ Đời Cũ,46,80,58,73,75,0,16,,,,,"{""raw_key_specs"":""4 Cores 8 Threads | Up to 3.7GHz | Core i7 Giá Rẻ Đời Cũ"",""socket_slot"":""LGA1150"",""power_watts"":80,""socket"":""LGA1150"",""cores"":4,""threads"":8,""boost_clock_ghz"":3.7,""notes"":[""Core i7 Giá Rẻ Đời Cũ""],""origin_name_vi"":""Mỹ"",""origin_code"":""US""}","{""base_performance_score"":46,""base_power_watts"":80,""base_heat_score"":58,""base_reliability_score"":73,""used_demand_score"":75,""mining_popularity_score"":0,""depreciation_rate"":16}",
amd-ryzen-9-9900x,AMD Ryzen 9 9900X,CPU,AMD,amd,amd,Mỹ,US,,Manual curated sheet v2,,MANUAL,,AM5,120,12 Cores 24 Threads | Up to 5.6GHz | Dòng Cao Cấp Mới,93,120,72,78,65,0,8,,,,,"{""raw_key_specs"":""12 Cores 24 Threads | Up to 5.6GHz | Dòng Cao Cấp Mới"",""socket_slot"":""AM5"",""power_watts"":120,""socket"":""AM5"",""cores"":12,""threads"":24,""boost_clock_ghz"":5.6,""notes"":[""Dòng Cao Cấp Mới""],""origin_name_vi"":""Mỹ"",""origin_code"":""US"",""alternate_rows"":[{""source_row"":214,""category"":""CPU"",""brand"":""AMD"",""model"":""Ryzen 9 9900X"",""key_specs"":""12 Cores 24 Threads | Kiến Trúc Zen 5 Mới Hiệu Năng Khủng"",""socket_slot"":""AM5"",""power_watts"":120}]}","{""base_performance_score"":93,""base_power_watts"":120,""base_heat_score"":72,""base_reliability_score"":78,""used_demand_score"":65,""mining_popularity_score"":0,""depreciation_rate"":8}",
amd-ryzen-5-9600x,AMD Ryzen 5 9600X,CPU,AMD,amd,amd,Mỹ,US,,Manual curated sheet v2,,MANUAL,,AM5,65,6 Cores 12 Threads | Up to 5.4GHz | Gaming Tầm Trung Mới,67,65,53,78,65,0,8,,,,,"{""raw_key_specs"":""6 Cores 12 Threads | Up to 5.4GHz | Gaming Tầm Trung Mới"",""socket_slot"":""AM5"",""power_watts"":65,""socket"":""AM5"",""cores"":6,""threads"":12,""boost_clock_ghz"":5.4,""notes"":[""Gaming Tầm Trung Mới""],""origin_name_vi"":""Mỹ"",""origin_code"":""US"",""alternate_rows"":[{""source_row"":215,""category"":""CPU"",""brand"":""AMD"",""model"":""Ryzen 5 9600X"",""key_specs"":""6 Cores 12 Threads | Chip Gaming Phổ Thông Thế Hệ Mới"",""socket_slot"":""AM5"",""power_watts"":65},{""source_row"":352,""category"":""CPU"",""brand"":""AMD"",""model"":""Ryzen 5 9600X"",""key_specs"":""6 Cores 12 Threads | Dòng Chip Sân Chơi Phổ Thông Mới Toanh"",""socket_slot"":""AM5"",""power_watts"":65}]}","{""base_performance_score"":67,""base_power_watts"":65,""base_heat_score"":53,""base_reliability_score"":78,""used_demand_score"":65,""mining_popularity_score"":0,""depreciation_rate"":8}",
amd-ryzen-9-7900x,AMD Ryzen 9 7900X,CPU,AMD,amd,amd,Mỹ,US,,Manual curated sheet v2,,MANUAL,,AM5,170,12 Cores 24 Threads | Up to 5.6GHz | Đa Nhiệm Khủng AM5,93,170,90,78,65,0,8,,,,,"{""raw_key_specs"":""12 Cores 24 Threads | Up to 5.6GHz | Đa Nhiệm Khủng AM5"",""socket_slot"":""AM5"",""power_watts"":170,""socket"":""AM5"",""cores"":12,""threads"":24,""boost_clock_ghz"":5.6,""notes"":[""Đa Nhiệm Khủng AM5""],""origin_name_vi"":""Mỹ"",""origin_code"":""US""}","{""base_performance_score"":93,""base_power_watts"":170,""base_heat_score"":90,""base_reliability_score"":78,""used_demand_score"":65,""mining_popularity_score"":0,""depreciation_rate"":8}",
amd-ryzen-7-7700,AMD Ryzen 7 7700,CPU,AMD,amd,amd,Mỹ,US,,Manual curated sheet v2,,MANUAL,,AM5,65,8 Cores 16 Threads | Up to 5.3GHz | Tiết Kiệm Điện Năng,74,65,53,78,65,0,8,,,,,"{""raw_key_specs"":""8 Cores 16 Threads | Up to 5.3GHz | Tiết Kiệm Điện Năng"",""socket_slot"":""AM5"",""power_watts"":65,""socket"":""AM5"",""cores"":8,""threads"":16,""boost_clock_ghz"":5.3,""notes"":[""Tiết Kiệm Điện Năng""],""origin_name_vi"":""Mỹ"",""origin_code"":""US""}","{""base_performance_score"":74,""base_power_watts"":65,""base_heat_score"":53,""base_reliability_score"":78,""used_demand_score"":65,""mining_popularity_score"":0,""depreciation_rate"":8}",
amd-ryzen-9-5900x,AMD Ryzen 9 5900X,CPU,AMD,amd,amd,Mỹ,US,,Manual curated sheet v2,,MANUAL,,AM4,105,12 Cores 24 Threads | Up to 4.8GHz | Trùm Đa Nhiệm AM4,86,105,67,78,65,0,8,,,,,"{""raw_key_specs"":""12 Cores 24 Threads | Up to 4.8GHz | Trùm Đa Nhiệm AM4"",""socket_slot"":""AM4"",""power_watts"":105,""socket"":""AM4"",""cores"":12,""threads"":24,""boost_clock_ghz"":4.8,""notes"":[""Trùm Đa Nhiệm AM4""],""origin_name_vi"":""Mỹ"",""origin_code"":""US""}","{""base_performance_score"":86,""base_power_watts"":105,""base_heat_score"":67,""base_reliability_score"":78,""used_demand_score"":65,""mining_popularity_score"":0,""depreciation_rate"":8}",
amd-ryzen-7-5700x,AMD Ryzen 7 5700X,CPU,AMD,amd,amd,Mỹ,US,,Manual curated sheet v2,,MANUAL,,AM4,65,8 Cores 16 Threads | Up to 4.6GHz | Đồ Họa Gaming Tầm Trung,69,65,53,78,65,0,8,,,,,"{""raw_key_specs"":""8 Cores 16 Threads | Up to 4.6GHz | Đồ Họa Gaming Tầm Trung"",""socket_slot"":""AM4"",""power_watts"":65,""socket"":""AM4"",""cores"":8,""threads"":16,""boost_clock_ghz"":4.6,""notes"":[""Đồ Họa Gaming Tầm Trung""],""origin_name_vi"":""Mỹ"",""origin_code"":""US"",""alternate_rows"":[{""source_row"":220,""category"":""CPU"",""brand"":""AMD"",""model"":""Ryzen 7 5700X"",""key_specs"":""8 Cores 16 Threads | Đồ Họa Kiến Trúc Render Giá Tốt"",""socket_slot"":""AM4"",""power_watts"":65}]}","{""base_performance_score"":69,""base_power_watts"":65,""base_heat_score"":53,""base_reliability_score"":78,""used_demand_score"":65,""mining_popularity_score"":0,""depreciation_rate"":8}",
amd-ryzen-5-5600g,AMD Ryzen 5 5600G,CPU,AMD,amd,amd,Mỹ,US,,Manual curated sheet v2,,MANUAL,,AM4,65,6 Cores 12 Threads | Tích hợp Radeon Graphics Cực Khỏe,52,65,53,78,65,0,8,,,,,"{""raw_key_specs"":""6 Cores 12 Threads | Tích hợp Radeon Graphics Cực Khỏe"",""socket_slot"":""AM4"",""power_watts"":65,""socket"":""AM4"",""cores"":6,""threads"":12,""origin_name_vi"":""Mỹ"",""origin_code"":""US"",""alternate_rows"":[{""source_row"":356,""category"":""CPU"",""brand"":""AMD"",""model"":""Ryzen 5 5600G"",""key_specs"":""6 Cores 12 Threads | Tích Hợp Vega 7 Đồ Họa Không Cần Card Rời"",""socket_slot"":""AM4"",""power_watts"":65}]}","{""base_performance_score"":52,""base_power_watts"":65,""base_heat_score"":53,""base_reliability_score"":78,""used_demand_score"":65,""mining_popularity_score"":0,""depreciation_rate"":8}",
amd-ryzen-5-4600g,AMD Ryzen 5 4600G,CPU,AMD,amd,amd,Mỹ,US,,Manual curated sheet v2,,MANUAL,,AM4,65,6 Cores 12 Threads | APU Giá Rẻ Không Cần Card Rời,52,65,53,78,65,0,8,,,,,"{""raw_key_specs"":""6 Cores 12 Threads | APU Giá Rẻ Không Cần Card Rời"",""socket_slot"":""AM4"",""power_watts"":65,""socket"":""AM4"",""cores"":6,""threads"":12,""origin_name_vi"":""Mỹ"",""origin_code"":""US""}","{""base_performance_score"":52,""base_power_watts"":65,""base_heat_score"":53,""base_reliability_score"":78,""used_demand_score"":65,""mining_popularity_score"":0,""depreciation_rate"":8}",
amd-ryzen-3-3200g,AMD Ryzen 3 3200G,CPU,AMD,amd,amd,Mỹ,US,,Manual curated sheet v2,,MANUAL,,AM4,65,4 Cores 4 Threads | Vega 8 Graphics | Máy Cỏ Giá Rẻ,44,65,53,78,65,0,8,,,,,"{""raw_key_specs"":""4 Cores 4 Threads | Vega 8 Graphics | Máy Cỏ Giá Rẻ"",""socket_slot"":""AM4"",""power_watts"":65,""socket"":""AM4"",""cores"":4,""threads"":4,""notes"":[""Máy Cỏ Giá Rẻ""],""origin_name_vi"":""Mỹ"",""origin_code"":""US""}","{""base_performance_score"":44,""base_power_watts"":65,""base_heat_score"":53,""base_reliability_score"":78,""used_demand_score"":65,""mining_popularity_score"":0,""depreciation_rate"":8}",
amd-ryzen-7-3700x,AMD Ryzen 7 3700X,CPU,AMD,amd,amd,Mỹ,US,,Manual curated sheet v2,,MANUAL,,AM4,65,8 Cores 16 Threads | Up to 4.4GHz | Kiến Trúc Zen 2 Khỏe,67,65,53,78,65,0,8,,,,,"{""raw_key_specs"":""8 Cores 16 Threads | Up to 4.4GHz | Kiến Trúc Zen 2 Khỏe"",""socket_slot"":""AM4"",""power_watts"":65,""socket"":""AM4"",""cores"":8,""threads"":16,""boost_clock_ghz"":4.4,""notes"":[""Kiến Trúc Zen 2 Khỏe""],""origin_name_vi"":""Mỹ"",""origin_code"":""US""}","{""base_performance_score"":67,""base_power_watts"":65,""base_heat_score"":53,""base_reliability_score"":78,""used_demand_score"":65,""mining_popularity_score"":0,""depreciation_rate"":8}",
amd-ryzen-5-2600,AMD Ryzen 5 2600,CPU,AMD,amd,amd,Mỹ,US,,Manual curated sheet v2,,MANUAL,,AM4,65,6 Cores 12 Threads | Up to 3.9GHz | Máy Gaming Cỏ Phổ Biến,55,65,53,78,65,0,8,,,,,"{""raw_key_specs"":""6 Cores 12 Threads | Up to 3.9GHz | Máy Gaming Cỏ Phổ Biến"",""socket_slot"":""AM4"",""power_watts"":65,""socket"":""AM4"",""cores"":6,""threads"":12,""boost_clock_ghz"":3.9,""notes"":[""Máy Gaming Cỏ Phổ Biến""],""origin_name_vi"":""Mỹ"",""origin_code"":""US""}","{""base_performance_score"":55,""base_power_watts"":65,""base_heat_score"":53,""base_reliability_score"":78,""used_demand_score"":65,""mining_popularity_score"":0,""depreciation_rate"":8}",
amd-fx-8350,AMD FX-8350,CPU,AMD,amd,amd,Mỹ,US,,Manual curated sheet v2,,MANUAL,,AM3+,125,"8 Cores 8 Threads | 4.0GHz | Huyền Thoại ""Lò Sưởi"" Đời Cũ",64,125,74,78,65,0,8,,,,,"{""raw_key_specs"":""8 Cores 8 Threads | 4.0GHz | Huyền Thoại \""Lò Sưởi\"" Đời Cũ"",""socket_slot"":""AM3+"",""power_watts"":125,""socket"":""AM3+"",""cores"":8,""threads"":8,""clock_ghz"":4.0,""notes"":[""Huyền Thoại \""Lò Sưởi\"" Đời Cũ""],""origin_name_vi"":""Mỹ"",""origin_code"":""US""}","{""base_performance_score"":64,""base_power_watts"":125,""base_heat_score"":74,""base_reliability_score"":78,""used_demand_score"":65,""mining_popularity_score"":0,""depreciation_rate"":8}",
asus-rog-strix-rtx-4060-ti-advanced,ASUS ROG Strix RTX 4060 Ti Advanced,GPU,ASUS,asus,nvidia,Đài Loan,TW,,Manual curated sheet v2,,MANUAL,,PCIe 4.0 x8,165,16GB GDDR6 | Bản VRAM Lớn Thiết Kế Cao Cấp,66,165,52,78,75,84,8,,,,,"{""raw_key_specs"":""16GB GDDR6 | Bản VRAM Lớn Thiết Kế Cao Cấp"",""socket_slot"":""PCIe 4.0 x8"",""power_watts"":165,""slot_interface"":""PCIe 4.0 x8"",""vram_gb"":16,""memory_type"":""GDDR6"",""origin_name_vi"":""Đài Loan"",""origin_code"":""TW""}","{""base_performance_score"":66,""base_power_watts"":165,""base_heat_score"":52,""base_reliability_score"":78,""used_demand_score"":75,""mining_popularity_score"":84,""depreciation_rate"":8}",
asus-tuf-gaming-rtx-4070-super-oc,ASUS TUF Gaming RTX 4070 SUPER OC,GPU,ASUS,asus,nvidia,Đài Loan,TW,,Manual curated sheet v2,,MANUAL,,PCIe 4.0 x16,225,12GB GDDR6X | Bản 3 Quạt Vỏ Kim Loại Bền,78,225,58,78,75,68,8,,,,,"{""raw_key_specs"":""12GB GDDR6X | Bản 3 Quạt Vỏ Kim Loại Bền"",""socket_slot"":""PCIe 4.0 x16"",""power_watts"":225,""slot_interface"":""PCIe 4.0 x16"",""vram_gb"":12,""memory_type"":""GDDR6X"",""origin_name_vi"":""Đài Loan"",""origin_code"":""TW""}","{""base_performance_score"":78,""base_power_watts"":225,""base_heat_score"":58,""base_reliability_score"":78,""used_demand_score"":75,""mining_popularity_score"":68,""depreciation_rate"":8}",
asus-dual-rtx-3060-ti-oc-white,ASUS Dual RTX 3060 Ti OC White,GPU,ASUS,asus,nvidia,Đài Loan,TW,,Manual curated sheet v2,,MANUAL,,PCIe 4.0 x16,200,8GB GDDR6 | Bản 2 Quạt Màu Trắng Tuyết Cũ,66,200,55,78,75,72,8,,,,,"{""raw_key_specs"":""8GB GDDR6 | Bản 2 Quạt Màu Trắng Tuyết Cũ"",""socket_slot"":""PCIe 4.0 x16"",""power_watts"":200,""slot_interface"":""PCIe 4.0 x16"",""vram_gb"":8,""memory_type"":""GDDR6"",""origin_name_vi"":""Đài Loan"",""origin_code"":""TW""}","{""base_performance_score"":66,""base_power_watts"":200,""base_heat_score"":55,""base_reliability_score"":78,""used_demand_score"":75,""mining_popularity_score"":72,""depreciation_rate"":8}",
asus-phoenix-gtx-1650-oc,ASUS Phoenix GTX 1650 OC,GPU,ASUS,asus,nvidia,Đài Loan,TW,,Manual curated sheet v2,,MANUAL,,PCIe 3.0 x16,75,4GB GDDR6 | Bản 1 Quạt Nhỏ Gọn Không Nguồn Phụ,25,75,42,78,80,36,8,,,,,"{""raw_key_specs"":""4GB GDDR6 | Bản 1 Quạt Nhỏ Gọn Không Nguồn Phụ"",""socket_slot"":""PCIe 3.0 x16"",""power_watts"":75,""slot_interface"":""PCIe 3.0 x16"",""vram_gb"":4,""memory_type"":""GDDR6"",""origin_name_vi"":""Đài Loan"",""origin_code"":""TW""}","{""base_performance_score"":25,""base_power_watts"":75,""base_heat_score"":42,""base_reliability_score"":78,""used_demand_score"":80,""mining_popularity_score"":36,""depreciation_rate"":8}",
asus-rog-strix-gtx-1070-ti,ASUS ROG Strix GTX 1070 Ti,GPU,ASUS,asus,nvidia,Đài Loan,TW,,Manual curated sheet v2,,MANUAL,,PCIe 3.0 x16,180,8GB GDDR5 | Card Gaming Cũ Hầm Hố Đèn RGB,70,180,53,78,75,52,8,,,,,"{""raw_key_specs"":""8GB GDDR5 | Card Gaming Cũ Hầm Hố Đèn RGB"",""socket_slot"":""PCIe 3.0 x16"",""power_watts"":180,""slot_interface"":""PCIe 3.0 x16"",""vram_gb"":8,""memory_type"":""GDDR5"",""origin_name_vi"":""Đài Loan"",""origin_code"":""TW""}","{""base_performance_score"":70,""base_power_watts"":180,""base_heat_score"":53,""base_reliability_score"":78,""used_demand_score"":75,""mining_popularity_score"":52,""depreciation_rate"":8}",
msi-rtx-4060-ti-gaming-x-slim-white,MSI RTX 4060 Ti Gaming X Slim White,GPU,MSI,msi,nvidia,Đài Loan,TW,,Manual curated sheet v2,,MANUAL,,PCIe 4.0 x8,160,16GB GDDR6 | Bản Trắng Mỏng Nhẹ Siêu Đẹp,66,160,51,78,75,84,8,,,,,"{""raw_key_specs"":""16GB GDDR6 | Bản Trắng Mỏng Nhẹ Siêu Đẹp"",""socket_slot"":""PCIe 4.0 x8"",""power_watts"":160,""slot_interface"":""PCIe 4.0 x8"",""vram_gb"":16,""memory_type"":""GDDR6"",""origin_name_vi"":""Đài Loan"",""origin_code"":""TW""}","{""base_performance_score"":66,""base_power_watts"":160,""base_heat_score"":51,""base_reliability_score"":78,""used_demand_score"":75,""mining_popularity_score"":84,""depreciation_rate"":8}",
msi-rtx-4070-ti-super-ventus-2x-white,MSI RTX 4070 Ti SUPER Ventus 2X White,GPU,MSI,msi,nvidia,Đài Loan,TW,,Manual curated sheet v2,,MANUAL,,PCIe 4.0 x16,285,16GB GDDR6X | 2 Quạt Màu Trắng Tối Giản,86,285,64,78,75,84,8,,,,,"{""raw_key_specs"":""16GB GDDR6X | 2 Quạt Màu Trắng Tối Giản"",""socket_slot"":""PCIe 4.0 x16"",""power_watts"":285,""slot_interface"":""PCIe 4.0 x16"",""vram_gb"":16,""memory_type"":""GDDR6X"",""origin_name_vi"":""Đài Loan"",""origin_code"":""TW""}","{""base_performance_score"":86,""base_power_watts"":285,""base_heat_score"":64,""base_reliability_score"":78,""used_demand_score"":75,""mining_popularity_score"":84,""depreciation_rate"":8}",
msi-rtx-3060-gaming-x-trio,MSI RTX 3060 Gaming X Trio,GPU,MSI,msi,nvidia,Đài Loan,TW,,Manual curated sheet v2,,MANUAL,,PCIe 4.0 x16,170,12GB GDDR6 | Card 3 Quạt Cực Dài Đèn LED Đẹp,58,170,52,78,75,88,8,,,,,"{""raw_key_specs"":""12GB GDDR6 | Card 3 Quạt Cực Dài Đèn LED Đẹp"",""socket_slot"":""PCIe 4.0 x16"",""power_watts"":170,""slot_interface"":""PCIe 4.0 x16"",""vram_gb"":12,""memory_type"":""GDDR6"",""origin_name_vi"":""Đài Loan"",""origin_code"":""TW""}","{""base_performance_score"":58,""base_power_watts"":170,""base_heat_score"":52,""base_reliability_score"":78,""used_demand_score"":75,""mining_popularity_score"":88,""depreciation_rate"":8}",
msi-gtx-1660-super-ventus-xs-oc,MSI GTX 1660 Super Ventus XS OC,GPU,MSI,msi,nvidia,Đài Loan,TW,,Manual curated sheet v2,,MANUAL,,PCIe 3.0 x16,125,6GB GDDR6 | Card Tầm Trung Cũ Cực Bền,64,125,48,78,75,44,8,,,,,"{""raw_key_specs"":""6GB GDDR6 | Card Tầm Trung Cũ Cực Bền"",""socket_slot"":""PCIe 3.0 x16"",""power_watts"":125,""slot_interface"":""PCIe 3.0 x16"",""vram_gb"":6,""memory_type"":""GDDR6"",""origin_name_vi"":""Đài Loan"",""origin_code"":""TW""}","{""base_performance_score"":64,""base_power_watts"":125,""base_heat_score"":48,""base_reliability_score"":78,""used_demand_score"":75,""mining_popularity_score"":44,""depreciation_rate"":8}",
msi-gtx-1050-ti-gaming-x,MSI GTX 1050 Ti Gaming X,GPU,MSI,msi,nvidia,Đài Loan,TW,,Manual curated sheet v2,,MANUAL,,PCIe 3.0 x16,75,4GB GDDR5 | Bản Rồng Đỏ Đen Huyền Thoại Máy Cỏ,25,75,42,78,80,36,8,,,,,"{""raw_key_specs"":""4GB GDDR5 | Bản Rồng Đỏ Đen Huyền Thoại Máy Cỏ"",""socket_slot"":""PCIe 3.0 x16"",""power_watts"":75,""slot_interface"":""PCIe 3.0 x16"",""vram_gb"":4,""memory_type"":""GDDR5"",""origin_name_vi"":""Đài Loan"",""origin_code"":""TW""}","{""base_performance_score"":25,""base_power_watts"":75,""base_heat_score"":42,""base_reliability_score"":78,""used_demand_score"":80,""mining_popularity_score"":36,""depreciation_rate"":8}",
gigabyte-rtx-4060-aero-oc,GIGABYTE RTX 4060 AERO OC,GPU,GIGABYTE,gigabyte,nvidia,Đài Loan,TW,,Manual curated sheet v2,,MANUAL,,PCIe 4.0 x8,115,8GB GDDR6 | Bản Thiết Kế Màu Trắng Sang Trọng,58,115,46,78,75,52,8,,,,,"{""raw_key_specs"":""8GB GDDR6 | Bản Thiết Kế Màu Trắng Sang Trọng"",""socket_slot"":""PCIe 4.0 x8"",""power_watts"":115,""slot_interface"":""PCIe 4.0 x8"",""vram_gb"":8,""memory_type"":""GDDR6"",""origin_name_vi"":""Đài Loan"",""origin_code"":""TW""}","{""base_performance_score"":58,""base_power_watts"":115,""base_heat_score"":46,""base_reliability_score"":78,""used_demand_score"":75,""mining_popularity_score"":52,""depreciation_rate"":8}",
gigabyte-rtx-4070-ti-super-eagle-oc,GIGABYTE RTX 4070 Ti SUPER EAGLE OC,GPU,GIGABYTE,gigabyte,nvidia,Đài Loan,TW,,Manual curated sheet v2,,MANUAL,,PCIe 4.0 x16,285,16GB GDDR6X | Bản 3 Quạt Giá Tốt,86,285,64,78,75,84,8,,,,,"{""raw_key_specs"":""16GB GDDR6X | Bản 3 Quạt Giá Tốt"",""socket_slot"":""PCIe 4.0 x16"",""power_watts"":285,""slot_interface"":""PCIe 4.0 x16"",""vram_gb"":16,""memory_type"":""GDDR6X"",""origin_name_vi"":""Đài Loan"",""origin_code"":""TW""}","{""base_performance_score"":86,""base_power_watts"":285,""base_heat_score"":64,""base_reliability_score"":78,""used_demand_score"":75,""mining_popularity_score"":84,""depreciation_rate"":8}",
gigabyte-rtx-3070-vision-oc,GIGABYTE RTX 3070 Vision OC,GPU,GIGABYTE,gigabyte,nvidia,Đài Loan,TW,,Manual curated sheet v2,,MANUAL,,PCIe 4.0 x16,220,8GB GDDR6 | Tông Bạc Trắng Cho Dân Đồ Họa Cũ,70,220,57,78,75,72,8,,,,,"{""raw_key_specs"":""8GB GDDR6 | Tông Bạc Trắng Cho Dân Đồ Họa Cũ"",""socket_slot"":""PCIe 4.0 x16"",""power_watts"":220,""slot_interface"":""PCIe 4.0 x16"",""vram_gb"":8,""memory_type"":""GDDR6"",""origin_name_vi"":""Đài Loan"",""origin_code"":""TW""}","{""base_performance_score"":70,""base_power_watts"":220,""base_heat_score"":57,""base_reliability_score"":78,""used_demand_score"":75,""mining_popularity_score"":72,""depreciation_rate"":8}",
gigabyte-gtx-1060-windforce-2x,GIGABYTE GTX 1060 WindForce 2X,GPU,GIGABYTE,gigabyte,nvidia,Đài Loan,TW,,Manual curated sheet v2,,MANUAL,,PCIe 3.0 x16,120,6GB GDDR5 | Bản 2 Quạt Quốc Dân Máy Cỏ,64,120,47,78,75,44,8,,,,,"{""raw_key_specs"":""6GB GDDR5 | Bản 2 Quạt Quốc Dân Máy Cỏ"",""socket_slot"":""PCIe 3.0 x16"",""power_watts"":120,""slot_interface"":""PCIe 3.0 x16"",""vram_gb"":6,""memory_type"":""GDDR5"",""origin_name_vi"":""Đài Loan"",""origin_code"":""TW""}","{""base_performance_score"":64,""base_power_watts"":120,""base_heat_score"":47,""base_reliability_score"":78,""used_demand_score"":75,""mining_popularity_score"":44,""depreciation_rate"":8}",
gigabyte-gtx-750-ti-windforce,GIGABYTE GTX 750 Ti WindForce,GPU,GIGABYTE,gigabyte,nvidia,Đài Loan,TW,,Manual curated sheet v2,,MANUAL,,PCIe 3.0 x16,60,2GB GDDR5 | Huyền Thoại Cắm Máy Khởi Nghiệp,52,60,41,78,75,28,8,,,,,"{""raw_key_specs"":""2GB GDDR5 | Huyền Thoại Cắm Máy Khởi Nghiệp"",""socket_slot"":""PCIe 3.0 x16"",""power_watts"":60,""slot_interface"":""PCIe 3.0 x16"",""vram_gb"":2,""memory_type"":""GDDR5"",""origin_name_vi"":""Đài Loan"",""origin_code"":""TW""}","{""base_performance_score"":52,""base_power_watts"":60,""base_heat_score"":41,""base_reliability_score"":78,""used_demand_score"":75,""mining_popularity_score"":28,""depreciation_rate"":8}",
asrock-radeon-rx-7600-challenger-d,ASRock Radeon RX 7600 Challenger D,GPU,ASRock,asrock,amd,Đài Loan,TW,,Manual curated sheet v2,,MANUAL,,PCIe 4.0 x8,165,8GB GDDR6 | Card Đồ Họa Giá Rẻ Chiến Game,58,165,52,78,75,52,8,,,,,"{""raw_key_specs"":""8GB GDDR6 | Card Đồ Họa Giá Rẻ Chiến Game"",""socket_slot"":""PCIe 4.0 x8"",""power_watts"":165,""slot_interface"":""PCIe 4.0 x8"",""vram_gb"":8,""memory_type"":""GDDR6"",""origin_name_vi"":""Đài Loan"",""origin_code"":""TW""}","{""base_performance_score"":58,""base_power_watts"":165,""base_heat_score"":52,""base_reliability_score"":78,""used_demand_score"":75,""mining_popularity_score"":52,""depreciation_rate"":8}",
asrock-radeon-rx-6700-xt-challenger-pro,ASRock Radeon RX 6700 XT Challenger Pro,GPU,ASRock,asrock,amd,Đài Loan,TW,,Manual curated sheet v2,,MANUAL,,PCIe 4.0 x16,230,12GB GDDR6 | Bản 3 Quạt Cân Game 2K,66,230,58,78,75,68,8,,,,,"{""raw_key_specs"":""12GB GDDR6 | Bản 3 Quạt Cân Game 2K"",""socket_slot"":""PCIe 4.0 x16"",""power_watts"":230,""slot_interface"":""PCIe 4.0 x16"",""vram_gb"":12,""memory_type"":""GDDR6"",""origin_name_vi"":""Đài Loan"",""origin_code"":""TW""}","{""base_performance_score"":66,""base_power_watts"":230,""base_heat_score"":58,""base_reliability_score"":78,""used_demand_score"":75,""mining_popularity_score"":68,""depreciation_rate"":8}",
colorful-igame-rtx-4060-ultra-w-duo-oc,Colorful iGame RTX 4060 Ultra W DUO OC,GPU,Colorful,colorful,nvidia,Trung Quốc,CN,,Manual curated sheet v2,,MANUAL,,PCIe 4.0 x8,115,8GB GDDR6 | Ép Xung Sẵn Tông Trắng,58,115,46,65,70,52,8,,,,,"{""raw_key_specs"":""8GB GDDR6 | Ép Xung Sẵn Tông Trắng"",""socket_slot"":""PCIe 4.0 x8"",""power_watts"":115,""slot_interface"":""PCIe 4.0 x8"",""vram_gb"":8,""memory_type"":""GDDR6"",""origin_name_vi"":""Trung Quốc"",""origin_code"":""CN""}","{""base_performance_score"":58,""base_power_watts"":115,""base_heat_score"":46,""base_reliability_score"":65,""used_demand_score"":70,""mining_popularity_score"":52,""depreciation_rate"":8}",
colorful-rtx-4060-ti-nb-ex-v2,Colorful RTX 4060 Ti NB EX V2,GPU,Colorful,colorful,nvidia,Trung Quốc,CN,,Manual curated sheet v2,,MANUAL,,PCIe 4.0 x8,160,8GB GDDR6 | Bản Chiến Binh Đen Đỏ Phổ Thông,66,160,51,65,70,52,8,,,,,"{""raw_key_specs"":""8GB GDDR6 | Bản Chiến Binh Đen Đỏ Phổ Thông"",""socket_slot"":""PCIe 4.0 x8"",""power_watts"":160,""slot_interface"":""PCIe 4.0 x8"",""vram_gb"":8,""memory_type"":""GDDR6"",""origin_name_vi"":""Trung Quốc"",""origin_code"":""CN""}","{""base_performance_score"":66,""base_power_watts"":160,""base_heat_score"":51,""base_reliability_score"":65,""used_demand_score"":70,""mining_popularity_score"":52,""depreciation_rate"":8}",
colorful-gtx-1650-nb-4gd6,Colorful GTX 1650 NB 4GD6,GPU,Colorful,colorful,nvidia,Trung Quốc,CN,,Manual curated sheet v2,,MANUAL,,PCIe 3.0 x16,75,4GB GDDR6 | Card Giá Rẻ Lắp Máy Cỏ Học Tập,25,75,42,65,75,36,8,,,,,"{""raw_key_specs"":""4GB GDDR6 | Card Giá Rẻ Lắp Máy Cỏ Học Tập"",""socket_slot"":""PCIe 3.0 x16"",""power_watts"":75,""slot_interface"":""PCIe 3.0 x16"",""vram_gb"":4,""memory_type"":""GDDR6"",""origin_name_vi"":""Trung Quốc"",""origin_code"":""CN""}","{""base_performance_score"":25,""base_power_watts"":75,""base_heat_score"":42,""base_reliability_score"":65,""used_demand_score"":75,""mining_popularity_score"":36,""depreciation_rate"":8}",
galax-rtx-4060-ti-ex-rgb,Galax RTX 4060 Ti EX RGB,GPU,Galax,galax,nvidia,Hong Kong,HK,,Manual curated sheet v2,,MANUAL,,PCIe 4.0 x8,160,8GB GDDR6 | Có Đèn LED Đổi Màu Ở Cánh Quạt,66,160,51,70,70,52,8,,,,,"{""raw_key_specs"":""8GB GDDR6 | Có Đèn LED Đổi Màu Ở Cánh Quạt"",""socket_slot"":""PCIe 4.0 x8"",""power_watts"":160,""slot_interface"":""PCIe 4.0 x8"",""vram_gb"":8,""memory_type"":""GDDR6"",""origin_name_vi"":""Hong Kong"",""origin_code"":""HK""}","{""base_performance_score"":66,""base_power_watts"":160,""base_heat_score"":51,""base_reliability_score"":70,""used_demand_score"":70,""mining_popularity_score"":52,""depreciation_rate"":8}",
galax-gtx-1660-super-ex,Galax GTX 1660 Super EX,GPU,Galax,galax,nvidia,Hong Kong,HK,,Manual curated sheet v2,,MANUAL,,PCIe 3.0 x16,125,6GB GDDR6 | Card Cỏ Hiệu Năng Cao Giá Rẻ,64,125,48,70,70,44,8,,,,,"{""raw_key_specs"":""6GB GDDR6 | Card Cỏ Hiệu Năng Cao Giá Rẻ"",""socket_slot"":""PCIe 3.0 x16"",""power_watts"":125,""slot_interface"":""PCIe 3.0 x16"",""vram_gb"":6,""memory_type"":""GDDR6"",""origin_name_vi"":""Hong Kong"",""origin_code"":""HK""}","{""base_performance_score"":64,""base_power_watts"":125,""base_heat_score"":48,""base_reliability_score"":70,""used_demand_score"":70,""mining_popularity_score"":44,""depreciation_rate"":8}",
zotac-rtx-4060-ti-twin-edge-oc-white,Zotac RTX 4060 Ti Twin Edge OC White,GPU,Zotac,zotac,nvidia,Hong Kong,HK,,Manual curated sheet v2,,MANUAL,,PCIe 4.0 x8,160,8GB GDDR6 | Bản Màu Trắng Nhỏ Gọn,66,160,51,70,70,52,8,,,,,"{""raw_key_specs"":""8GB GDDR6 | Bản Màu Trắng Nhỏ Gọn"",""socket_slot"":""PCIe 4.0 x8"",""power_watts"":160,""slot_interface"":""PCIe 4.0 x8"",""vram_gb"":8,""memory_type"":""GDDR6"",""origin_name_vi"":""Hong Kong"",""origin_code"":""HK""}","{""base_performance_score"":66,""base_power_watts"":160,""base_heat_score"":51,""base_reliability_score"":70,""used_demand_score"":70,""mining_popularity_score"":52,""depreciation_rate"":8}",
zotac-rtx-3070-twin-edge,Zotac RTX 3070 Twin Edge,GPU,Zotac,zotac,nvidia,Hong Kong,HK,,Manual curated sheet v2,,MANUAL,,PCIe 4.0 x16,220,8GB GDDR6 | Card Cũ Chiến Game Khỏe Giá Mềm,70,220,57,70,70,72,8,,,,,"{""raw_key_specs"":""8GB GDDR6 | Card Cũ Chiến Game Khỏe Giá Mềm"",""socket_slot"":""PCIe 4.0 x16"",""power_watts"":220,""slot_interface"":""PCIe 4.0 x16"",""vram_gb"":8,""memory_type"":""GDDR6"",""origin_name_vi"":""Hong Kong"",""origin_code"":""HK""}","{""base_performance_score"":70,""base_power_watts"":220,""base_heat_score"":57,""base_reliability_score"":70,""used_demand_score"":70,""mining_popularity_score"":72,""depreciation_rate"":8}",
zotac-gtx-750-ti-2gb,Zotac GTX 750 Ti 2GB,GPU,Zotac,zotac,nvidia,Hong Kong,HK,,Manual curated sheet v2,,MANUAL,,PCIe 3.0 x16,60,2GB GDDR5 | Card Nồi Đồng Cối Đá Cho Máy Cỏ,52,60,41,70,70,28,8,,,,,"{""raw_key_specs"":""2GB GDDR5 | Card Nồi Đồng Cối Đá Cho Máy Cỏ"",""socket_slot"":""PCIe 3.0 x16"",""power_watts"":60,""slot_interface"":""PCIe 3.0 x16"",""vram_gb"":2,""memory_type"":""GDDR5"",""origin_name_vi"":""Hong Kong"",""origin_code"":""HK""}","{""base_performance_score"":52,""base_power_watts"":60,""base_heat_score"":41,""base_reliability_score"":70,""used_demand_score"":70,""mining_popularity_score"":28,""depreciation_rate"":8}",
sapphire-nitro-plus-rx-7800-xt,Sapphire Nitro+ RX 7800 XT,GPU,Sapphire,sapphire,amd,Hong Kong,HK,,Manual curated sheet v2,,MANUAL,,PCIe 4.0 x16,270,16GB GDDR6 | Bản Tản Nhiệt Cao Cấp Đèn LED Chạy,78,270,62,78,75,84,8,,,,,"{""raw_key_specs"":""16GB GDDR6 | Bản Tản Nhiệt Cao Cấp Đèn LED Chạy"",""socket_slot"":""PCIe 4.0 x16"",""power_watts"":270,""slot_interface"":""PCIe 4.0 x16"",""vram_gb"":16,""memory_type"":""GDDR6"",""origin_name_vi"":""Hong Kong"",""origin_code"":""HK""}","{""base_performance_score"":78,""base_power_watts"":270,""base_heat_score"":62,""base_reliability_score"":78,""used_demand_score"":75,""mining_popularity_score"":84,""depreciation_rate"":8}",
sapphire-pulse-rx-6700-xt,Sapphire Pulse RX 6700 XT,GPU,Sapphire,sapphire,amd,Hong Kong,HK,,Manual curated sheet v2,,MANUAL,,PCIe 4.0 x16,230,12GB GDDR6 | Bản 2 Quạt Linh Hồn Đỏ Gaming Cũ,66,230,58,78,75,68,8,,,,,"{""raw_key_specs"":""12GB GDDR6 | Bản 2 Quạt Linh Hồn Đỏ Gaming Cũ"",""socket_slot"":""PCIe 4.0 x16"",""power_watts"":230,""slot_interface"":""PCIe 4.0 x16"",""vram_gb"":12,""memory_type"":""GDDR6"",""origin_name_vi"":""Hong Kong"",""origin_code"":""HK""}","{""base_performance_score"":66,""base_power_watts"":230,""base_heat_score"":58,""base_reliability_score"":78,""used_demand_score"":75,""mining_popularity_score"":68,""depreciation_rate"":8}",
sapphire-nitro-plus-rx-580-8gb,Sapphire Nitro+ RX 580 8GB,GPU,Sapphire,sapphire,amd,Hong Kong,HK,,Manual curated sheet v2,,MANUAL,,PCIe 3.0 x16,185,8GB GDDR5 | Huyền Thoại Trâu Cày LED Xanh Cũ,25,185,54,78,80,72,8,,,,,"{""raw_key_specs"":""8GB GDDR5 | Huyền Thoại Trâu Cày LED Xanh Cũ"",""socket_slot"":""PCIe 3.0 x16"",""power_watts"":185,""slot_interface"":""PCIe 3.0 x16"",""vram_gb"":8,""memory_type"":""GDDR5"",""origin_name_vi"":""Hong Kong"",""origin_code"":""HK""}","{""base_performance_score"":25,""base_power_watts"":185,""base_heat_score"":54,""base_reliability_score"":78,""used_demand_score"":80,""mining_popularity_score"":72,""depreciation_rate"":8}",
xfx-speedster-qick-319-rx-7800-xt,XFX Speedster QICK 319 RX 7800 XT,GPU,XFX,xfx,amd,Mỹ,US,,Manual curated sheet v2,,MANUAL,,PCIe 4.0 x16,263,16GB GDDR6 | Bản 3 Quạt Dài Đen Nhám Ngầu,78,263,61,78,75,84,8,,,,,"{""raw_key_specs"":""16GB GDDR6 | Bản 3 Quạt Dài Đen Nhám Ngầu"",""socket_slot"":""PCIe 4.0 x16"",""power_watts"":263,""slot_interface"":""PCIe 4.0 x16"",""vram_gb"":16,""memory_type"":""GDDR6"",""origin_name_vi"":""Mỹ"",""origin_code"":""US""}","{""base_performance_score"":78,""base_power_watts"":263,""base_heat_score"":61,""base_reliability_score"":78,""used_demand_score"":75,""mining_popularity_score"":84,""depreciation_rate"":8}",
xfx-speedster-swft-210-rx-6650-xt,XFX Speedster SWFT 210 RX 6650 XT,GPU,XFX,xfx,amd,Mỹ,US,,Manual curated sheet v2,,MANUAL,,PCIe 4.0 x8,176,8GB GDDR6 | Bản Nâng Cấp RX 6600 Giá Hạt Dẻ,70,176,53,78,75,52,8,,,,,"{""raw_key_specs"":""8GB GDDR6 | Bản Nâng Cấp RX 6600 Giá Hạt Dẻ"",""socket_slot"":""PCIe 4.0 x8"",""power_watts"":176,""slot_interface"":""PCIe 4.0 x8"",""vram_gb"":8,""memory_type"":""GDDR6"",""origin_name_vi"":""Mỹ"",""origin_code"":""US""}","{""base_performance_score"":70,""base_power_watts"":176,""base_heat_score"":53,""base_reliability_score"":78,""used_demand_score"":75,""mining_popularity_score"":52,""depreciation_rate"":8}",
powercolor-red-devil-rx-7800-xt,PowerColor Red Devil RX 7800 XT,GPU,PowerColor,powercolor,amd,Đài Loan,TW,,Manual curated sheet v2,,MANUAL,,PCIe 4.0 x16,280,16GB GDDR6 | Bản Hầm Hố Thiết Kế Quỷ Đỏ,78,280,63,78,75,84,8,,,,,"{""raw_key_specs"":""16GB GDDR6 | Bản Hầm Hố Thiết Kế Quỷ Đỏ"",""socket_slot"":""PCIe 4.0 x16"",""power_watts"":280,""slot_interface"":""PCIe 4.0 x16"",""vram_gb"":16,""memory_type"":""GDDR6"",""origin_name_vi"":""Đài Loan"",""origin_code"":""TW""}","{""base_performance_score"":78,""base_power_watts"":280,""base_heat_score"":63,""base_reliability_score"":78,""used_demand_score"":75,""mining_popularity_score"":84,""depreciation_rate"":8}",
powercolor-fighter-rx-6600,PowerColor Fighter RX 6600,GPU,PowerColor,powercolor,amd,Đài Loan,TW,,Manual curated sheet v2,,MANUAL,,PCIe 4.0 x8,132,8GB GDDR6 | Card Chuyên Trị Game Nét Giá Rẻ Cũ,70,132,48,78,75,52,8,,,,,"{""raw_key_specs"":""8GB GDDR6 | Card Chuyên Trị Game Nét Giá Rẻ Cũ"",""socket_slot"":""PCIe 4.0 x8"",""power_watts"":132,""slot_interface"":""PCIe 4.0 x8"",""vram_gb"":8,""memory_type"":""GDDR6"",""origin_name_vi"":""Đài Loan"",""origin_code"":""TW""}","{""base_performance_score"":70,""base_power_watts"":132,""base_heat_score"":48,""base_reliability_score"":78,""used_demand_score"":75,""mining_popularity_score"":52,""depreciation_rate"":8}",
palit-rtx-4070-dual,Palit RTX 4070 Dual,GPU,Palit,palit,nvidia,Đài Loan,TW,,Manual curated sheet v2,,MANUAL,,PCIe 4.0 x16,200,12GB GDDR6X | Bản 2 Quạt Nhỏ Gọn Đậm Chất Âu Mỹ,78,200,55,70,70,68,8,,,,,"{""raw_key_specs"":""12GB GDDR6X | Bản 2 Quạt Nhỏ Gọn Đậm Chất Âu Mỹ"",""socket_slot"":""PCIe 4.0 x16"",""power_watts"":200,""slot_interface"":""PCIe 4.0 x16"",""vram_gb"":12,""memory_type"":""GDDR6X"",""origin_name_vi"":""Đài Loan"",""origin_code"":""TW""}","{""base_performance_score"":78,""base_power_watts"":200,""base_heat_score"":55,""base_reliability_score"":70,""used_demand_score"":70,""mining_popularity_score"":68,""depreciation_rate"":8}",
gainward-rtx-4060-ghost,Gainward RTX 4060 Ghost,GPU,Gainward,gainward,nvidia,Đài Loan,TW,,Manual curated sheet v2,,MANUAL,,PCIe 4.0 x8,115,8GB GDDR6 | Bản Giá Rẻ Không Đèn Linh Kiện Bền,58,115,46,70,70,52,8,,,,,"{""raw_key_specs"":""8GB GDDR6 | Bản Giá Rẻ Không Đèn Linh Kiện Bền"",""socket_slot"":""PCIe 4.0 x8"",""power_watts"":115,""slot_interface"":""PCIe 4.0 x8"",""vram_gb"":8,""memory_type"":""GDDR6"",""origin_name_vi"":""Đài Loan"",""origin_code"":""TW""}","{""base_performance_score"":58,""base_power_watts"":115,""base_heat_score"":46,""base_reliability_score"":70,""used_demand_score"":70,""mining_popularity_score"":52,""depreciation_rate"":8}",
inno3d-rtx-4060-ti-twin-x2-oc-white,Inno3D RTX 4060 Ti Twin X2 OC White,GPU,Inno3D,inno3d,nvidia,Hong Kong,HK,,Manual curated sheet v2,,MANUAL,,PCIe 4.0 x8,160,8GB GDDR6 | Bản Trắng Giá Rẻ Toàn Diện,66,160,51,70,70,52,8,,,,,"{""raw_key_specs"":""8GB GDDR6 | Bản Trắng Giá Rẻ Toàn Diện"",""socket_slot"":""PCIe 4.0 x8"",""power_watts"":160,""slot_interface"":""PCIe 4.0 x8"",""vram_gb"":8,""memory_type"":""GDDR6"",""origin_name_vi"":""Hong Kong"",""origin_code"":""HK""}","{""base_performance_score"":66,""base_power_watts"":160,""base_heat_score"":51,""base_reliability_score"":70,""used_demand_score"":70,""mining_popularity_score"":52,""depreciation_rate"":8}",
inno3d-gtx-1060-twin-x2,Inno3D GTX 1060 Twin X2,GPU,Inno3D,inno3d,nvidia,Hong Kong,HK,,Manual curated sheet v2,,MANUAL,,PCIe 3.0 x16,120,3GB GDDR5 | Phiên Bản Cắt Giảm VRAM Máy Cỏ Cũ,55,120,47,70,70,32,8,,,,,"{""raw_key_specs"":""3GB GDDR5 | Phiên Bản Cắt Giảm VRAM Máy Cỏ Cũ"",""socket_slot"":""PCIe 3.0 x16"",""power_watts"":120,""slot_interface"":""PCIe 3.0 x16"",""vram_gb"":3,""memory_type"":""GDDR5"",""origin_name_vi"":""Hong Kong"",""origin_code"":""HK""}","{""base_performance_score"":55,""base_power_watts"":120,""base_heat_score"":47,""base_reliability_score"":70,""used_demand_score"":70,""mining_popularity_score"":32,""depreciation_rate"":8}",
peladn-rtx-2060-super-dual,Peladn RTX 2060 Super Dual,GPU,Peladn,peladn,nvidia,Trung Quốc,CN,,Manual curated sheet v2,,MANUAL,,PCIe 3.0 x16,175,8GB GDDR6 | Card Nội Địa Cũ Giá Rẻ Chống Cháy,70,175,52,55,75,52,16,,,,,"{""raw_key_specs"":""8GB GDDR6 | Card Nội Địa Cũ Giá Rẻ Chống Cháy"",""socket_slot"":""PCIe 3.0 x16"",""power_watts"":175,""slot_interface"":""PCIe 3.0 x16"",""vram_gb"":8,""memory_type"":""GDDR6"",""origin_name_vi"":""Trung Quốc"",""origin_code"":""CN""}","{""base_performance_score"":70,""base_power_watts"":175,""base_heat_score"":52,""base_reliability_score"":55,""used_demand_score"":75,""mining_popularity_score"":52,""depreciation_rate"":16}",
aisurix-rx-470-4gb,AISURIX RX 470 4GB,GPU,AISURIX,aisurix,amd,Trung Quốc,CN,,Manual curated sheet v2,,MANUAL,,PCIe 3.0 x16,120,4GB GDDR5 | Card Siêu Cỏ Cho Học Sinh Sinh Viên,58,120,47,55,75,36,16,,,,,"{""raw_key_specs"":""4GB GDDR5 | Card Siêu Cỏ Cho Học Sinh Sinh Viên"",""socket_slot"":""PCIe 3.0 x16"",""power_watts"":120,""slot_interface"":""PCIe 3.0 x16"",""vram_gb"":4,""memory_type"":""GDDR5"",""origin_name_vi"":""Trung Quốc"",""origin_code"":""CN""}","{""base_performance_score"":58,""base_power_watts"":120,""base_heat_score"":47,""base_reliability_score"":55,""used_demand_score"":75,""mining_popularity_score"":36,""depreciation_rate"":16}",
mllse-gtx-750-ti-2gb,MLLSE GTX 750 Ti 2GB,GPU,MLLSE,mllse,nvidia,Trung Quốc,CN,,Manual curated sheet v2,,MANUAL,,PCIe 3.0 x16,60,2GB GDDR5 | Card Cỏ Bán Rẻ Trên Các Sàn TMĐT,52,60,41,55,75,28,16,,,,,"{""raw_key_specs"":""2GB GDDR5 | Card Cỏ Bán Rẻ Trên Các Sàn TMĐT"",""socket_slot"":""PCIe 3.0 x16"",""power_watts"":60,""slot_interface"":""PCIe 3.0 x16"",""vram_gb"":2,""memory_type"":""GDDR5"",""origin_name_vi"":""Trung Quốc"",""origin_code"":""CN""}","{""base_performance_score"":52,""base_power_watts"":60,""base_heat_score"":41,""base_reliability_score"":55,""used_demand_score"":75,""mining_popularity_score"":28,""depreciation_rate"":16}",
corsair-vengeance-lpx-32gb,Corsair Vengeance LPX 32GB,RAM,Corsair,corsair,,Mỹ,US,,Manual curated sheet v2,,MANUAL,,DDR4 Slot,4,2x16GB | DDR4 | 3200MHz | Ram Tản Đen Tối Giản Cũ,78,4,32,78,75,0,8,,,,,"{""raw_key_specs"":""2x16GB | DDR4 | 3200MHz | Ram Tản Đen Tối Giản Cũ"",""socket_slot"":""DDR4 Slot"",""power_watts"":4,""module_count"":2,""module_capacity_gb"":16,""capacity_gb"":32,""kit_config"":""2x16GB"",""memory_type"":""DDR4"",""speed_mhz"":3200,""origin_name_vi"":""Mỹ"",""origin_code"":""US"",""alternate_rows"":[{""source_row"":226,""category"":""RAM"",""brand"":""Corsair"",""model"":""Vengeance LPX 32GB"",""key_specs"":""2x16GB | DDR4 | 3200MHz | Thanh Đen Tối Giản Quốc Dân"",""socket_slot"":""DDR4 Slot"",""power_watts"":4}]}","{""base_performance_score"":78,""base_power_watts"":4,""base_heat_score"":32,""base_reliability_score"":78,""used_demand_score"":75,""mining_popularity_score"":0,""depreciation_rate"":8}",
corsair-dominator-platinum-rgb-16gb,Corsair Dominator Platinum RGB 16GB,RAM,Corsair,corsair,,Mỹ,US,,Manual curated sheet v2,,MANUAL,,DDR4 Slot,4,2x8GB | DDR4 | 3200MHz | Dòng Khối Cao Cấp Cũ,65,4,32,78,75,0,8,,,,,"{""raw_key_specs"":""2x8GB | DDR4 | 3200MHz | Dòng Khối Cao Cấp Cũ"",""socket_slot"":""DDR4 Slot"",""power_watts"":4,""module_count"":2,""module_capacity_gb"":8,""capacity_gb"":16,""kit_config"":""2x8GB"",""memory_type"":""DDR4"",""speed_mhz"":3200,""origin_name_vi"":""Mỹ"",""origin_code"":""US""}","{""base_performance_score"":65,""base_power_watts"":4,""base_heat_score"":32,""base_reliability_score"":78,""used_demand_score"":75,""mining_popularity_score"":0,""depreciation_rate"":8}",
corsair-vengeance-rgb-ddr5-64gb,Corsair Vengeance RGB DDR5 64GB,RAM,Corsair,corsair,,Mỹ,US,,Manual curated sheet v2,,MANUAL,,DDR5 Slot,6,2x32GB | DDR5 | 6000MHz | Dung Lượng Khủng Làm Việc,100,6,38,78,75,0,8,,,,,"{""raw_key_specs"":""2x32GB | DDR5 | 6000MHz | Dung Lượng Khủng Làm Việc"",""socket_slot"":""DDR5 Slot"",""power_watts"":6,""module_count"":2,""module_capacity_gb"":32,""capacity_gb"":64,""kit_config"":""2x32GB"",""memory_type"":""DDR5"",""speed_mhz"":6000,""origin_name_vi"":""Mỹ"",""origin_code"":""US""}","{""base_performance_score"":100,""base_power_watts"":6,""base_heat_score"":38,""base_reliability_score"":78,""used_demand_score"":75,""mining_popularity_score"":0,""depreciation_rate"":8}",
g-skill-trident-z5-rgb-64gb,G.Skill Trident Z5 RGB 64GB,RAM,G.Skill,g-skill,,Đài Loan,TW,,Manual curated sheet v2,,MANUAL,,DDR5 Slot,6,2x32GB | DDR5 | 6400MHz | Bus Cao Đa Nhiệm Mượt,100,6,38,70,70,0,8,,,,,"{""raw_key_specs"":""2x32GB | DDR5 | 6400MHz | Bus Cao Đa Nhiệm Mượt"",""socket_slot"":""DDR5 Slot"",""power_watts"":6,""module_count"":2,""module_capacity_gb"":32,""capacity_gb"":64,""kit_config"":""2x32GB"",""memory_type"":""DDR5"",""speed_mhz"":6400,""origin_name_vi"":""Đài Loan"",""origin_code"":""TW""}","{""base_performance_score"":100,""base_power_watts"":6,""base_heat_score"":38,""base_reliability_score"":70,""used_demand_score"":70,""mining_popularity_score"":0,""depreciation_rate"":8}",
g-skill-trident-z-rgb-32gb,G.Skill Trident Z RGB 32GB,RAM,G.Skill,g-skill,,Đài Loan,TW,,Manual curated sheet v2,,MANUAL,,DDR4 Slot,4,2x16GB | DDR4 | 3600MHz | Ram Gaming DDR4 Cao Cấp,82,4,32,70,70,0,8,,,,,"{""raw_key_specs"":""2x16GB | DDR4 | 3600MHz | Ram Gaming DDR4 Cao Cấp"",""socket_slot"":""DDR4 Slot"",""power_watts"":4,""module_count"":2,""module_capacity_gb"":16,""capacity_gb"":32,""kit_config"":""2x16GB"",""memory_type"":""DDR4"",""speed_mhz"":3600,""origin_name_vi"":""Đài Loan"",""origin_code"":""TW""}","{""base_performance_score"":82,""base_power_watts"":4,""base_heat_score"":32,""base_reliability_score"":70,""used_demand_score"":70,""mining_popularity_score"":0,""depreciation_rate"":8}",
g-skill-ripjaws-v-16gb,G.Skill Ripjaws V 16GB,RAM,G.Skill,g-skill,,Đài Loan,TW,,Manual curated sheet v2,,MANUAL,,DDR4 Slot,3,2x8GB | DDR4 | 3200MHz | Tản Thép Đỏ Răng Cưa Cũ,65,3,29,70,70,0,8,,,,,"{""raw_key_specs"":""2x8GB | DDR4 | 3200MHz | Tản Thép Đỏ Răng Cưa Cũ"",""socket_slot"":""DDR4 Slot"",""power_watts"":3,""module_count"":2,""module_capacity_gb"":8,""capacity_gb"":16,""kit_config"":""2x8GB"",""memory_type"":""DDR4"",""speed_mhz"":3200,""origin_name_vi"":""Đài Loan"",""origin_code"":""TW"",""alternate_rows"":[{""source_row"":231,""category"":""RAM"",""brand"":""G.Skill"",""model"":""Ripjaws V 16GB"",""key_specs"":""2x8GB | DDR4 | 3200MHz | Tản Nhôm Cắt Răng Cưa Hầm Hố"",""socket_slot"":""DDR4 Slot"",""power_watts"":3}]}","{""base_performance_score"":65,""base_power_watts"":3,""base_heat_score"":29,""base_reliability_score"":70,""used_demand_score"":70,""mining_popularity_score"":0,""depreciation_rate"":8}",
g-skill-aegis-16gb,G.Skill Aegis 16GB,RAM,G.Skill,g-skill,,Đài Loan,TW,,Manual curated sheet v2,,MANUAL,,DDR4 Slot,3,1x16GB | DDR4 | 3200MHz | Ram Cỏ Dán Nhãn Tiết Kiệm,65,3,29,70,70,0,8,,,,,"{""raw_key_specs"":""1x16GB | DDR4 | 3200MHz | Ram Cỏ Dán Nhãn Tiết Kiệm"",""socket_slot"":""DDR4 Slot"",""power_watts"":3,""module_count"":1,""module_capacity_gb"":16,""capacity_gb"":16,""kit_config"":""1x16GB"",""memory_type"":""DDR4"",""speed_mhz"":3200,""origin_name_vi"":""Đài Loan"",""origin_code"":""TW""}","{""base_performance_score"":65,""base_power_watts"":3,""base_heat_score"":29,""base_reliability_score"":70,""used_demand_score"":70,""mining_popularity_score"":0,""depreciation_rate"":8}",
kingston-fury-beast-rgb-32gb,Kingston FURY Beast RGB 32GB,RAM,Kingston,kingston,,Mỹ,US,,Manual curated sheet v2,,MANUAL,,DDR5 Slot,5,2x16GB | DDR5 | 6000MHz | Ram Quốc Dân Đèn Đẹp,100,5,35,78,75,0,8,,,,,"{""raw_key_specs"":""2x16GB | DDR5 | 6000MHz | Ram Quốc Dân Đèn Đẹp"",""socket_slot"":""DDR5 Slot"",""power_watts"":5,""module_count"":2,""module_capacity_gb"":16,""capacity_gb"":32,""kit_config"":""2x16GB"",""memory_type"":""DDR5"",""speed_mhz"":6000,""origin_name_vi"":""Mỹ"",""origin_code"":""US""}","{""base_performance_score"":100,""base_power_watts"":5,""base_heat_score"":35,""base_reliability_score"":78,""used_demand_score"":75,""mining_popularity_score"":0,""depreciation_rate"":8}",
kingston-fury-beast-16gb,Kingston FURY Beast 16GB,RAM,Kingston,kingston,,Mỹ,US,,Manual curated sheet v2,,MANUAL,,DDR4 Slot,3,2x8GB | DDR4 | 3200MHz | Bản Tản Đen DDR4 Bán Chạy,65,3,29,78,75,0,8,,,,,"{""raw_key_specs"":""2x8GB | DDR4 | 3200MHz | Bản Tản Đen DDR4 Bán Chạy"",""socket_slot"":""DDR4 Slot"",""power_watts"":3,""module_count"":2,""module_capacity_gb"":8,""capacity_gb"":16,""kit_config"":""2x8GB"",""memory_type"":""DDR4"",""speed_mhz"":3200,""origin_name_vi"":""Mỹ"",""origin_code"":""US""}","{""base_performance_score"":65,""base_power_watts"":3,""base_heat_score"":29,""base_reliability_score"":78,""used_demand_score"":75,""mining_popularity_score"":0,""depreciation_rate"":8}",
kingston-kvr-ddr3-8gb,Kingston KVR DDR3 8GB,RAM,Kingston,kingston,,Mỹ,US,,Manual curated sheet v2,,MANUAL,,DDR3 Slot,3,1x8GB | DDR3 | 1600MHz | Thanh RAM Trần Huyền Thoại Máy Cỏ,42,3,29,78,75,0,8,,,,,"{""raw_key_specs"":""1x8GB | DDR3 | 1600MHz | Thanh RAM Trần Huyền Thoại Máy Cỏ"",""socket_slot"":""DDR3 Slot"",""power_watts"":3,""module_count"":1,""module_capacity_gb"":8,""capacity_gb"":8,""kit_config"":""1x8GB"",""memory_type"":""DDR3"",""speed_mhz"":1600,""origin_name_vi"":""Mỹ"",""origin_code"":""US"",""alternate_rows"":[{""source_row"":370,""category"":""RAM"",""brand"":""Kingston"",""model"":""KVR DDR3 8GB"",""key_specs"":""1x8GB | DDR3 | 1600MHz | Huyền Thoại Lắp Ráp Nâng Cấp Máy Cỏ"",""socket_slot"":""DDR3 Slot"",""power_watts"":3}]}","{""base_performance_score"":42,""base_power_watts"":3,""base_heat_score"":29,""base_reliability_score"":78,""used_demand_score"":75,""mining_popularity_score"":0,""depreciation_rate"":8}",
kingston-kvr-ddr4-8gb,Kingston KVR DDR4 8GB,RAM,Kingston,kingston,,Mỹ,US,,Manual curated sheet v2,,MANUAL,,DDR4 Slot,3,1x8GB | DDR4 | 2400MHz | Ram Máy Văn Phòng Xanh Cũ,50,3,29,78,75,0,8,,,,,"{""raw_key_specs"":""1x8GB | DDR4 | 2400MHz | Ram Máy Văn Phòng Xanh Cũ"",""socket_slot"":""DDR4 Slot"",""power_watts"":3,""module_count"":1,""module_capacity_gb"":8,""capacity_gb"":8,""kit_config"":""1x8GB"",""memory_type"":""DDR4"",""speed_mhz"":2400,""origin_name_vi"":""Mỹ"",""origin_code"":""US""}","{""base_performance_score"":50,""base_power_watts"":3,""base_heat_score"":29,""base_reliability_score"":78,""used_demand_score"":75,""mining_popularity_score"":0,""depreciation_rate"":8}",
teamgroup-t-force-delta-rgb-16gb,TeamGroup T-Force Delta RGB 16GB,RAM,TeamGroup,teamgroup,,Đài Loan,TW,,Manual curated sheet v2,,MANUAL,,DDR4 Slot,4,2x8GB | DDR4 | 3200MHz | Đèn LED Trải Dài Đẹp,65,4,32,70,70,0,8,,,,,"{""raw_key_specs"":""2x8GB | DDR4 | 3200MHz | Đèn LED Trải Dài Đẹp"",""socket_slot"":""DDR4 Slot"",""power_watts"":4,""module_count"":2,""module_capacity_gb"":8,""capacity_gb"":16,""kit_config"":""2x8GB"",""memory_type"":""DDR4"",""speed_mhz"":3200,""origin_name_vi"":""Đài Loan"",""origin_code"":""TW""}","{""base_performance_score"":65,""base_power_watts"":4,""base_heat_score"":32,""base_reliability_score"":70,""used_demand_score"":70,""mining_popularity_score"":0,""depreciation_rate"":8}",
teamgroup-t-force-vulcan-z-8gb,TeamGroup T-Force Vulcan Z 8GB,RAM,TeamGroup,teamgroup,,Đài Loan,TW,,Manual curated sheet v2,,MANUAL,,DDR4 Slot,3,1x8GB | DDR4 | 3200MHz | Tản Nhôm Xám Giá Rẻ,58,3,29,70,70,0,8,,,,,"{""raw_key_specs"":""1x8GB | DDR4 | 3200MHz | Tản Nhôm Xám Giá Rẻ"",""socket_slot"":""DDR4 Slot"",""power_watts"":3,""module_count"":1,""module_capacity_gb"":8,""capacity_gb"":8,""kit_config"":""1x8GB"",""memory_type"":""DDR4"",""speed_mhz"":3200,""origin_name_vi"":""Đài Loan"",""origin_code"":""TW""}","{""base_performance_score"":58,""base_power_watts"":3,""base_heat_score"":29,""base_reliability_score"":70,""used_demand_score"":70,""mining_popularity_score"":0,""depreciation_rate"":8}",
adata-xpg-spectrix-d41-rgb-16gb,ADATA XPG Spectrix D41 RGB 16GB,RAM,ADATA,adata,,Đài Loan,TW,,Manual curated sheet v2,,MANUAL,,DDR4 Slot,4,2x8GB | DDR4 | 3200MHz | Thiết Kế Đỏ Đun Bắt Mắt,65,4,32,70,70,0,8,,,,,"{""raw_key_specs"":""2x8GB | DDR4 | 3200MHz | Thiết Kế Đỏ Đun Bắt Mắt"",""socket_slot"":""DDR4 Slot"",""power_watts"":4,""module_count"":2,""module_capacity_gb"":8,""capacity_gb"":16,""kit_config"":""2x8GB"",""memory_type"":""DDR4"",""speed_mhz"":3200,""origin_name_vi"":""Đài Loan"",""origin_code"":""TW"",""alternate_rows"":[{""source_row"":373,""category"":""RAM"",""brand"":""ADATA"",""model"":""XPG SPECTRIX D41 RGB 16GB"",""key_specs"":""2x8GB | DDR4 | 3200MHz | Bản Tản Đỏ Thiết Kế Thể Thao Cũ"",""socket_slot"":""DDR4 Slot"",""power_watts"":4}]}","{""base_performance_score"":65,""base_power_watts"":4,""base_heat_score"":32,""base_reliability_score"":70,""used_demand_score"":70,""mining_popularity_score"":0,""depreciation_rate"":8}",
adata-premier-8gb,ADATA Premier 8GB,RAM,ADATA,adata,,Đài Loan,TW,,Manual curated sheet v2,,MANUAL,,DDR4 Slot,3,1x8GB | DDR4 | 3200MHz | Ram Trần Giá Rẻ Lắp Máy Văn Phòng,58,3,29,70,70,0,8,,,,,"{""raw_key_specs"":""1x8GB | DDR4 | 3200MHz | Ram Trần Giá Rẻ Lắp Máy Văn Phòng"",""socket_slot"":""DDR4 Slot"",""power_watts"":3,""module_count"":1,""module_capacity_gb"":8,""capacity_gb"":8,""kit_config"":""1x8GB"",""memory_type"":""DDR4"",""speed_mhz"":3200,""origin_name_vi"":""Đài Loan"",""origin_code"":""TW""}","{""base_performance_score"":58,""base_power_watts"":3,""base_heat_score"":29,""base_reliability_score"":70,""used_demand_score"":70,""mining_popularity_score"":0,""depreciation_rate"":8}",
crucial-pro-ddr4-32gb,Crucial Pro DDR4 32GB,RAM,Crucial,crucial,,Mỹ,US,,Manual curated sheet v2,,MANUAL,,DDR4 Slot,4,2x16GB | DDR4 | 3200MHz | Tản Nhôm Đen Tối Giản Mới,78,4,32,78,75,0,8,,,,,"{""raw_key_specs"":""2x16GB | DDR4 | 3200MHz | Tản Nhôm Đen Tối Giản Mới"",""socket_slot"":""DDR4 Slot"",""power_watts"":4,""module_count"":2,""module_capacity_gb"":16,""capacity_gb"":32,""kit_config"":""2x16GB"",""memory_type"":""DDR4"",""speed_mhz"":3200,""origin_name_vi"":""Mỹ"",""origin_code"":""US""}","{""base_performance_score"":78,""base_power_watts"":4,""base_heat_score"":32,""base_reliability_score"":78,""used_demand_score"":75,""mining_popularity_score"":0,""depreciation_rate"":8}",
crucial-ct8g4dfs824a-8gb,Crucial CT8G4DFS824A 8GB,RAM,Crucial,crucial,,Mỹ,US,,Manual curated sheet v2,,MANUAL,,DDR4 Slot,3,1x8GB | DDR4 | 2400MHz | Ram Trần Bền Bỉ Cho Máy Cỏ,50,3,29,78,75,0,8,,,,,"{""raw_key_specs"":""1x8GB | DDR4 | 2400MHz | Ram Trần Bền Bỉ Cho Máy Cỏ"",""socket_slot"":""DDR4 Slot"",""power_watts"":3,""module_count"":1,""module_capacity_gb"":8,""capacity_gb"":8,""kit_config"":""1x8GB"",""memory_type"":""DDR4"",""speed_mhz"":2400,""origin_name_vi"":""Mỹ"",""origin_code"":""US""}","{""base_performance_score"":50,""base_power_watts"":3,""base_heat_score"":29,""base_reliability_score"":78,""used_demand_score"":75,""mining_popularity_score"":0,""depreciation_rate"":8}",
patriot-viper-steel-rgb-16gb,Patriot Viper Steel RGB 16GB,RAM,Patriot,patriot,,Mỹ,US,,Manual curated sheet v2,,MANUAL,,DDR4 Slot,4,2x8GB | DDR4 | 3600MHz | Tản Thép Đen Có Đèn Đẹp,69,4,32,70,70,0,8,,,,,"{""raw_key_specs"":""2x8GB | DDR4 | 3600MHz | Tản Thép Đen Có Đèn Đẹp"",""socket_slot"":""DDR4 Slot"",""power_watts"":4,""module_count"":2,""module_capacity_gb"":8,""capacity_gb"":16,""kit_config"":""2x8GB"",""memory_type"":""DDR4"",""speed_mhz"":3600,""origin_name_vi"":""Mỹ"",""origin_code"":""US""}","{""base_performance_score"":69,""base_power_watts"":4,""base_heat_score"":32,""base_reliability_score"":70,""used_demand_score"":70,""mining_popularity_score"":0,""depreciation_rate"":8}",
lexar-thor-oc-ddr5-32gb,Lexar Thor OC DDR5 32GB,RAM,Lexar,lexar,,Mỹ,US,,Manual curated sheet v2,,MANUAL,,DDR5 Slot,5,2x16GB | DDR5 | 6000MHz | Bản Tản Nhôm Không LED Giá Tốt,100,5,35,70,70,0,8,,,,,"{""raw_key_specs"":""2x16GB | DDR5 | 6000MHz | Bản Tản Nhôm Không LED Giá Tốt"",""socket_slot"":""DDR5 Slot"",""power_watts"":5,""module_count"":2,""module_capacity_gb"":16,""capacity_gb"":32,""kit_config"":""2x16GB"",""memory_type"":""DDR5"",""speed_mhz"":6000,""origin_name_vi"":""Mỹ"",""origin_code"":""US""}","{""base_performance_score"":100,""base_power_watts"":5,""base_heat_score"":35,""base_reliability_score"":70,""used_demand_score"":70,""mining_popularity_score"":0,""depreciation_rate"":8}",
kingmax-ddr4-heatsink-16gb,Kingmax DDR4 Heatsink 16GB,RAM,Kingmax,kingmax,,Đài Loan,TW,,Manual curated sheet v2,,MANUAL,,DDR4 Slot,3,1x16GB | DDR4 | 3200MHz | Thanh Đơn Tiết Kiệm Khe,65,3,29,70,70,0,8,,,,,"{""raw_key_specs"":""1x16GB | DDR4 | 3200MHz | Thanh Đơn Tiết Kiệm Khe"",""socket_slot"":""DDR4 Slot"",""power_watts"":3,""module_count"":1,""module_capacity_gb"":16,""capacity_gb"":16,""kit_config"":""1x16GB"",""memory_type"":""DDR4"",""speed_mhz"":3200,""origin_name_vi"":""Đài Loan"",""origin_code"":""TW""}","{""base_performance_score"":65,""base_power_watts"":3,""base_heat_score"":29,""base_reliability_score"":70,""used_demand_score"":70,""mining_popularity_score"":0,""depreciation_rate"":8}",
hiksemi-armor-ddr4-16gb,Hiksemi Armor DDR4 16GB,RAM,Hiksemi,hiksemi,,Trung Quốc,CN,,Manual curated sheet v2,,MANUAL,,DDR4 Slot,3,1x16GB | DDR4 | 3200MHz | Ram Cỏ Giá Tốt Lắp Máy,65,3,29,55,75,0,16,,,,,"{""raw_key_specs"":""1x16GB | DDR4 | 3200MHz | Ram Cỏ Giá Tốt Lắp Máy"",""socket_slot"":""DDR4 Slot"",""power_watts"":3,""module_count"":1,""module_capacity_gb"":16,""capacity_gb"":16,""kit_config"":""1x16GB"",""memory_type"":""DDR4"",""speed_mhz"":3200,""origin_name_vi"":""Trung Quốc"",""origin_code"":""CN"",""alternate_rows"":[{""source_row"":247,""category"":""RAM"",""brand"":""Hiksemi"",""model"":""Armor DDR4 16GB"",""key_specs"":""2x8GB | DDR4 | 3200MHz | Kit RAM LED Giá Rẻ Nội Địa"",""socket_slot"":""DDR4 Slot"",""power_watts"":4}]}","{""base_performance_score"":65,""base_power_watts"":3,""base_heat_score"":29,""base_reliability_score"":55,""used_demand_score"":75,""mining_popularity_score"":0,""depreciation_rate"":16}",
netac-shadow-8gb,Netac Shadow 8GB,RAM,Netac,netac,,Trung Quốc,CN,,Manual curated sheet v2,,MANUAL,,DDR4 Slot,3,1x8GB | DDR4 | 3200MHz | Tản Thép Ngựa Chiến Giá Rẻ,58,3,29,55,75,0,16,,,,,"{""raw_key_specs"":""1x8GB | DDR4 | 3200MHz | Tản Thép Ngựa Chiến Giá Rẻ"",""socket_slot"":""DDR4 Slot"",""power_watts"":3,""module_count"":1,""module_capacity_gb"":8,""capacity_gb"":8,""kit_config"":""1x8GB"",""memory_type"":""DDR4"",""speed_mhz"":3200,""origin_name_vi"":""Trung Quốc"",""origin_code"":""CN""}","{""base_performance_score"":58,""base_power_watts"":3,""base_heat_score"":29,""base_reliability_score"":55,""used_demand_score"":75,""mining_popularity_score"":0,""depreciation_rate"":16}",
juhor-slayer-rgb-ddr5-32gb,Juhor Slayer RGB DDR5 32GB,RAM,Juhor,juhor,,Trung Quốc,CN,,Manual curated sheet v2,,MANUAL,,DDR5 Slot,5,2x16GB | DDR5 | 6000MHz | Tản Trắng In Hình Anime,100,5,35,55,75,0,16,,,,,"{""raw_key_specs"":""2x16GB | DDR5 | 6000MHz | Tản Trắng In Hình Anime"",""socket_slot"":""DDR5 Slot"",""power_watts"":5,""module_count"":2,""module_capacity_gb"":16,""capacity_gb"":32,""kit_config"":""2x16GB"",""memory_type"":""DDR5"",""speed_mhz"":6000,""origin_name_vi"":""Trung Quốc"",""origin_code"":""CN""}","{""base_performance_score"":100,""base_power_watts"":5,""base_heat_score"":35,""base_reliability_score"":55,""used_demand_score"":75,""mining_popularity_score"":0,""depreciation_rate"":16}",
asgard-freyr-t3-16gb,Asgard Freyr T3 16GB,RAM,Asgard,asgard,,Trung Quốc,CN,,Manual curated sheet v2,,MANUAL,,DDR4 Slot,4,2x8GB | DDR4 | 3200MHz | Tản Thép Bạc Sang Trọng Nội Địa,65,4,32,55,75,0,16,,,,,"{""raw_key_specs"":""2x8GB | DDR4 | 3200MHz | Tản Thép Bạc Sang Trọng Nội Địa"",""socket_slot"":""DDR4 Slot"",""power_watts"":4,""module_count"":2,""module_capacity_gb"":8,""capacity_gb"":16,""kit_config"":""2x8GB"",""memory_type"":""DDR4"",""speed_mhz"":3200,""origin_name_vi"":""Trung Quốc"",""origin_code"":""CN""}","{""base_performance_score"":65,""base_power_watts"":4,""base_heat_score"":32,""base_reliability_score"":55,""used_demand_score"":75,""mining_popularity_score"":0,""depreciation_rate"":16}",
klevv-cras-x-rgb-16gb,Klevv Cras X RGB 16GB,RAM,Klevv,klevv,,Hàn Quốc,KR,,Manual curated sheet v2,,MANUAL,,DDR4 Slot,4,2x8GB | DDR4 | 3200MHz | Ram Led Dày Đẹp Thương Hiệu Hàn,65,4,32,70,70,0,8,,,,,"{""raw_key_specs"":""2x8GB | DDR4 | 3200MHz | Ram Led Dày Đẹp Thương Hiệu Hàn"",""socket_slot"":""DDR4 Slot"",""power_watts"":4,""module_count"":2,""module_capacity_gb"":8,""capacity_gb"":16,""kit_config"":""2x8GB"",""memory_type"":""DDR4"",""speed_mhz"":3200,""origin_name_vi"":""Hàn Quốc"",""origin_code"":""KR""}","{""base_performance_score"":65,""base_power_watts"":4,""base_heat_score"":32,""base_reliability_score"":70,""used_demand_score"":70,""mining_popularity_score"":0,""depreciation_rate"":8}",
kingmax-ddr3-nano-gaming-4gb,Kingmax DDR3 Nano Gaming 4GB,RAM,Kingmax,kingmax,,Đài Loan,TW,,Manual curated sheet v2,,MANUAL,,DDR3 Slot,2,1x4GB | DDR3 | 1600MHz | Công Nghệ Tản Nano Không Vỏ,39,2,26,70,70,0,8,,,,,"{""raw_key_specs"":""1x4GB | DDR3 | 1600MHz | Công Nghệ Tản Nano Không Vỏ"",""socket_slot"":""DDR3 Slot"",""power_watts"":2,""module_count"":1,""module_capacity_gb"":4,""capacity_gb"":4,""kit_config"":""1x4GB"",""memory_type"":""DDR3"",""speed_mhz"":1600,""origin_name_vi"":""Đài Loan"",""origin_code"":""TW""}","{""base_performance_score"":39,""base_power_watts"":2,""base_heat_score"":26,""base_reliability_score"":70,""used_demand_score"":70,""mining_popularity_score"":0,""depreciation_rate"":8}",
samsung-980-pro-1tb,Samsung 980 PRO 1TB,STORAGE,Samsung,samsung,,Hàn Quốc,KR,,Manual curated sheet v2,,MANUAL,,M.2 NVMe Slot,7,NVMe PCIe Gen 4.0 | Ổ Cứng Cao Cấp Khét Tiếng Đời Trước,55,7,41,78,75,0,8,,,,,"{""raw_key_specs"":""NVMe PCIe Gen 4.0 | Ổ Cứng Cao Cấp Khét Tiếng Đời Trước"",""socket_slot"":""M.2 NVMe Slot"",""power_watts"":7,""storage_type"":""NVME_SSD"",""capacity_gb"":1000,""pcie_generation"":""4.0"",""form_factor"":""M.2"",""origin_name_vi"":""Hàn Quốc"",""origin_code"":""KR""}","{""base_performance_score"":55,""base_power_watts"":7,""base_heat_score"":41,""base_reliability_score"":78,""used_demand_score"":75,""mining_popularity_score"":0,""depreciation_rate"":8}",
samsung-990-pro-1tb,Samsung 990 PRO 1TB,STORAGE,Samsung,samsung,,Hàn Quốc,KR,,Manual curated sheet v2,,MANUAL,,M.2 NVMe Slot,7,NVMe PCIe Gen 4.0 | Tốc Độ Đầu Bảng Game Thủ,55,7,41,78,75,0,8,,,,,"{""raw_key_specs"":""NVMe PCIe Gen 4.0 | Tốc Độ Đầu Bảng Game Thủ"",""socket_slot"":""M.2 NVMe Slot"",""power_watts"":7,""storage_type"":""NVME_SSD"",""capacity_gb"":1000,""pcie_generation"":""4.0"",""form_factor"":""M.2"",""origin_name_vi"":""Hàn Quốc"",""origin_code"":""KR""}","{""base_performance_score"":55,""base_power_watts"":7,""base_heat_score"":41,""base_reliability_score"":78,""used_demand_score"":75,""mining_popularity_score"":0,""depreciation_rate"":8}",
samsung-970-evo-plus-250gb,Samsung 970 EVO Plus 250GB,STORAGE,Samsung,samsung,,Hàn Quốc,KR,,Manual curated sheet v2,,MANUAL,,M.2 NVMe Slot,5,NVMe PCIe Gen 3.0 | Dung Lượng Thấp Cài Win Cũ,55,5,35,78,75,0,8,,,,,"{""raw_key_specs"":""NVMe PCIe Gen 3.0 | Dung Lượng Thấp Cài Win Cũ"",""socket_slot"":""M.2 NVMe Slot"",""power_watts"":5,""storage_type"":""NVME_SSD"",""capacity_gb"":250,""pcie_generation"":""3.0"",""form_factor"":""M.2"",""origin_name_vi"":""Hàn Quốc"",""origin_code"":""KR""}","{""base_performance_score"":55,""base_power_watts"":5,""base_heat_score"":35,""base_reliability_score"":78,""used_demand_score"":75,""mining_popularity_score"":0,""depreciation_rate"":8}",
samsung-870-qvo-1tb,Samsung 870 QVO 1TB,STORAGE,Samsung,samsung,,Hàn Quốc,KR,,Manual curated sheet v2,,MANUAL,,SATA 3 Port,4,SSD 2.5 inch SATA 3 | Sử Dụng Chip Nhớ QLC Lưu Trữ,35,4,32,78,75,0,8,,,,,"{""raw_key_specs"":""SSD 2.5 inch SATA 3 | Sử Dụng Chip Nhớ QLC Lưu Trữ"",""socket_slot"":""SATA 3 Port"",""power_watts"":4,""storage_type"":""SATA_SSD"",""capacity_gb"":1000,""form_factor"":""2.5 inch"",""origin_name_vi"":""Hàn Quốc"",""origin_code"":""KR""}","{""base_performance_score"":35,""base_power_watts"":4,""base_heat_score"":32,""base_reliability_score"":78,""used_demand_score"":75,""mining_popularity_score"":0,""depreciation_rate"":8}",
western-digital-wd-black-sn770-1tb,Western Digital WD_BLACK SN770 1TB,STORAGE,Western Digital,western-digital,,Mỹ,US,,Manual curated sheet v2,,MANUAL,,M.2 NVMe Slot,5,NVMe PCIe Gen 4.0 | SSD Gaming Tầm Trung Cực Ngon,55,5,35,78,75,0,8,,,,,"{""raw_key_specs"":""NVMe PCIe Gen 4.0 | SSD Gaming Tầm Trung Cực Ngon"",""socket_slot"":""M.2 NVMe Slot"",""power_watts"":5,""storage_type"":""NVME_SSD"",""capacity_gb"":1000,""pcie_generation"":""4.0"",""form_factor"":""M.2"",""origin_name_vi"":""Mỹ"",""origin_code"":""US""}","{""base_performance_score"":55,""base_power_watts"":5,""base_heat_score"":35,""base_reliability_score"":78,""used_demand_score"":75,""mining_popularity_score"":0,""depreciation_rate"":8}",
western-digital-wd-blue-sn580-500gb,Western Digital WD Blue SN580 500GB,STORAGE,Western Digital,western-digital,,Mỹ,US,,Manual curated sheet v2,,MANUAL,,M.2 NVMe Slot,4,NVMe PCIe Gen 4.0 | Bản Dung Lượng Vừa Phải,55,4,32,78,75,0,8,,,,,"{""raw_key_specs"":""NVMe PCIe Gen 4.0 | Bản Dung Lượng Vừa Phải"",""socket_slot"":""M.2 NVMe Slot"",""power_watts"":4,""storage_type"":""NVME_SSD"",""capacity_gb"":500,""pcie_generation"":""4.0"",""form_factor"":""M.2"",""origin_name_vi"":""Mỹ"",""origin_code"":""US"",""alternate_rows"":[{""source_row"":393,""category"":""STORAGE"",""brand"":""Western Digital"",""model"":""WD Blue SN580 500GB"",""key_specs"":""NVMe PCIe Gen 4.0 | Ổ NVMe Quốc Dân Cho Cấu Hình Tầm Trung"",""socket_slot"":""M.2 NVMe Slot"",""power_watts"":4}]}","{""base_performance_score"":55,""base_power_watts"":4,""base_heat_score"":32,""base_reliability_score"":78,""used_demand_score"":75,""mining_popularity_score"":0,""depreciation_rate"":8}",
western-digital-wd-green-sata-iii-240gb,Western Digital WD Green SATA III 240GB,STORAGE,Western Digital,western-digital,,Mỹ,US,,Manual curated sheet v2,,MANUAL,,SATA 3 Port,3,SSD 2.5 inch | Ổ Cỏ Nâng Cấp PC Văn Phòng,35,3,29,78,75,0,8,,,,,"{""raw_key_specs"":""SSD 2.5 inch | Ổ Cỏ Nâng Cấp PC Văn Phòng"",""socket_slot"":""SATA 3 Port"",""power_watts"":3,""storage_type"":""SATA_SSD"",""capacity_gb"":240,""form_factor"":""2.5 inch"",""origin_name_vi"":""Mỹ"",""origin_code"":""US""}","{""base_performance_score"":35,""base_power_watts"":3,""base_heat_score"":29,""base_reliability_score"":78,""used_demand_score"":75,""mining_popularity_score"":0,""depreciation_rate"":8}",
western-digital-wd-blue-2tb-hdd,Western Digital WD Blue 2TB HDD,STORAGE,Western Digital,western-digital,,Mỹ,US,,Manual curated sheet v2,,MANUAL,,SATA 3 Port,6,Ổ Cứng Cơ 3.5 inch | Lưu Trữ Dữ Liệu Quốc Dân,20,6,38,78,75,0,8,,,,,"{""raw_key_specs"":""Ổ Cứng Cơ 3.5 inch | Lưu Trữ Dữ Liệu Quốc Dân"",""socket_slot"":""SATA 3 Port"",""power_watts"":6,""storage_type"":""HDD"",""capacity_gb"":2000,""form_factor"":""3.5 inch"",""origin_name_vi"":""Mỹ"",""origin_code"":""US""}","{""base_performance_score"":20,""base_power_watts"":6,""base_heat_score"":38,""base_reliability_score"":78,""used_demand_score"":75,""mining_popularity_score"":0,""depreciation_rate"":8}",
western-digital-wd-red-plus-4tb-hdd,Western Digital WD Red Plus 4TB HDD,STORAGE,Western Digital,western-digital,,Mỹ,US,,Manual curated sheet v2,,MANUAL,,SATA 3 Port,8,Ổ Cứng Cơ Chuyên Cho Hệ Thống Lưu Trữ NAS,20,8,44,78,75,0,8,,,,,"{""raw_key_specs"":""Ổ Cứng Cơ Chuyên Cho Hệ Thống Lưu Trữ NAS"",""socket_slot"":""SATA 3 Port"",""power_watts"":8,""storage_type"":""HDD"",""capacity_gb"":4000,""origin_name_vi"":""Mỹ"",""origin_code"":""US""}","{""base_performance_score"":20,""base_power_watts"":8,""base_heat_score"":44,""base_reliability_score"":78,""used_demand_score"":75,""mining_popularity_score"":0,""depreciation_rate"":8}",
sandisk-ssd-plus-240gb,SanDisk SSD Plus 240GB,STORAGE,SanDisk,sandisk,,Mỹ,US,,Manual curated sheet v2,,MANUAL,,SATA 3 Port,3,SSD 2.5 inch SATA 3 | Ổ Cỏ Độ Bền Cao Vỏ Nhựa,35,3,29,70,70,0,8,,,,,"{""raw_key_specs"":""SSD 2.5 inch SATA 3 | Ổ Cỏ Độ Bền Cao Vỏ Nhựa"",""socket_slot"":""SATA 3 Port"",""power_watts"":3,""storage_type"":""SATA_SSD"",""capacity_gb"":240,""form_factor"":""2.5 inch"",""origin_name_vi"":""Mỹ"",""origin_code"":""US"",""alternate_rows"":[{""source_row"":399,""category"":""STORAGE"",""brand"":""SanDisk"",""model"":""SSD Plus 240GB"",""key_specs"":""SSD Cỏ Vỏ Nhựa Chống Cháy Giá Vài Trăm Ngàn Đồng"",""socket_slot"":""SATA 3 Port"",""power_watts"":3}]}","{""base_performance_score"":35,""base_power_watts"":3,""base_heat_score"":29,""base_reliability_score"":70,""used_demand_score"":70,""mining_popularity_score"":0,""depreciation_rate"":8}",
sandisk-ultra-m-2-nvme-500gb,SanDisk Ultra M.2 NVMe 500GB,STORAGE,SanDisk,sandisk,,Mỹ,US,,Manual curated sheet v2,,MANUAL,,M.2 NVMe Slot,5,NVMe PCIe Gen 3.0 | Tốc Độ Ổn Định Thương Hiệu Mỹ,55,5,35,70,70,0,8,,,,,"{""raw_key_specs"":""NVMe PCIe Gen 3.0 | Tốc Độ Ổn Định Thương Hiệu Mỹ"",""socket_slot"":""M.2 NVMe Slot"",""power_watts"":5,""storage_type"":""NVME_SSD"",""capacity_gb"":500,""pcie_generation"":""3.0"",""form_factor"":""M.2"",""origin_name_vi"":""Mỹ"",""origin_code"":""US""}","{""base_performance_score"":55,""base_power_watts"":5,""base_heat_score"":35,""base_reliability_score"":70,""used_demand_score"":70,""mining_popularity_score"":0,""depreciation_rate"":8}",
kingston-kc3000-2tb,Kingston KC3000 2TB,STORAGE,Kingston,kingston,,Mỹ,US,,Manual curated sheet v2,,MANUAL,,M.2 NVMe Slot,8,NVMe PCIe Gen 4.0 | Dung Lượng Lớn Cho Máy Đồ Họa Khủng,55,8,44,78,75,0,8,,,,,"{""raw_key_specs"":""NVMe PCIe Gen 4.0 | Dung Lượng Lớn Cho Máy Đồ Họa Khủng"",""socket_slot"":""M.2 NVMe Slot"",""power_watts"":8,""storage_type"":""NVME_SSD"",""capacity_gb"":2000,""pcie_generation"":""4.0"",""form_factor"":""M.2"",""origin_name_vi"":""Mỹ"",""origin_code"":""US""}","{""base_performance_score"":55,""base_power_watts"":8,""base_heat_score"":44,""base_reliability_score"":78,""used_demand_score"":75,""mining_popularity_score"":0,""depreciation_rate"":8}",
kingston-a400-480gb,Kingston A400 480GB,STORAGE,Kingston,kingston,,Mỹ,US,,Manual curated sheet v2,,MANUAL,,SATA 3 Port,3,SSD 2.5 inch SATA 3 | Ổ Cứng Nâng Cấp Máy Cỏ Cực Hot,35,3,29,78,75,0,8,,,,,"{""raw_key_specs"":""SSD 2.5 inch SATA 3 | Ổ Cứng Nâng Cấp Máy Cỏ Cực Hot"",""socket_slot"":""SATA 3 Port"",""power_watts"":3,""storage_type"":""SATA_SSD"",""capacity_gb"":480,""form_factor"":""2.5 inch"",""origin_name_vi"":""Mỹ"",""origin_code"":""US"",""alternate_rows"":[{""source_row"":270,""category"":""STORAGE"",""brand"":""Kingston"",""model"":""A400 480GB"",""key_specs"":""SSD 2.5 inch SATA 3 | Ổ Nâng Cấp Máy Cũ Bán Chạy Nhất Việt Nam"",""socket_slot"":""SATA 3 Port"",""power_watts"":3}]}","{""base_performance_score"":35,""base_power_watts"":3,""base_heat_score"":29,""base_reliability_score"":78,""used_demand_score"":75,""mining_popularity_score"":0,""depreciation_rate"":8}",
kingston-nv2-1tb,Kingston NV2 1TB,STORAGE,Kingston,kingston,,Mỹ,US,,Manual curated sheet v2,,MANUAL,,M.2 NVMe Slot,5,NVMe PCIe Gen 4.0 | Vua Phá Giá NVMe Hàng Chính Hãng,55,5,35,78,75,0,8,,,,,"{""raw_key_specs"":""NVMe PCIe Gen 4.0 | Vua Phá Giá NVMe Hàng Chính Hãng"",""socket_slot"":""M.2 NVMe Slot"",""power_watts"":5,""storage_type"":""NVME_SSD"",""capacity_gb"":1000,""pcie_generation"":""4.0"",""form_factor"":""M.2"",""origin_name_vi"":""Mỹ"",""origin_code"":""US"",""alternate_rows"":[{""source_row"":269,""category"":""STORAGE"",""brand"":""Kingston"",""model"":""NV2 1TB"",""key_specs"":""NVMe PCIe Gen 4.0 | Ổ Cứng Quốc Dân Phá Giá Phổ Thông"",""socket_slot"":""M.2 NVMe Slot"",""power_watts"":5}]}","{""base_performance_score"":55,""base_power_watts"":5,""base_heat_score"":35,""base_reliability_score"":78,""used_demand_score"":75,""mining_popularity_score"":0,""depreciation_rate"":8}",
crucial-p3-plus-1tb,Crucial P3 Plus 1TB,STORAGE,Crucial,crucial,,Mỹ,US,,Manual curated sheet v2,,MANUAL,,M.2 NVMe Slot,5,NVMe PCIe Gen 4.0 | Tốc Độ Tốt Giá Dễ Tiếp Cận,55,5,35,78,75,0,8,,,,,"{""raw_key_specs"":""NVMe PCIe Gen 4.0 | Tốc Độ Tốt Giá Dễ Tiếp Cận"",""socket_slot"":""M.2 NVMe Slot"",""power_watts"":5,""storage_type"":""NVME_SSD"",""capacity_gb"":1000,""pcie_generation"":""4.0"",""form_factor"":""M.2"",""origin_name_vi"":""Mỹ"",""origin_code"":""US"",""alternate_rows"":[{""source_row"":258,""category"":""STORAGE"",""brand"":""Crucial"",""model"":""P3 Plus 1TB"",""key_specs"":""NVMe PCIe Gen 4.0 | Lựa Chọn Phổ Thông Đáng Tiền"",""socket_slot"":""M.2 NVMe Slot"",""power_watts"":5}]}","{""base_performance_score"":55,""base_power_watts"":5,""base_heat_score"":35,""base_reliability_score"":78,""used_demand_score"":75,""mining_popularity_score"":0,""depreciation_rate"":8}",
crucial-bx500-240gb,Crucial BX500 240GB,STORAGE,Crucial,crucial,,Mỹ,US,,Manual curated sheet v2,,MANUAL,,SATA 3 Port,3,SSD 2.5 inch SATA 3 | Ổ Chống Cháy Cho Máy Siêu Cỏ,35,3,29,78,75,0,8,,,,,"{""raw_key_specs"":""SSD 2.5 inch SATA 3 | Ổ Chống Cháy Cho Máy Siêu Cỏ"",""socket_slot"":""SATA 3 Port"",""power_watts"":3,""storage_type"":""SATA_SSD"",""capacity_gb"":240,""form_factor"":""2.5 inch"",""origin_name_vi"":""Mỹ"",""origin_code"":""US""}","{""base_performance_score"":35,""base_power_watts"":3,""base_heat_score"":29,""base_reliability_score"":78,""used_demand_score"":75,""mining_popularity_score"":0,""depreciation_rate"":8}",
lexar-nm710-500gb,Lexar NM710 500GB,STORAGE,Lexar,lexar,,Mỹ,US,,Manual curated sheet v2,,MANUAL,,M.2 NVMe Slot,4,NVMe PCIe Gen 4.0 | Tốc Độ Tầm Trung Giá Mềm Mới,55,4,32,70,70,0,8,,,,,"{""raw_key_specs"":""NVMe PCIe Gen 4.0 | Tốc Độ Tầm Trung Giá Mềm Mới"",""socket_slot"":""M.2 NVMe Slot"",""power_watts"":4,""storage_type"":""NVME_SSD"",""capacity_gb"":500,""pcie_generation"":""4.0"",""form_factor"":""M.2"",""origin_name_vi"":""Mỹ"",""origin_code"":""US""}","{""base_performance_score"":55,""base_power_watts"":4,""base_heat_score"":32,""base_reliability_score"":70,""used_demand_score"":70,""mining_popularity_score"":0,""depreciation_rate"":8}",
lexar-nm790-1tb,Lexar NM790 1TB,STORAGE,Lexar,lexar,,Mỹ,US,,Manual curated sheet v2,,MANUAL,,M.2 NVMe Slot,6,NVMe PCIe Gen 4.0 | Hiệu Năng Đỉnh Cao Giá Mềm Nhất,55,6,38,70,70,0,8,,,,,"{""raw_key_specs"":""NVMe PCIe Gen 4.0 | Hiệu Năng Đỉnh Cao Giá Mềm Nhất"",""socket_slot"":""M.2 NVMe Slot"",""power_watts"":6,""storage_type"":""NVME_SSD"",""capacity_gb"":1000,""pcie_generation"":""4.0"",""form_factor"":""M.2"",""origin_name_vi"":""Mỹ"",""origin_code"":""US"",""alternate_rows"":[{""source_row"":271,""category"":""STORAGE"",""brand"":""Lexar"",""model"":""NM790 1TB"",""key_specs"":""NVMe PCIe Gen 4.0 | Tốc Độ Cao Tiết Kiệm Điện Không Cần Tản"",""socket_slot"":""M.2 NVMe Slot"",""power_watts"":6}]}","{""base_performance_score"":55,""base_power_watts"":6,""base_heat_score"":38,""base_reliability_score"":70,""used_demand_score"":70,""mining_popularity_score"":0,""depreciation_rate"":8}",
lexar-ns100-256gb,Lexar NS100 256GB,STORAGE,Lexar,lexar,,Mỹ,US,,Manual curated sheet v2,,MANUAL,,SATA 3 Port,3,SSD 2.5 inch SATA 3 | Ổ Cỏ Cứu Cánh Cho Máy Đời Tống,35,3,29,70,70,0,8,,,,,"{""raw_key_specs"":""SSD 2.5 inch SATA 3 | Ổ Cỏ Cứu Cánh Cho Máy Đời Tống"",""socket_slot"":""SATA 3 Port"",""power_watts"":3,""storage_type"":""SATA_SSD"",""capacity_gb"":256,""form_factor"":""2.5 inch"",""origin_name_vi"":""Mỹ"",""origin_code"":""US""}","{""base_performance_score"":35,""base_power_watts"":3,""base_heat_score"":29,""base_reliability_score"":70,""used_demand_score"":70,""mining_popularity_score"":0,""depreciation_rate"":8}",
seagate-barracuda-1tb-hdd,Seagate Barracuda 1TB HDD,STORAGE,Seagate,seagate,,Mỹ,US,,Manual curated sheet v2,,MANUAL,,SATA 3 Port,6,Ổ Cứng Cơ 3.5 inch | Ổ Cứng Lưu Trữ Cơ Bản Nhất,20,6,38,70,70,0,8,,,,,"{""raw_key_specs"":""Ổ Cứng Cơ 3.5 inch | Ổ Cứng Lưu Trữ Cơ Bản Nhất"",""socket_slot"":""SATA 3 Port"",""power_watts"":6,""storage_type"":""HDD"",""capacity_gb"":1000,""form_factor"":""3.5 inch"",""origin_name_vi"":""Mỹ"",""origin_code"":""US""}","{""base_performance_score"":20,""base_power_watts"":6,""base_heat_score"":38,""base_reliability_score"":70,""used_demand_score"":70,""mining_popularity_score"":0,""depreciation_rate"":8}",
seagate-ironwolf-4tb-hdd,Seagate IronWolf 4TB HDD,STORAGE,Seagate,seagate,,Mỹ,US,,Manual curated sheet v2,,MANUAL,,SATA 3 Port,8,Ổ Cơ Chuyên Dụng Chạy Trâu Bò Lưu Trữ Đêm Ngày,20,8,44,70,70,0,8,,,,,"{""raw_key_specs"":""Ổ Cơ Chuyên Dụng Chạy Trâu Bò Lưu Trữ Đêm Ngày"",""socket_slot"":""SATA 3 Port"",""power_watts"":8,""storage_type"":""HDD"",""capacity_gb"":4000,""origin_name_vi"":""Mỹ"",""origin_code"":""US""}","{""base_performance_score"":20,""base_power_watts"":8,""base_heat_score"":44,""base_reliability_score"":70,""used_demand_score"":70,""mining_popularity_score"":0,""depreciation_rate"":8}",
kioxia-exceria-g2-2tb,Kioxia Exceria G2 2TB,STORAGE,Kioxia,kioxia,,Nhật Bản,JP,,Manual curated sheet v2,,MANUAL,,M.2 NVMe Slot,6,NVMe PCIe Gen 3.0 | Bản Dung Lượng Lớn P/P Thần Thánh,55,6,38,78,75,0,8,,,,,"{""raw_key_specs"":""NVMe PCIe Gen 3.0 | Bản Dung Lượng Lớn P/P Thần Thánh"",""socket_slot"":""M.2 NVMe Slot"",""power_watts"":6,""storage_type"":""NVME_SSD"",""capacity_gb"":2000,""pcie_generation"":""3.0"",""form_factor"":""M.2"",""origin_name_vi"":""Nhật Bản"",""origin_code"":""JP""}","{""base_performance_score"":55,""base_power_watts"":6,""base_heat_score"":38,""base_reliability_score"":78,""used_demand_score"":75,""mining_popularity_score"":0,""depreciation_rate"":8}",
adata-su650-240gb,ADATA SU650 240GB,STORAGE,ADATA,adata,,Đài Loan,TW,,Manual curated sheet v2,,MANUAL,,SATA 3 Port,3,SSD 2.5 inch SATA 3 | Tản Nhiệt Nhãn Dán Giá Rẻ,35,3,29,70,70,0,8,,,,,"{""raw_key_specs"":""SSD 2.5 inch SATA 3 | Tản Nhiệt Nhãn Dán Giá Rẻ"",""socket_slot"":""SATA 3 Port"",""power_watts"":3,""storage_type"":""SATA_SSD"",""capacity_gb"":240,""form_factor"":""2.5 inch"",""origin_name_vi"":""Đài Loan"",""origin_code"":""TW""}","{""base_performance_score"":35,""base_power_watts"":3,""base_heat_score"":29,""base_reliability_score"":70,""used_demand_score"":70,""mining_popularity_score"":0,""depreciation_rate"":8}",
teamgroup-cx2-512gb,TeamGroup CX2 512GB,STORAGE,TeamGroup,teamgroup,,Đài Loan,TW,,Manual curated sheet v2,,MANUAL,,SATA 3 Port,3,SSD 2.5 inch SATA 3 | Ổ Cứng Thường Thấy Ở Máy Gaming Cỏ,35,3,29,70,70,0,8,,,,,"{""raw_key_specs"":""SSD 2.5 inch SATA 3 | Ổ Cứng Thường Thấy Ở Máy Gaming Cỏ"",""socket_slot"":""SATA 3 Port"",""power_watts"":3,""storage_type"":""SATA_SSD"",""capacity_gb"":512,""form_factor"":""2.5 inch"",""origin_name_vi"":""Đài Loan"",""origin_code"":""TW""}","{""base_performance_score"":35,""base_power_watts"":3,""base_heat_score"":29,""base_reliability_score"":70,""used_demand_score"":70,""mining_popularity_score"":0,""depreciation_rate"":8}",
silicon-power-slim-s55-120gb,Silicon Power Slim S55 120GB,STORAGE,Silicon Power,silicon-power,,Đài Loan,TW,,Manual curated sheet v2,,MANUAL,,SATA 3 Port,3,SSD 2.5 inch | Ổ Dung Lượng Thấp Lắp Máy Văn Phòng,35,3,29,70,70,0,8,,,,,"{""raw_key_specs"":""SSD 2.5 inch | Ổ Dung Lượng Thấp Lắp Máy Văn Phòng"",""socket_slot"":""SATA 3 Port"",""power_watts"":3,""storage_type"":""SATA_SSD"",""capacity_gb"":120,""form_factor"":""2.5 inch"",""origin_name_vi"":""Đài Loan"",""origin_code"":""TW""}","{""base_performance_score"":35,""base_power_watts"":3,""base_heat_score"":29,""base_reliability_score"":70,""used_demand_score"":70,""mining_popularity_score"":0,""depreciation_rate"":8}",
hiksemi-future-2tb,Hiksemi Future 2TB,STORAGE,Hiksemi,hiksemi,,Trung Quốc,CN,,Manual curated sheet v2,,MANUAL,,M.2 NVMe Slot,7,NVMe PCIe Gen 4.0 | Quái Vật Tốc Cao Giá Rẻ Nội Địa,55,7,41,55,75,0,16,,,,,"{""raw_key_specs"":""NVMe PCIe Gen 4.0 | Quái Vật Tốc Cao Giá Rẻ Nội Địa"",""socket_slot"":""M.2 NVMe Slot"",""power_watts"":7,""storage_type"":""NVME_SSD"",""capacity_gb"":2000,""pcie_generation"":""4.0"",""form_factor"":""M.2"",""origin_name_vi"":""Trung Quốc"",""origin_code"":""CN""}","{""base_performance_score"":55,""base_power_watts"":7,""base_heat_score"":41,""base_reliability_score"":55,""used_demand_score"":75,""mining_popularity_score"":0,""depreciation_rate"":16}",
netac-n535s-480gb,Netac N535S 480GB,STORAGE,Netac,netac,,Trung Quốc,CN,,Manual curated sheet v2,,MANUAL,,SATA 3 Port,3,SSD 2.5 inch SATA | Ổ Cứng Phổ Thông Phân Khúc Rẻ,35,3,29,55,75,0,16,,,,,"{""raw_key_specs"":""SSD 2.5 inch SATA | Ổ Cứng Phổ Thông Phân Khúc Rẻ"",""socket_slot"":""SATA 3 Port"",""power_watts"":3,""storage_type"":""SATA_SSD"",""capacity_gb"":480,""form_factor"":""2.5 inch"",""origin_name_vi"":""Trung Quốc"",""origin_code"":""CN""}","{""base_performance_score"":35,""base_power_watts"":3,""base_heat_score"":29,""base_reliability_score"":55,""used_demand_score"":75,""mining_popularity_score"":0,""depreciation_rate"":16}",
fanxiang-s101-256gb,Fanxiang S101 256GB,STORAGE,Fanxiang,fanxiang,,Trung Quốc,CN,,Manual curated sheet v2,,MANUAL,,SATA 3 Port,3,SSD 2.5 inch SATA | Vỏ Nhựa Họa Tiết Đỏ Đen Sàn TMĐT,35,3,29,55,75,0,16,,,,,"{""raw_key_specs"":""SSD 2.5 inch SATA | Vỏ Nhựa Họa Tiết Đỏ Đen Sàn TMĐT"",""socket_slot"":""SATA 3 Port"",""power_watts"":3,""storage_type"":""SATA_SSD"",""capacity_gb"":256,""form_factor"":""2.5 inch"",""origin_name_vi"":""Trung Quốc"",""origin_code"":""CN""}","{""base_performance_score"":35,""base_power_watts"":3,""base_heat_score"":29,""base_reliability_score"":55,""used_demand_score"":75,""mining_popularity_score"":0,""depreciation_rate"":16}",
kingspec-nvme-256gb,Kingspec NVMe 256GB,STORAGE,Kingspec,kingspec,,Trung Quốc,CN,,Manual curated sheet v2,,MANUAL,,M.2 NVMe Slot,4,NVMe PCIe Gen 3.0 | Ổ Khởi Động Giá Rẻ Khe M.2,55,4,32,55,75,0,16,,,,,"{""raw_key_specs"":""NVMe PCIe Gen 3.0 | Ổ Khởi Động Giá Rẻ Khe M.2"",""socket_slot"":""M.2 NVMe Slot"",""power_watts"":4,""storage_type"":""NVME_SSD"",""capacity_gb"":256,""pcie_generation"":""3.0"",""form_factor"":""M.2"",""origin_name_vi"":""Trung Quốc"",""origin_code"":""CN""}","{""base_performance_score"":55,""base_power_watts"":4,""base_heat_score"":32,""base_reliability_score"":55,""used_demand_score"":75,""mining_popularity_score"":0,""depreciation_rate"":16}",
somnambulist-sata-iii-480gb,Somnambulist SATA III 480GB,STORAGE,Somnambulist,somnambulist,,Trung Quốc,CN,,Manual curated sheet v2,,MANUAL,,SATA 3 Port,3,SSD 2.5 inch | Vua Ổ Cỏ Lưu Game Giá Rẻ,35,3,29,55,75,0,16,,,,,"{""raw_key_specs"":""SSD 2.5 inch | Vua Ổ Cỏ Lưu Game Giá Rẻ"",""socket_slot"":""SATA 3 Port"",""power_watts"":3,""storage_type"":""SATA_SSD"",""capacity_gb"":480,""form_factor"":""2.5 inch"",""origin_name_vi"":""Trung Quốc"",""origin_code"":""CN""}","{""base_performance_score"":35,""base_power_watts"":3,""base_heat_score"":29,""base_reliability_score"":55,""used_demand_score"":75,""mining_popularity_score"":0,""depreciation_rate"":16}",
xraydisk-nvme-1tb,XrayDisk NVMe 1TB,STORAGE,XrayDisk,xraydisk,,Trung Quốc,CN,,Manual curated sheet v2,,MANUAL,,M.2 NVMe Slot,5,NVMe PCIe Gen 3.0 | Ổ Cứng M.2 Rẻ Nhất Thị Trường,55,5,35,55,75,0,16,,,,,"{""raw_key_specs"":""NVMe PCIe Gen 3.0 | Ổ Cứng M.2 Rẻ Nhất Thị Trường"",""socket_slot"":""M.2 NVMe Slot"",""power_watts"":5,""storage_type"":""NVME_SSD"",""capacity_gb"":1000,""pcie_generation"":""3.0"",""form_factor"":""M.2"",""origin_name_vi"":""Trung Quốc"",""origin_code"":""CN""}","{""base_performance_score"":55,""base_power_watts"":5,""base_heat_score"":35,""base_reliability_score"":55,""used_demand_score"":75,""mining_popularity_score"":0,""depreciation_rate"":16}",
walram-sata-iii-240gb,Walram SATA III 240GB,STORAGE,Walram,walram,,Trung Quốc,CN,,Manual curated sheet v2,,MANUAL,,SATA 3 Port,3,SSD 2.5 inch | Ổ Cỏ Xuất Hiện Nhiều Ở Máy Cũ Shopee,35,3,29,55,75,0,16,,,,,"{""raw_key_specs"":""SSD 2.5 inch | Ổ Cỏ Xuất Hiện Nhiều Ở Máy Cũ Shopee"",""socket_slot"":""SATA 3 Port"",""power_watts"":3,""storage_type"":""SATA_SSD"",""capacity_gb"":240,""form_factor"":""2.5 inch"",""origin_name_vi"":""Trung Quốc"",""origin_code"":""CN"",""alternate_rows"":[{""source_row"":419,""category"":""STORAGE"",""brand"":""Walram"",""model"":""SATA III 240GB"",""key_specs"":""SSD Cỏ Vỏ Nhựa Trắng Thường Thấy Ở PC Thanh Lý Giá Rẻ"",""socket_slot"":""SATA 3 Port"",""power_watts"":3}]}","{""base_performance_score"":35,""base_power_watts"":3,""base_heat_score"":29,""base_reliability_score"":55,""used_demand_score"":75,""mining_popularity_score"":0,""depreciation_rate"":16}",
kingmax-smv32-240gb,Kingmax SMV32 240GB,STORAGE,Kingmax,kingmax,,Đài Loan,TW,,Manual curated sheet v2,,MANUAL,,SATA 3 Port,3,SSD 2.5 inch SATA 3 | Ổ Cứng Bền Bỉ Phân Khúc Cỏ,35,3,29,70,70,0,8,,,,,"{""raw_key_specs"":""SSD 2.5 inch SATA 3 | Ổ Cứng Bền Bỉ Phân Khúc Cỏ"",""socket_slot"":""SATA 3 Port"",""power_watts"":3,""storage_type"":""SATA_SSD"",""capacity_gb"":240,""form_factor"":""2.5 inch"",""origin_name_vi"":""Đài Loan"",""origin_code"":""TW""}","{""base_performance_score"":35,""base_power_watts"":3,""base_heat_score"":29,""base_reliability_score"":70,""used_demand_score"":70,""mining_popularity_score"":0,""depreciation_rate"":8}",
toshiba-p300-1tb-hdd,Toshiba P300 1TB HDD,STORAGE,Toshiba,toshiba,,Nhật Bản,JP,,Manual curated sheet v2,,MANUAL,,SATA 3 Port,6,Ổ Cứng Cơ 3.5 inch | Chạy Êm Bền Bỉ Đọc Ghi Tốt,20,6,38,70,70,0,8,,,,,"{""raw_key_specs"":""Ổ Cứng Cơ 3.5 inch | Chạy Êm Bền Bỉ Đọc Ghi Tốt"",""socket_slot"":""SATA 3 Port"",""power_watts"":6,""storage_type"":""HDD"",""capacity_gb"":1000,""form_factor"":""3.5 inch"",""origin_name_vi"":""Nhật Bản"",""origin_code"":""JP"",""alternate_rows"":[{""source_row"":421,""category"":""STORAGE"",""brand"":""Toshiba"",""model"":""P300 1TB HDD"",""key_specs"":""Ổ Cứng Cơ 3.5 inch | Đọc Ghi Êm Ái Độ Bền Chuẩn Nhật Bản"",""socket_slot"":""SATA 3 Port"",""power_watts"":6}]}","{""base_performance_score"":20,""base_power_watts"":6,""base_heat_score"":38,""base_reliability_score"":70,""used_demand_score"":70,""mining_popularity_score"":0,""depreciation_rate"":8}",
asus-tuf-gaming-b650m-plus-wifi,ASUS TUF GAMING B650M-PLUS WIFI,MOTHERBOARD,ASUS,asus,amd,Đài Loan,TW,,Manual curated sheet v2,,MANUAL,,AM5 (DDR5),0,Chipset B650 | M-ATX | Bo Mạch Quốc Dân AM5,70,0,25,78,65,0,8,,,,,"{""raw_key_specs"":""Chipset B650 | M-ATX | Bo Mạch Quốc Dân AM5"",""socket_slot"":""AM5 (DDR5)"",""power_watts"":0,""chipset"":""B650"",""form_factor"":""M-ATX"",""socket"":""AM5"",""memory_type"":""DDR5"",""origin_name_vi"":""Đài Loan"",""origin_code"":""TW""}","{""base_performance_score"":70,""base_power_watts"":0,""base_heat_score"":25,""base_reliability_score"":78,""used_demand_score"":65,""mining_popularity_score"":0,""depreciation_rate"":8}",
asus-prime-b760m-k-d4,ASUS PRIME B760M-K D4,MOTHERBOARD,ASUS,asus,intel,Đài Loan,TW,,Manual curated sheet v2,,MANUAL,,LGA1700 (DDR4),0,Chipset B760 | M-ATX | Chạy RAM DDR4 Tiết Kiệm,70,0,25,78,65,0,8,,,,,"{""raw_key_specs"":""Chipset B760 | M-ATX | Chạy RAM DDR4 Tiết Kiệm"",""socket_slot"":""LGA1700 (DDR4)"",""power_watts"":0,""chipset"":""B760"",""form_factor"":""M-ATX"",""socket"":""LGA1700"",""memory_type"":""DDR4"",""origin_name_vi"":""Đài Loan"",""origin_code"":""TW""}","{""base_performance_score"":70,""base_power_watts"":0,""base_heat_score"":25,""base_reliability_score"":78,""used_demand_score"":65,""mining_popularity_score"":0,""depreciation_rate"":8}",
asus-h81m-k,ASUS H81M-K,MOTHERBOARD,ASUS,asus,intel,Đài Loan,TW,,Manual curated sheet v2,,MANUAL,,LGA1150 (DDR3),0,Chipset H81 | M-ATX | Huyền Thoại Chạy Chip Intel Gen 4 Cỏ,55,0,25,78,65,0,8,,,,,"{""raw_key_specs"":""Chipset H81 | M-ATX | Huyền Thoại Chạy Chip Intel Gen 4 Cỏ"",""socket_slot"":""LGA1150 (DDR3)"",""power_watts"":0,""chipset"":""H81"",""form_factor"":""M-ATX"",""socket"":""LGA1150"",""memory_type"":""DDR3"",""origin_name_vi"":""Đài Loan"",""origin_code"":""TW""}","{""base_performance_score"":55,""base_power_watts"":0,""base_heat_score"":25,""base_reliability_score"":78,""used_demand_score"":65,""mining_popularity_score"":0,""depreciation_rate"":8}",
msi-mag-b760m-mortar-wifi,MSI MAG B760M MORTAR WIFI,MOTHERBOARD,MSI,msi,intel,Đài Loan,TW,,Manual curated sheet v2,,MANUAL,,LGA1700 (DDR5),0,Chipset B760 | M-ATX | Linh Kiện Dày Dặn Cao Cấp,70,0,25,78,65,0,8,,,,,"{""raw_key_specs"":""Chipset B760 | M-ATX | Linh Kiện Dày Dặn Cao Cấp"",""socket_slot"":""LGA1700 (DDR5)"",""power_watts"":0,""chipset"":""B760"",""form_factor"":""M-ATX"",""socket"":""LGA1700"",""memory_type"":""DDR5"",""origin_name_vi"":""Đài Loan"",""origin_code"":""TW""}","{""base_performance_score"":70,""base_power_watts"":0,""base_heat_score"":25,""base_reliability_score"":78,""used_demand_score"":65,""mining_popularity_score"":0,""depreciation_rate"":8}",
msi-b450m-mortar-max,MSI B450M MORTAR MAX,MOTHERBOARD,MSI,msi,amd,Đài Loan,TW,,Manual curated sheet v2,,MANUAL,,AM4 (DDR4),0,Chipset B450 | M-ATX | Bo Mạch Chạy Ryzen Đời Cũ Cực Ngon,55,0,25,78,65,0,8,,,,,"{""raw_key_specs"":""Chipset B450 | M-ATX | Bo Mạch Chạy Ryzen Đời Cũ Cực Ngon"",""socket_slot"":""AM4 (DDR4)"",""power_watts"":0,""chipset"":""B450"",""form_factor"":""M-ATX"",""socket"":""AM4"",""memory_type"":""DDR4"",""origin_name_vi"":""Đài Loan"",""origin_code"":""TW""}","{""base_performance_score"":55,""base_power_watts"":0,""base_heat_score"":25,""base_reliability_score"":78,""used_demand_score"":65,""mining_popularity_score"":0,""depreciation_rate"":8}",
msi-h61m-p31,MSI H61M-P31,MOTHERBOARD,MSI,msi,intel,Đài Loan,TW,,Manual curated sheet v2,,MANUAL,,LGA1155 (DDR3),0,Chipset H61 | M-ATX | Sân Chơi Của Các Chip Intel Gen 2/3 Cỏ,55,0,25,78,65,0,8,,,,,"{""raw_key_specs"":""Chipset H61 | M-ATX | Sân Chơi Của Các Chip Intel Gen 2/3 Cỏ"",""socket_slot"":""LGA1155 (DDR3)"",""power_watts"":0,""chipset"":""H61"",""form_factor"":""M-ATX"",""socket"":""LGA1155"",""memory_type"":""DDR3"",""origin_name_vi"":""Đài Loan"",""origin_code"":""TW""}","{""base_performance_score"":55,""base_power_watts"":0,""base_heat_score"":25,""base_reliability_score"":78,""used_demand_score"":65,""mining_popularity_score"":0,""depreciation_rate"":8}",
gigabyte-b760m-aorus-elite-ax,GIGABYTE B760M AORUS ELITE AX,MOTHERBOARD,GIGABYTE,gigabyte,intel,Đài Loan,TW,,Manual curated sheet v2,,MANUAL,,LGA1700 (DDR5),0,Chipset B760 | M-ATX | Bản Có Wifi Cạnh Tranh Cao,70,0,25,78,65,0,8,,,,,"{""raw_key_specs"":""Chipset B760 | M-ATX | Bản Có Wifi Cạnh Tranh Cao"",""socket_slot"":""LGA1700 (DDR5)"",""power_watts"":0,""chipset"":""B760"",""form_factor"":""M-ATX"",""socket"":""LGA1700"",""memory_type"":""DDR5"",""origin_name_vi"":""Đài Loan"",""origin_code"":""TW""}","{""base_performance_score"":70,""base_power_watts"":0,""base_heat_score"":25,""base_reliability_score"":78,""used_demand_score"":65,""mining_popularity_score"":0,""depreciation_rate"":8}",
gigabyte-h510m-k-v2,GIGABYTE H510M K V2,MOTHERBOARD,GIGABYTE,gigabyte,intel,Đài Loan,TW,,Manual curated sheet v2,,MANUAL,,LGA1200 (DDR4),0,Chipset H510 | M-ATX | Mainboard Cho Intel Gen 10/11 Cỏ,55,0,25,78,65,0,8,,,,,"{""raw_key_specs"":""Chipset H510 | M-ATX | Mainboard Cho Intel Gen 10/11 Cỏ"",""socket_slot"":""LGA1200 (DDR4)"",""power_watts"":0,""chipset"":""H510"",""form_factor"":""M-ATX"",""socket"":""LGA1200"",""memory_type"":""DDR4"",""origin_name_vi"":""Đài Loan"",""origin_code"":""TW""}","{""base_performance_score"":55,""base_power_watts"":0,""base_heat_score"":25,""base_reliability_score"":78,""used_demand_score"":65,""mining_popularity_score"":0,""depreciation_rate"":8}",
gigabyte-h81m-ds2,GIGABYTE H81M-DS2,MOTHERBOARD,GIGABYTE,gigabyte,intel,Đài Loan,TW,,Manual curated sheet v2,,MANUAL,,LGA1150 (DDR3),0,Chipset H81 | M-ATX | Main Cỏ Quốc Dân Sửa Máy Quán Nét,55,0,25,78,65,0,8,,,,,"{""raw_key_specs"":""Chipset H81 | M-ATX | Main Cỏ Quốc Dân Sửa Máy Quán Nét"",""socket_slot"":""LGA1150 (DDR3)"",""power_watts"":0,""chipset"":""H81"",""form_factor"":""M-ATX"",""socket"":""LGA1150"",""memory_type"":""DDR3"",""origin_name_vi"":""Đài Loan"",""origin_code"":""TW""}","{""base_performance_score"":55,""base_power_watts"":0,""base_heat_score"":25,""base_reliability_score"":78,""used_demand_score"":65,""mining_popularity_score"":0,""depreciation_rate"":8}",
asrock-b760m-pro-rs-d4,ASRock B760M Pro RS/D4,MOTHERBOARD,ASRock,asrock,intel,Đài Loan,TW,,Manual curated sheet v2,,MANUAL,,LGA1700 (DDR4),0,Chipset B760 | M-ATX | Bản Trắng Chạy RAM DDR4 Rẻ,70,0,25,78,65,0,8,,,,,"{""raw_key_specs"":""Chipset B760 | M-ATX | Bản Trắng Chạy RAM DDR4 Rẻ"",""socket_slot"":""LGA1700 (DDR4)"",""power_watts"":0,""chipset"":""B760"",""form_factor"":""M-ATX"",""socket"":""LGA1700"",""memory_type"":""DDR4"",""origin_name_vi"":""Đài Loan"",""origin_code"":""TW""}","{""base_performance_score"":70,""base_power_watts"":0,""base_heat_score"":25,""base_reliability_score"":78,""used_demand_score"":65,""mining_popularity_score"":0,""depreciation_rate"":8}",
asrock-h410m-hdv,ASRock H410M-HDV,MOTHERBOARD,ASRock,asrock,intel,Đài Loan,TW,,Manual curated sheet v2,,MANUAL,,LGA1200 (DDR4),0,Chipset H410 | M-ATX | Lắp Cấu Hình Máy Văn Phòng Giá Rẻ,55,0,25,78,65,0,8,,,,,"{""raw_key_specs"":""Chipset H410 | M-ATX | Lắp Cấu Hình Máy Văn Phòng Giá Rẻ"",""socket_slot"":""LGA1200 (DDR4)"",""power_watts"":0,""chipset"":""H410"",""form_factor"":""M-ATX"",""socket"":""LGA1200"",""memory_type"":""DDR4"",""origin_name_vi"":""Đài Loan"",""origin_code"":""TW""}","{""base_performance_score"":55,""base_power_watts"":0,""base_heat_score"":25,""base_reliability_score"":78,""used_demand_score"":65,""mining_popularity_score"":0,""depreciation_rate"":8}",
huananzhi-x99-t8,Huananzhi X99-T8,MOTHERBOARD,Huananzhi,huananzhi,intel,Trung Quốc,CN,,Manual curated sheet v2,,MANUAL,,LGA2011-3 (DDR3),0,Chipset X99 | ATX | Thiết Kế 8 Khe Cắm RAM DDR3 Độc Lạ,45,0,25,45,70,0,16,,,,,"{""raw_key_specs"":""Chipset X99 | ATX | Thiết Kế 8 Khe Cắm RAM DDR3 Độc Lạ"",""socket_slot"":""LGA2011-3 (DDR3)"",""power_watts"":0,""chipset"":""X99"",""form_factor"":""ATX"",""socket"":""LGA2011-3"",""memory_type"":""DDR3"",""origin_name_vi"":""Trung Quốc"",""origin_code"":""CN""}","{""base_performance_score"":45,""base_power_watts"":0,""base_heat_score"":25,""base_reliability_score"":45,""used_demand_score"":70,""mining_popularity_score"":0,""depreciation_rate"":16}",
huananzhi-x79-luxury,Huananzhi X79 Luxury,MOTHERBOARD,Huananzhi,huananzhi,intel,Trung Quốc,CN,,Manual curated sheet v2,,MANUAL,,LGA2011,0,Chipset X79 | ATX | Chạy Các Dòng CPU Xeon E5 V1/V2 Siêu Cỏ,55,0,25,55,65,0,16,,,,,"{""raw_key_specs"":""Chipset X79 | ATX | Chạy Các Dòng CPU Xeon E5 V1/V2 Siêu Cỏ"",""socket_slot"":""LGA2011"",""power_watts"":0,""chipset"":""X79"",""form_factor"":""ATX"",""socket"":""LGA2011"",""origin_name_vi"":""Trung Quốc"",""origin_code"":""CN""}","{""base_performance_score"":55,""base_power_watts"":0,""base_heat_score"":25,""base_reliability_score"":55,""used_demand_score"":65,""mining_popularity_score"":0,""depreciation_rate"":16}",
machinist-x99-mr9a-pro,Machinist X99 MR9A PRO,MOTHERBOARD,Machinist,machinist,intel,Trung Quốc,CN,,Manual curated sheet v2,,MANUAL,,LGA2011-3 (DDR4),0,Chipset X99 | ATX | Bản Có Giáp Hầm Hố Chạy Xeon D4,45,0,25,45,70,0,16,,,,,"{""raw_key_specs"":""Chipset X99 | ATX | Bản Có Giáp Hầm Hố Chạy Xeon D4"",""socket_slot"":""LGA2011-3 (DDR4)"",""power_watts"":0,""chipset"":""X99"",""form_factor"":""ATX"",""socket"":""LGA2011-3"",""memory_type"":""DDR4"",""origin_name_vi"":""Trung Quốc"",""origin_code"":""CN""}","{""base_performance_score"":45,""base_power_watts"":0,""base_heat_score"":25,""base_reliability_score"":45,""used_demand_score"":70,""mining_popularity_score"":0,""depreciation_rate"":16}",
soyo-classic-h610m,Soyo Classic H610M,MOTHERBOARD,Soyo,soyo,intel,Trung Quốc,CN,,Manual curated sheet v2,,MANUAL,,LGA1700 (DDR4),0,Chipset H610 | M-ATX | Mainboard Nội Địa Giá Rẻ Nhất,55,0,25,55,65,0,16,,,,,"{""raw_key_specs"":""Chipset H610 | M-ATX | Mainboard Nội Địa Giá Rẻ Nhất"",""socket_slot"":""LGA1700 (DDR4)"",""power_watts"":0,""chipset"":""H610"",""form_factor"":""M-ATX"",""socket"":""LGA1700"",""memory_type"":""DDR4"",""origin_name_vi"":""Trung Quốc"",""origin_code"":""CN""}","{""base_performance_score"":55,""base_power_watts"":0,""base_heat_score"":25,""base_reliability_score"":55,""used_demand_score"":65,""mining_popularity_score"":0,""depreciation_rate"":16}",
onda-h81-v-plus-smart,Onda H81 V+ Smart,MOTHERBOARD,Onda,onda,intel,Trung Quốc,CN,,Manual curated sheet v2,,MANUAL,,LGA1150 (DDR3),0,Chipset H81 | M-ATX | Hàng OEM Chống Cháy Giá Vài Trăm Ngàn,55,0,25,55,65,0,16,,,,,"{""raw_key_specs"":""Chipset H81 | M-ATX | Hàng OEM Chống Cháy Giá Vài Trăm Ngàn"",""socket_slot"":""LGA1150 (DDR3)"",""power_watts"":0,""chipset"":""H81"",""form_factor"":""M-ATX"",""socket"":""LGA1150"",""memory_type"":""DDR3"",""origin_name_vi"":""Trung Quốc"",""origin_code"":""CN""}","{""base_performance_score"":55,""base_power_watts"":0,""base_heat_score"":25,""base_reliability_score"":55,""used_demand_score"":65,""mining_popularity_score"":0,""depreciation_rate"":16}",
thermalright-phantom-spirit-120-se,Thermalright Phantom Spirit 120 SE,COOLER,Thermalright,thermalright,,Đài Loan,TW,,Manual curated sheet v2,,MANUAL,,CPU Fan Header,5,Tản Tháp Đôi 7 Ống Đồng | Vua Hiệu Năng Phá Giá,35,5,40,70,60,0,8,,,,,"{""raw_key_specs"":""Tản Tháp Đôi 7 Ống Đồng | Vua Hiệu Năng Phá Giá"",""socket_slot"":""CPU Fan Header"",""power_watts"":5,""cooler_type"":""OTHER"",""origin_name_vi"":""Đài Loan"",""origin_code"":""TW""}","{""base_performance_score"":35,""base_power_watts"":5,""base_heat_score"":40,""base_reliability_score"":70,""used_demand_score"":60,""mining_popularity_score"":0,""depreciation_rate"":8}",
thermalright-assassin-x-120-r-se-white,Thermalright Assassin X 120 R SE White,COOLER,Thermalright,thermalright,,Đài Loan,TW,,Manual curated sheet v2,,MANUAL,,CPU Fan Header,3,Tản Tháp Đơn Màu Trắng Tuyết Led Đẹp,35,3,40,70,60,0,8,,,,,"{""raw_key_specs"":""Tản Tháp Đơn Màu Trắng Tuyết Led Đẹp"",""socket_slot"":""CPU Fan Header"",""power_watts"":3,""cooler_type"":""OTHER"",""origin_name_vi"":""Đài Loan"",""origin_code"":""TW""}","{""base_performance_score"":35,""base_power_watts"":3,""base_heat_score"":40,""base_reliability_score"":70,""used_demand_score"":60,""mining_popularity_score"":0,""depreciation_rate"":8}",
deepcool-ak620-digital,Deepcool AK620 Digital,COOLER,Deepcool,deepcool,,Trung Quốc,CN,,Manual curated sheet v2,,MANUAL,,CPU Fan Header,5,Tản Tháp Đôi Có Màn Hình Số Hiển Thị Nhiệt Realtime,35,5,40,65,60,0,8,,,,,"{""raw_key_specs"":""Tản Tháp Đôi Có Màn Hình Số Hiển Thị Nhiệt Realtime"",""socket_slot"":""CPU Fan Header"",""power_watts"":5,""cooler_type"":""OTHER"",""origin_name_vi"":""Trung Quốc"",""origin_code"":""CN""}","{""base_performance_score"":35,""base_power_watts"":5,""base_heat_score"":40,""base_reliability_score"":65,""used_demand_score"":60,""mining_popularity_score"":0,""depreciation_rate"":8}",
deepcool-ag620-argb,Deepcool AG620 ARGB,COOLER,Deepcool,deepcool,,Trung Quốc,CN,,Manual curated sheet v2,,MANUAL,,CPU Fan Header,5,Tản Khí Tháp Đôi Hiệu Năng Cao Giá Tốt Có LED,55,5,15,65,60,0,8,,,,,"{""raw_key_specs"":""Tản Khí Tháp Đôi Hiệu Năng Cao Giá Tốt Có LED"",""socket_slot"":""CPU Fan Header"",""power_watts"":5,""cooler_type"":""AIR"",""origin_name_vi"":""Trung Quốc"",""origin_code"":""CN""}","{""base_performance_score"":55,""base_power_watts"":5,""base_heat_score"":15,""base_reliability_score"":65,""used_demand_score"":60,""mining_popularity_score"":0,""depreciation_rate"":8}",
id-cooling-se-214-xt-pro,ID-Cooling SE-214-XT Pro,COOLER,ID-Cooling,id-cooling,,Trung Quốc,CN,,Manual curated sheet v2,,MANUAL,,CPU Fan Header,3,Bản Nâng Cấp Quạt Không LED Trơn Lắp Máy Êm,35,3,40,65,60,0,8,,,,,"{""raw_key_specs"":""Bản Nâng Cấp Quạt Không LED Trơn Lắp Máy Êm"",""socket_slot"":""CPU Fan Header"",""power_watts"":3,""cooler_type"":""OTHER"",""origin_name_vi"":""Trung Quốc"",""origin_code"":""CN""}","{""base_performance_score"":35,""base_power_watts"":3,""base_heat_score"":40,""base_reliability_score"":65,""used_demand_score"":60,""mining_popularity_score"":0,""depreciation_rate"":8}",
id-cooling-zoomflow-360-xt,ID-Cooling Zoomflow 360 XT,COOLER,ID-Cooling,id-cooling,,Trung Quốc,CN,,Manual curated sheet v2,,MANUAL,,CPU Fan Header,14,Tản Nước AIO 360mm Phá Giá Cân CPU Khủng,96,14,20,65,60,0,8,,,,,"{""raw_key_specs"":""Tản Nước AIO 360mm Phá Giá Cân CPU Khủng"",""socket_slot"":""CPU Fan Header"",""power_watts"":14,""cooler_type"":""AIO"",""radiator_size_mm"":360,""origin_name_vi"":""Trung Quốc"",""origin_code"":""CN""}","{""base_performance_score"":96,""base_power_watts"":14,""base_heat_score"":20,""base_reliability_score"":65,""used_demand_score"":60,""mining_popularity_score"":0,""depreciation_rate"":8}",
jonsbo-cr-1000-gt,Jonsbo CR-1000 GT,COOLER,Jonsbo,jonsbo,,Trung Quốc,CN,,Manual curated sheet v2,,MANUAL,,CPU Fan Header,3,Bản Điều Khiển Được Đèn LED Qua Mainboard Nhập Môn,35,3,40,65,60,0,8,,,,,"{""raw_key_specs"":""Bản Điều Khiển Được Đèn LED Qua Mainboard Nhập Môn"",""socket_slot"":""CPU Fan Header"",""power_watts"":3,""cooler_type"":""OTHER"",""origin_name_vi"":""Trung Quốc"",""origin_code"":""CN""}","{""base_performance_score"":35,""base_power_watts"":3,""base_heat_score"":40,""base_reliability_score"":65,""used_demand_score"":60,""mining_popularity_score"":0,""depreciation_rate"":8}",
noctua-nh-d15-gen-2,Noctua NH-D15 gen 2,COOLER,Noctua,noctua,,Áo,AT,,Manual curated sheet v2,,MANUAL,,CPU Fan Header,6,Vua Tản Khí Đời Mới | Thiết Kế Cánh Quạt Tối Ưu Siêu Đắt,80,6,15,78,65,0,8,,,,,"{""raw_key_specs"":""Vua Tản Khí Đời Mới | Thiết Kế Cánh Quạt Tối Ưu Siêu Đắt"",""socket_slot"":""CPU Fan Header"",""power_watts"":6,""cooler_type"":""AIR"",""origin_name_vi"":""Áo"",""origin_code"":""AT""}","{""base_performance_score"":80,""base_power_watts"":6,""base_heat_score"":15,""base_reliability_score"":78,""used_demand_score"":65,""mining_popularity_score"":0,""depreciation_rate"":8}",
be-quiet-dark-rock-pro-5,be quiet! Dark Rock Pro 5,COOLER,be quiet!,be-quiet,,Đức,DE,,Manual curated sheet v2,,MANUAL,,CPU Fan Header,5,Tản Khí Tháp Đôi Cao Cấp Không Đèn Siêu Cách Âm,55,5,15,78,65,0,8,,,,,"{""raw_key_specs"":""Tản Khí Tháp Đôi Cao Cấp Không Đèn Siêu Cách Âm"",""socket_slot"":""CPU Fan Header"",""power_watts"":5,""cooler_type"":""AIR"",""origin_name_vi"":""Đức"",""origin_code"":""DE""}","{""base_performance_score"":55,""base_power_watts"":5,""base_heat_score"":15,""base_reliability_score"":78,""used_demand_score"":65,""mining_popularity_score"":0,""depreciation_rate"":8}",
arctic-liquid-freezer-iii-240,Arctic Liquid Freezer III 240,COOLER,Arctic,arctic,,Đức,DE,,Manual curated sheet v2,,MANUAL,,CPU Fan Header,10,Tản Nước AIO 240mm Tháp Dày Cực Kỳ Bền Bỉ,84,10,20,70,60,0,8,,,,,"{""raw_key_specs"":""Tản Nước AIO 240mm Tháp Dày Cực Kỳ Bền Bỉ"",""socket_slot"":""CPU Fan Header"",""power_watts"":10,""cooler_type"":""AIO"",""radiator_size_mm"":240,""origin_name_vi"":""Đức"",""origin_code"":""DE""}","{""base_performance_score"":84,""base_power_watts"":10,""base_heat_score"":20,""base_reliability_score"":70,""used_demand_score"":60,""mining_popularity_score"":0,""depreciation_rate"":8}",
vsp-v200-plus,VSP V200 Plus,COOLER,VSP,vsp,,Việt Nam,VN,,Manual curated sheet v2,,MANUAL,,CPU Fan Header,2,Tản Khí Dạng Đĩa Bay Giá Rẻ Cho Máy Cỏ Văn Phòng,55,2,15,55,65,0,16,,,,,"{""raw_key_specs"":""Tản Khí Dạng Đĩa Bay Giá Rẻ Cho Máy Cỏ Văn Phòng"",""socket_slot"":""CPU Fan Header"",""power_watts"":2,""cooler_type"":""AIR"",""origin_name_vi"":""Việt Nam"",""origin_code"":""VN""}","{""base_performance_score"":55,""base_power_watts"":2,""base_heat_score"":15,""base_reliability_score"":55,""used_demand_score"":65,""mining_popularity_score"":0,""depreciation_rate"":16}",
xigmatek-air-killer-pro-rgb,Xigmatek Air Killer Pro RGB,COOLER,Xigmatek,xigmatek,,Đài Loan,TW,,Manual curated sheet v2,,MANUAL,,CPU Fan Header,3,Tản Khí 4 Ống Đồng Thiết Kế Mặt Trên Che Ống Xấu,55,3,15,70,60,0,8,,,,,"{""raw_key_specs"":""Tản Khí 4 Ống Đồng Thiết Kế Mặt Trên Che Ống Xấu"",""socket_slot"":""CPU Fan Header"",""power_watts"":3,""cooler_type"":""AIR"",""origin_name_vi"":""Đài Loan"",""origin_code"":""TW""}","{""base_performance_score"":55,""base_power_watts"":3,""base_heat_score"":15,""base_reliability_score"":70,""used_demand_score"":60,""mining_popularity_score"":0,""depreciation_rate"":8}",
corsair-rm750e-atx-3-0,Corsair RM750e ATX 3.0,PSU,Corsair,corsair,,Mỹ,US,,Manual curated sheet v2,,MANUAL,,ATX Frame,750,750W | 80 Plus Gold | Chuẩn Nguồn Modul Nhỏ Gọn Đời Mới,75,750,30,78,70,0,8,,,,,"{""raw_key_specs"":""750W | 80 Plus Gold | Chuẩn Nguồn Modul Nhỏ Gọn Đời Mới"",""socket_slot"":""ATX Frame"",""power_watts"":750,""wattage"":750,""efficiency_rating"":""80 Plus Gold"",""origin_name_vi"":""Mỹ"",""origin_code"":""US""}","{""base_performance_score"":75,""base_power_watts"":750,""base_heat_score"":30,""base_reliability_score"":78,""used_demand_score"":70,""mining_popularity_score"":0,""depreciation_rate"":8}",
corsair-cv650,Corsair CV650,PSU,Corsair,corsair,,Mỹ,US,,Manual curated sheet v2,,MANUAL,,ATX Frame,650,650W | 80 Plus Bronze | Nguồn Quốc Dân Đi Với Card Tầm Trung Cũ,65,650,30,78,70,0,8,,,,,"{""raw_key_specs"":""650W | 80 Plus Bronze | Nguồn Quốc Dân Đi Với Card Tầm Trung Cũ"",""socket_slot"":""ATX Frame"",""power_watts"":650,""wattage"":650,""efficiency_rating"":""80 Plus Bronze"",""origin_name_vi"":""Mỹ"",""origin_code"":""US""}","{""base_performance_score"":65,""base_power_watts"":650,""base_heat_score"":30,""base_reliability_score"":78,""used_demand_score"":70,""mining_popularity_score"":0,""depreciation_rate"":8}",
seasonic-b12-bc-550,Seasonic B12 BC-550,PSU,Seasonic,seasonic,,Đài Loan,TW,,Manual curated sheet v2,,MANUAL,,ATX Frame,550,550W | 80 Plus Bronze | Bộ Nguồn Đáng Tin Cậy Máy Gaming Rẻ,55,550,30,78,70,0,8,,,,,"{""raw_key_specs"":""550W | 80 Plus Bronze | Bộ Nguồn Đáng Tin Cậy Máy Gaming Rẻ"",""socket_slot"":""ATX Frame"",""power_watts"":550,""wattage"":550,""efficiency_rating"":""80 Plus Bronze"",""origin_name_vi"":""Đài Loan"",""origin_code"":""TW""}","{""base_performance_score"":55,""base_power_watts"":550,""base_heat_score"":30,""base_reliability_score"":78,""used_demand_score"":70,""mining_popularity_score"":0,""depreciation_rate"":8}",
msi-mag-a550bn,MSI MAG A550BN,PSU,MSI,msi,,Đài Loan,TW,,Manual curated sheet v2,,MANUAL,,ATX Frame,550,550W | 80 Plus Bronze | Lựa Chọn Phổ Biến Cho Máy i5 + 1660S,55,550,30,78,70,0,8,,,,,"{""raw_key_specs"":""550W | 80 Plus Bronze | Lựa Chọn Phổ Biến Cho Máy i5 + 1660S"",""socket_slot"":""ATX Frame"",""power_watts"":550,""wattage"":550,""efficiency_rating"":""80 Plus Bronze"",""origin_name_vi"":""Đài Loan"",""origin_code"":""TW""}","{""base_performance_score"":55,""base_power_watts"":550,""base_heat_score"":30,""base_reliability_score"":78,""used_demand_score"":70,""mining_popularity_score"":0,""depreciation_rate"":8}",
xigmatek-x-power-iii-550,Xigmatek X-Power III 550,PSU,Xigmatek,xigmatek,,Đài Loan,TW,,Manual curated sheet v2,,MANUAL,,ATX Frame,550,550W | Nguồn Chống Cháy Giá Rẻ Đi Cấu Hình Cỏ,55,550,30,70,65,0,8,,,,,"{""raw_key_specs"":""550W | Nguồn Chống Cháy Giá Rẻ Đi Cấu Hình Cỏ"",""socket_slot"":""ATX Frame"",""power_watts"":550,""wattage"":550,""origin_name_vi"":""Đài Loan"",""origin_code"":""TW""}","{""base_performance_score"":55,""base_power_watts"":550,""base_heat_score"":30,""base_reliability_score"":70,""used_demand_score"":65,""mining_popularity_score"":0,""depreciation_rate"":8}",
antec-atom-v450,Antec Atom V450,PSU,Antec,antec,,Mỹ,US,,Manual curated sheet v2,,MANUAL,,ATX Frame,450,450W | Nguồn Cỏ Chạy Máy Văn Phòng Chip Intel Không Card,45,450,30,70,65,0,8,,,,,"{""raw_key_specs"":""450W | Nguồn Cỏ Chạy Máy Văn Phòng Chip Intel Không Card"",""socket_slot"":""ATX Frame"",""power_watts"":450,""wattage"":450,""origin_name_vi"":""Mỹ"",""origin_code"":""US""}","{""base_performance_score"":45,""base_power_watts"":450,""base_heat_score"":30,""base_reliability_score"":70,""used_demand_score"":65,""mining_popularity_score"":0,""depreciation_rate"":8}",
segotep-an550,Segotep AN550,PSU,Segotep,segotep,,Trung Quốc,CN,,Manual curated sheet v2,,MANUAL,,ATX Frame,550,550W | Bộ Nguồn Nội Địa Giá Rẻ Được Các Shop Chuộng Lắp,55,550,30,55,70,0,16,,,,,"{""raw_key_specs"":""550W | Bộ Nguồn Nội Địa Giá Rẻ Được Các Shop Chuộng Lắp"",""socket_slot"":""ATX Frame"",""power_watts"":550,""wattage"":550,""origin_name_vi"":""Trung Quốc"",""origin_code"":""CN""}","{""base_performance_score"":55,""base_power_watts"":550,""base_heat_score"":30,""base_reliability_score"":55,""used_demand_score"":70,""mining_popularity_score"":0,""depreciation_rate"":16}",
jetek-star-st450,Jetek Star ST450,PSU,Jetek,jetek,,Việt Nam,VN,,Manual curated sheet v2,,MANUAL,,ATX Frame,450,450W | Nguồn Cỏ Nội Địa Lắp Máy Học Tập Học Sinh,45,450,30,55,70,0,16,,,,,"{""raw_key_specs"":""450W | Nguồn Cỏ Nội Địa Lắp Máy Học Tập Học Sinh"",""socket_slot"":""ATX Frame"",""power_watts"":450,""wattage"":450,""origin_name_vi"":""Việt Nam"",""origin_code"":""VN""}","{""base_performance_score"":45,""base_power_watts"":450,""base_heat_score"":30,""base_reliability_score"":55,""used_demand_score"":70,""mining_popularity_score"":0,""depreciation_rate"":16}",
aigo-vk550,Aigo VK550,PSU,Aigo,aigo,,Trung Quốc,CN,,Manual curated sheet v2,,MANUAL,,ATX Frame,550,550W | Nguồn Giá Rẻ Phổ Thông Bán Nhiều Trên Mạng,55,550,30,55,70,0,16,,,,,"{""raw_key_specs"":""550W | Nguồn Giá Rẻ Phổ Thông Bán Nhiều Trên Mạng"",""socket_slot"":""ATX Frame"",""power_watts"":550,""wattage"":550,""origin_name_vi"":""Trung Quốc"",""origin_code"":""CN""}","{""base_performance_score"":55,""base_power_watts"":550,""base_heat_score"":30,""base_reliability_score"":55,""used_demand_score"":70,""mining_popularity_score"":0,""depreciation_rate"":16}",
xigmatek-nyx-air-3f,Xigmatek NYX Air 3F,CASE,Xigmatek,xigmatek,,Đài Loan,TW,,Manual curated sheet v2,,MANUAL,,Micro-ATX Form,0,Vỏ Nhỏ Gọn Mặt Lưới Thoáng Kèm Sẵn 3 Quạt LED,75,0,15,70,60,0,8,,,,,"{""raw_key_specs"":""Vỏ Nhỏ Gọn Mặt Lưới Thoáng Kèm Sẵn 3 Quạt LED"",""socket_slot"":""Micro-ATX Form"",""power_watts"":0,""form_factor_support"":""Micro-ATX Form"",""origin_name_vi"":""Đài Loan"",""origin_code"":""TW""}","{""base_performance_score"":75,""base_power_watts"":0,""base_heat_score"":15,""base_reliability_score"":70,""used_demand_score"":60,""mining_popularity_score"":0,""depreciation_rate"":8}",
vsp-v210-black,VSP V210 Black,CASE,VSP,vsp,,Việt Nam,VN,,Manual curated sheet v2,,MANUAL,,Micro-ATX Form,0,Vỏ Case Cỏ Giá Hơn Hai Trăm Ngàn Lắp Máy Tiết Kiệm,55,0,15,55,65,0,16,,,,,"{""raw_key_specs"":""Vỏ Case Cỏ Giá Hơn Hai Trăm Ngàn Lắp Máy Tiết Kiệm"",""socket_slot"":""Micro-ATX Form"",""power_watts"":0,""form_factor_support"":""Micro-ATX Form"",""origin_name_vi"":""Việt Nam"",""origin_code"":""VN""}","{""base_performance_score"":55,""base_power_watts"":0,""base_heat_score"":15,""base_reliability_score"":55,""used_demand_score"":65,""mining_popularity_score"":0,""depreciation_rate"":16}",
sama-esport-2,Sama Esport 2,CASE,Sama,sama,,Trung Quốc,CN,,Manual curated sheet v2,,MANUAL,,Micro-ATX Form,0,Vỏ Case Thép Dày Mặt Kính Phổ Biến Phân Khúc Rẻ Cũ,55,0,15,55,65,0,16,,,,,"{""raw_key_specs"":""Vỏ Case Thép Dày Mặt Kính Phổ Biến Phân Khúc Rẻ Cũ"",""socket_slot"":""Micro-ATX Form"",""power_watts"":0,""form_factor_support"":""Micro-ATX Form"",""origin_name_vi"":""Trung Quốc"",""origin_code"":""CN""}","{""base_performance_score"":55,""base_power_watts"":0,""base_heat_score"":15,""base_reliability_score"":55,""used_demand_score"":65,""mining_popularity_score"":0,""depreciation_rate"":16}",
montech-air-100-lite,Montech Air 100 Lite,CASE,Montech,montech,,Đài Loan,TW,,Manual curated sheet v2,,MANUAL,,Micro-ATX Form,0,Vỏ Case M-ATX Tông Trắng Thiết Kế Đơn Giản Lưới Đẹp,75,0,15,70,60,0,8,,,,,"{""raw_key_specs"":""Vỏ Case M-ATX Tông Trắng Thiết Kế Đơn Giản Lưới Đẹp"",""socket_slot"":""Micro-ATX Form"",""power_watts"":0,""form_factor_support"":""Micro-ATX Form"",""origin_name_vi"":""Đài Loan"",""origin_code"":""TW""}","{""base_performance_score"":75,""base_power_watts"":0,""base_heat_score"":15,""base_reliability_score"":70,""used_demand_score"":60,""mining_popularity_score"":0,""depreciation_rate"":8}",
lian-li-o11-vision-black,Lian Li O11 Vision Black,CASE,Lian Li,lian-li,,Đài Loan,TW,,Manual curated sheet v2,,MANUAL,,ATX Case Form,0,Vỏ Bể Cá 3 Mặt Kính Không Khung Viền Góc Cực Đẹp,80,0,15,78,65,0,8,,,,,"{""raw_key_specs"":""Vỏ Bể Cá 3 Mặt Kính Không Khung Viền Góc Cực Đẹp"",""socket_slot"":""ATX Case Form"",""power_watts"":0,""form_factor_support"":""ATX Case Form"",""origin_name_vi"":""Đài Loan"",""origin_code"":""TW""}","{""base_performance_score"":80,""base_power_watts"":0,""base_heat_score"":15,""base_reliability_score"":78,""used_demand_score"":65,""mining_popularity_score"":0,""depreciation_rate"":8}",
nzxt-h6-flow-black,NZXT H6 Flow Black,CASE,NZXT,nzxt,,Mỹ,US,,Manual curated sheet v2,,MANUAL,,ATX Case Form,0,Vỏ Máy Thiết Kế Góc Vát Tối Ưu Airflow Độc Đáo Mới,75,0,15,78,65,0,8,,,,,"{""raw_key_specs"":""Vỏ Máy Thiết Kế Góc Vát Tối Ưu Airflow Độc Đáo Mới"",""socket_slot"":""ATX Case Form"",""power_watts"":0,""form_factor_support"":""ATX Case Form"",""origin_name_vi"":""Mỹ"",""origin_code"":""US""}","{""base_performance_score"":75,""base_power_watts"":0,""base_heat_score"":15,""base_reliability_score"":78,""used_demand_score"":65,""mining_popularity_score"":0,""depreciation_rate"":8}",
asus-rog-strix-geforce-rtx-5080-oc,ASUS ROG Strix GeForce RTX 5080 OC,GPU,ASUS,asus,nvidia,Đài Loan,TW,,Manual curated sheet v2,,MANUAL,,PCIe 5.0 x16,420,16GB GDDR7 | Bản Custom Đỉnh Cao Led RGB Full Viền,95,420,77,78,75,84,8,,,,,"{""raw_key_specs"":""16GB GDDR7 | Bản Custom Đỉnh Cao Led RGB Full Viền"",""socket_slot"":""PCIe 5.0 x16"",""power_watts"":420,""slot_interface"":""PCIe 5.0 x16"",""vram_gb"":16,""memory_type"":""GDDR7"",""origin_name_vi"":""Đài Loan"",""origin_code"":""TW""}","{""base_performance_score"":95,""base_power_watts"":420,""base_heat_score"":77,""base_reliability_score"":78,""used_demand_score"":75,""mining_popularity_score"":84,""depreciation_rate"":8}",
msi-geforce-rtx-5090-gaming-x-trio,MSI GeForce RTX 5090 GAMING X TRIO,GPU,MSI,msi,nvidia,Đài Loan,TW,,Manual curated sheet v2,,MANUAL,,PCIe 5.0 x16,620,32GB GDDR7 | Thiết Kế Hầm Hố Ép Xung Sẵn Sàng,100,620,97,78,75,100,8,,,,,"{""raw_key_specs"":""32GB GDDR7 | Thiết Kế Hầm Hố Ép Xung Sẵn Sàng"",""socket_slot"":""PCIe 5.0 x16"",""power_watts"":620,""slot_interface"":""PCIe 5.0 x16"",""vram_gb"":32,""memory_type"":""GDDR7"",""origin_name_vi"":""Đài Loan"",""origin_code"":""TW""}","{""base_performance_score"":100,""base_power_watts"":620,""base_heat_score"":97,""base_reliability_score"":78,""used_demand_score"":75,""mining_popularity_score"":100,""depreciation_rate"":8}",
colorful-igame-geforce-rtx-5090-vulcan,Colorful iGame GeForce RTX 5090 Vulcan,GPU,Colorful,colorful,nvidia,Trung Quốc,CN,,Manual curated sheet v2,,MANUAL,,PCIe 5.0 x16,650,32GB GDDR7 | Kèm Màn Hình LCD Màu Thay Đổi Ảnh GIF,100,650,100,65,70,100,8,,,,,"{""raw_key_specs"":""32GB GDDR7 | Kèm Màn Hình LCD Màu Thay Đổi Ảnh GIF"",""socket_slot"":""PCIe 5.0 x16"",""power_watts"":650,""slot_interface"":""PCIe 5.0 x16"",""vram_gb"":32,""memory_type"":""GDDR7"",""origin_name_vi"":""Trung Quốc"",""origin_code"":""CN""}","{""base_performance_score"":100,""base_power_watts"":650,""base_heat_score"":100,""base_reliability_score"":65,""used_demand_score"":70,""mining_popularity_score"":100,""depreciation_rate"":8}",
gigabyte-geforce-rtx-5070-ti-aorus-master,GIGABYTE GeForce RTX 5070 Ti AORUS Master,GPU,GIGABYTE,gigabyte,nvidia,Đài Loan,TW,,Manual curated sheet v2,,MANUAL,,PCIe 5.0 x16,300,16GB GDDR7 | Thiết Kế Cánh Quạt Đảo Chiều,94,300,65,78,75,84,8,,,,,"{""raw_key_specs"":""16GB GDDR7 | Thiết Kế Cánh Quạt Đảo Chiều"",""socket_slot"":""PCIe 5.0 x16"",""power_watts"":300,""slot_interface"":""PCIe 5.0 x16"",""vram_gb"":16,""memory_type"":""GDDR7"",""origin_name_vi"":""Đài Loan"",""origin_code"":""TW""}","{""base_performance_score"":94,""base_power_watts"":300,""base_heat_score"":65,""base_reliability_score"":78,""used_demand_score"":75,""mining_popularity_score"":84,""depreciation_rate"":8}",
zotac-geforce-rtx-5070-twin-edge,Zotac GeForce RTX 5070 Twin Edge,GPU,Zotac,zotac,nvidia,Hong Kong,HK,,Manual curated sheet v2,,MANUAL,,PCIe 5.0 x16,220,12GB GDDR7 | Bản 2 Quạt Nhỏ Gọn Cho Máy Nhỏ ITX,82,220,57,70,70,68,8,,,,,"{""raw_key_specs"":""12GB GDDR7 | Bản 2 Quạt Nhỏ Gọn Cho Máy Nhỏ ITX"",""socket_slot"":""PCIe 5.0 x16"",""power_watts"":220,""slot_interface"":""PCIe 5.0 x16"",""vram_gb"":12,""memory_type"":""GDDR7"",""origin_name_vi"":""Hong Kong"",""origin_code"":""HK""}","{""base_performance_score"":82,""base_power_watts"":220,""base_heat_score"":57,""base_reliability_score"":70,""used_demand_score"":70,""mining_popularity_score"":68,""depreciation_rate"":8}",
galax-geforce-rtx-5060-ti-ex-rgb,Galax GeForce RTX 5060 Ti EX RGB,GPU,Galax,galax,nvidia,Hong Kong,HK,,Manual curated sheet v2,,MANUAL,,PCIe 5.0 x16,160,8GB GDDR7 | Card Đồ Họa Phổ Thông Thế Hệ Mới,70,160,51,70,70,52,8,,,,,"{""raw_key_specs"":""8GB GDDR7 | Card Đồ Họa Phổ Thông Thế Hệ Mới"",""socket_slot"":""PCIe 5.0 x16"",""power_watts"":160,""slot_interface"":""PCIe 5.0 x16"",""vram_gb"":8,""memory_type"":""GDDR7"",""origin_name_vi"":""Hong Kong"",""origin_code"":""HK""}","{""base_performance_score"":70,""base_power_watts"":160,""base_heat_score"":51,""base_reliability_score"":70,""used_demand_score"":70,""mining_popularity_score"":52,""depreciation_rate"":8}",
inno3d-geforce-rtx-5060-twin-x2,Inno3D GeForce RTX 5060 Twin X2,GPU,Inno3D,inno3d,nvidia,Hong Kong,HK,,Manual curated sheet v2,,MANUAL,,PCIe 5.0 x8,120,8GB GDDR7 | Bản Tiết Kiệm Điện Không Cần Nguồn Phụ Khủng,70,120,47,70,70,52,8,,,,,"{""raw_key_specs"":""8GB GDDR7 | Bản Tiết Kiệm Điện Không Cần Nguồn Phụ Khủng"",""socket_slot"":""PCIe 5.0 x8"",""power_watts"":120,""slot_interface"":""PCIe 5.0 x8"",""vram_gb"":8,""memory_type"":""GDDR7"",""origin_name_vi"":""Hong Kong"",""origin_code"":""HK""}","{""base_performance_score"":70,""base_power_watts"":120,""base_heat_score"":47,""base_reliability_score"":70,""used_demand_score"":70,""mining_popularity_score"":52,""depreciation_rate"":8}",
nvidia-blackwell-b200-gpu-enterprise,NVIDIA Blackwell B200 GPU Enterprise,GPU,NVIDIA,nvidia,nvidia,Mỹ,US,,Manual curated sheet v2,,MANUAL,,Server Slot,1000,192GB HBM3e | Siêu Chip Chạy AI & LLM Công Nghiệp,100,1000,100,78,75,100,8,,,,,"{""raw_key_specs"":""192GB HBM3e | Siêu Chip Chạy AI & LLM Công Nghiệp"",""socket_slot"":""Server Slot"",""power_watts"":1000,""slot_interface"":""Server Slot"",""vram_gb"":192,""origin_name_vi"":""Mỹ"",""origin_code"":""US""}","{""base_performance_score"":100,""base_power_watts"":1000,""base_heat_score"":100,""base_reliability_score"":78,""used_demand_score"":75,""mining_popularity_score"":100,""depreciation_rate"":8}",
nvidia-blackwell-b100-tensor-core,NVIDIA Blackwell B100 Tensor Core,GPU,NVIDIA,nvidia,nvidia,Mỹ,US,,Manual curated sheet v2,,MANUAL,,Server Slot,700,144GB HBM3e | Chuyên Dụng Cho Trung Tâm Dữ Liệu,100,700,100,78,75,100,8,,,,,"{""raw_key_specs"":""144GB HBM3e | Chuyên Dụng Cho Trung Tâm Dữ Liệu"",""socket_slot"":""Server Slot"",""power_watts"":700,""slot_interface"":""Server Slot"",""vram_gb"":144,""origin_name_vi"":""Mỹ"",""origin_code"":""US""}","{""base_performance_score"":100,""base_power_watts"":700,""base_heat_score"":100,""base_reliability_score"":78,""used_demand_score"":75,""mining_popularity_score"":100,""depreciation_rate"":8}",
nvidia-hopper-h100-pcie,NVIDIA Hopper H100 PCIe,GPU,NVIDIA,nvidia,nvidia,Mỹ,US,,Manual curated sheet v2,,MANUAL,,PCIe 5.0 x16,350,80GB HBM3 | Quái Vật Đào Coin Và Huấn Luyện AI,100,350,70,78,75,100,8,,,,,"{""raw_key_specs"":""80GB HBM3 | Quái Vật Đào Coin Và Huấn Luyện AI"",""socket_slot"":""PCIe 5.0 x16"",""power_watts"":350,""slot_interface"":""PCIe 5.0 x16"",""vram_gb"":80,""memory_type"":""HBM3"",""origin_name_vi"":""Mỹ"",""origin_code"":""US""}","{""base_performance_score"":100,""base_power_watts"":350,""base_heat_score"":70,""base_reliability_score"":78,""used_demand_score"":75,""mining_popularity_score"":100,""depreciation_rate"":8}",
nvidia-rtx-6000-ada-generation,NVIDIA RTX 6000 Ada Generation,GPU,NVIDIA,nvidia,nvidia,Mỹ,US,,Manual curated sheet v2,,MANUAL,,PCIe 4.0 x16,300,48GB GDDR6 | Card Workstation Chuyên Đồ Họa Kiến Trúc,100,300,65,78,75,100,8,,,,,"{""raw_key_specs"":""48GB GDDR6 | Card Workstation Chuyên Đồ Họa Kiến Trúc"",""socket_slot"":""PCIe 4.0 x16"",""power_watts"":300,""slot_interface"":""PCIe 4.0 x16"",""vram_gb"":48,""memory_type"":""GDDR6"",""origin_name_vi"":""Mỹ"",""origin_code"":""US""}","{""base_performance_score"":100,""base_power_watts"":300,""base_heat_score"":65,""base_reliability_score"":78,""used_demand_score"":75,""mining_popularity_score"":100,""depreciation_rate"":8}",
amd-radeon-pro-w7900,AMD Radeon PRO W7900,GPU,AMD,amd,amd,Mỹ,US,,Manual curated sheet v2,,MANUAL,,PCIe 4.0 x16,295,48GB GDDR6 | Card Đồ Họa Chuyên Dụng Cho Trạm Làm Việc AMD,100,295,64,78,75,100,8,,,,,"{""raw_key_specs"":""48GB GDDR6 | Card Đồ Họa Chuyên Dụng Cho Trạm Làm Việc AMD"",""socket_slot"":""PCIe 4.0 x16"",""power_watts"":295,""slot_interface"":""PCIe 4.0 x16"",""vram_gb"":48,""memory_type"":""GDDR6"",""origin_name_vi"":""Mỹ"",""origin_code"":""US""}","{""base_performance_score"":100,""base_power_watts"":295,""base_heat_score"":64,""base_reliability_score"":78,""used_demand_score"":75,""mining_popularity_score"":100,""depreciation_rate"":8}",
gigabyte-rtx-4060-ti-eagle-oc-ice,GIGABYTE RTX 4060 Ti EAGLE OC Ice,GPU,GIGABYTE,gigabyte,nvidia,Đài Loan,TW,,Manual curated sheet v2,,MANUAL,,PCIe 4.0 x8,160,8GB GDDR6 | Phiên Bản Vỏ Trắng Thiết Kế Băng Tuyết,66,160,51,78,75,52,8,,,,,"{""raw_key_specs"":""8GB GDDR6 | Phiên Bản Vỏ Trắng Thiết Kế Băng Tuyết"",""socket_slot"":""PCIe 4.0 x8"",""power_watts"":160,""slot_interface"":""PCIe 4.0 x8"",""vram_gb"":8,""memory_type"":""GDDR6"",""origin_name_vi"":""Đài Loan"",""origin_code"":""TW""}","{""base_performance_score"":66,""base_power_watts"":160,""base_heat_score"":51,""base_reliability_score"":78,""used_demand_score"":75,""mining_popularity_score"":52,""depreciation_rate"":8}",
sapphire-nitro-plus-radeon-rx-7900-gre,Sapphire Nitro+ Radeon RX 7900 GRE,GPU,Sapphire,sapphire,amd,Hong Kong,HK,,Manual curated sheet v2,,MANUAL,,PCIe 4.0 x16,275,16GB GDDR6 | Bản Custom Đẹp Nhất Của Dòng GRE,94,275,62,78,75,84,8,,,,,"{""raw_key_specs"":""16GB GDDR6 | Bản Custom Đẹp Nhất Của Dòng GRE"",""socket_slot"":""PCIe 4.0 x16"",""power_watts"":275,""slot_interface"":""PCIe 4.0 x16"",""vram_gb"":16,""memory_type"":""GDDR6"",""origin_name_vi"":""Hong Kong"",""origin_code"":""HK""}","{""base_performance_score"":94,""base_power_watts"":275,""base_heat_score"":62,""base_reliability_score"":78,""used_demand_score"":75,""mining_popularity_score"":84,""depreciation_rate"":8}",
xfx-speedster-qick-309-rx-7600-xt,XFX Speedster QICK 309 RX 7600 XT,GPU,XFX,xfx,amd,Mỹ,US,,Manual curated sheet v2,,MANUAL,,PCIe 4.0 x8,190,16GB GDDR6 | Thiết Kế 3 Quạt Dài Trực Diện Cực Mát,58,190,54,78,75,84,8,,,,,"{""raw_key_specs"":""16GB GDDR6 | Thiết Kế 3 Quạt Dài Trực Diện Cực Mát"",""socket_slot"":""PCIe 4.0 x8"",""power_watts"":190,""slot_interface"":""PCIe 4.0 x8"",""vram_gb"":16,""memory_type"":""GDDR6"",""origin_name_vi"":""Mỹ"",""origin_code"":""US""}","{""base_performance_score"":58,""base_power_watts"":190,""base_heat_score"":54,""base_reliability_score"":78,""used_demand_score"":75,""mining_popularity_score"":84,""depreciation_rate"":8}",
powercolor-liquid-devil-rx-7900-xtx,PowerColor Liquid Devil RX 7900 XTX,GPU,PowerColor,powercolor,amd,Đài Loan,TW,,Manual curated sheet v2,,MANUAL,,PCIe 4.0 x16,355,24GB GDDR6 | Có Sẵn Block Nước Custom Từ EKWB,92,355,70,78,75,100,8,,,,,"{""raw_key_specs"":""24GB GDDR6 | Có Sẵn Block Nước Custom Từ EKWB"",""socket_slot"":""PCIe 4.0 x16"",""power_watts"":355,""slot_interface"":""PCIe 4.0 x16"",""vram_gb"":24,""memory_type"":""GDDR6"",""origin_name_vi"":""Đài Loan"",""origin_code"":""TW""}","{""base_performance_score"":92,""base_power_watts"":355,""base_heat_score"":70,""base_reliability_score"":78,""used_demand_score"":75,""mining_popularity_score"":100,""depreciation_rate"":8}",
zotac-gtx-1660-super-twin-fan,Zotac GTX 1660 Super Twin Fan,GPU,Zotac,zotac,nvidia,Hong Kong,HK,,Manual curated sheet v2,,MANUAL,,PCIe 3.0 x16,125,6GB GDDR6 | Card Cũ Phổ Thừa Cho Cấu Hình Cỏ,64,125,48,70,70,44,8,,,,,"{""raw_key_specs"":""6GB GDDR6 | Card Cũ Phổ Thừa Cho Cấu Hình Cỏ"",""socket_slot"":""PCIe 3.0 x16"",""power_watts"":125,""slot_interface"":""PCIe 3.0 x16"",""vram_gb"":6,""memory_type"":""GDDR6"",""origin_name_vi"":""Hong Kong"",""origin_code"":""HK""}","{""base_performance_score"":64,""base_power_watts"":125,""base_heat_score"":48,""base_reliability_score"":70,""used_demand_score"":70,""mining_popularity_score"":44,""depreciation_rate"":8}",
peladn-rtx-3070-ti-gaming,Peladn RTX 3070 Ti Gaming,GPU,Peladn,peladn,nvidia,Trung Quốc,CN,,Manual curated sheet v2,,MANUAL,,PCIe 4.0 x16,290,8GB GDDR6X | Bản Custom Nội Địa Giá Rẻ Chống Cháy,70,290,64,55,75,72,16,,,,,"{""raw_key_specs"":""8GB GDDR6X | Bản Custom Nội Địa Giá Rẻ Chống Cháy"",""socket_slot"":""PCIe 4.0 x16"",""power_watts"":290,""slot_interface"":""PCIe 4.0 x16"",""vram_gb"":8,""memory_type"":""GDDR6X"",""origin_name_vi"":""Trung Quốc"",""origin_code"":""CN""}","{""base_performance_score"":70,""base_power_watts"":290,""base_heat_score"":64,""base_reliability_score"":55,""used_demand_score"":75,""mining_popularity_score"":72,""depreciation_rate"":16}",
aisurix-rx-5500-xt-8gb,AISURIX RX 5500 XT 8GB,GPU,AISURIX,aisurix,amd,Trung Quốc,CN,,Manual curated sheet v2,,MANUAL,,PCIe 4.0 x8,130,8GB GDDR6 | Card Đồ Họa Cỏ Giá Rẻ Phổ Biến Shopee,25,130,48,55,80,52,16,,,,,"{""raw_key_specs"":""8GB GDDR6 | Card Đồ Họa Cỏ Giá Rẻ Phổ Biến Shopee"",""socket_slot"":""PCIe 4.0 x8"",""power_watts"":130,""slot_interface"":""PCIe 4.0 x8"",""vram_gb"":8,""memory_type"":""GDDR6"",""origin_name_vi"":""Trung Quốc"",""origin_code"":""CN""}","{""base_performance_score"":25,""base_power_watts"":130,""base_heat_score"":48,""base_reliability_score"":55,""used_demand_score"":80,""mining_popularity_score"":52,""depreciation_rate"":16}",
intel-core-i9-14900ks,Intel Core i9-14900KS,CPU,Intel,intel,intel,Mỹ,US,,Manual curated sheet v2,,MANUAL,,LGA1700,150,24 Cores 32 Threads | Phiên Bản Đặc Biệt Ép Xung Sẵn 6.2GHz,100,150,82,78,65,0,8,,,,,"{""raw_key_specs"":""24 Cores 32 Threads | Phiên Bản Đặc Biệt Ép Xung Sẵn 6.2GHz"",""socket_slot"":""LGA1700"",""power_watts"":150,""socket"":""LGA1700"",""cores"":24,""threads"":32,""clock_ghz"":6.2,""origin_name_vi"":""Mỹ"",""origin_code"":""US""}","{""base_performance_score"":100,""base_power_watts"":150,""base_heat_score"":82,""base_reliability_score"":78,""used_demand_score"":65,""mining_popularity_score"":0,""depreciation_rate"":8}",
intel-core-i7-14700f,Intel Core i7-14700F,CPU,Intel,intel,intel,Mỹ,US,,Manual curated sheet v2,,MANUAL,,LGA1700,65,20 Cores 28 Threads | Bản Không Ép Xung Tiết Kiệm Chi Phí,100,65,53,78,65,0,8,,,,,"{""raw_key_specs"":""20 Cores 28 Threads | Bản Không Ép Xung Tiết Kiệm Chi Phí"",""socket_slot"":""LGA1700"",""power_watts"":65,""socket"":""LGA1700"",""cores"":20,""threads"":28,""origin_name_vi"":""Mỹ"",""origin_code"":""US""}","{""base_performance_score"":100,""base_power_watts"":65,""base_heat_score"":53,""base_reliability_score"":78,""used_demand_score"":65,""mining_popularity_score"":0,""depreciation_rate"":8}",
intel-core-i5-14600kf,Intel Core i5-14600KF,CPU,Intel,intel,intel,Mỹ,US,,Manual curated sheet v2,,MANUAL,,LGA1700,125,14 Cores 20 Threads | Up to 5.3GHz | Gaming Cận Cao Cấp,98,125,74,78,65,0,8,,,,,"{""raw_key_specs"":""14 Cores 20 Threads | Up to 5.3GHz | Gaming Cận Cao Cấp"",""socket_slot"":""LGA1700"",""power_watts"":125,""socket"":""LGA1700"",""cores"":14,""threads"":20,""boost_clock_ghz"":5.3,""notes"":[""Gaming Cận Cao Cấp""],""origin_name_vi"":""Mỹ"",""origin_code"":""US""}","{""base_performance_score"":98,""base_power_watts"":125,""base_heat_score"":74,""base_reliability_score"":78,""used_demand_score"":65,""mining_popularity_score"":0,""depreciation_rate"":8}",
intel-core-i5-13400,Intel Core i5-13400,CPU,Intel,intel,intel,Mỹ,US,,Manual curated sheet v2,,MANUAL,,LGA1700,65,10 Cores 16 Threads | Có Tích Hợp Đồ Họa UHD 730,68,65,53,78,65,0,8,,,,,"{""raw_key_specs"":""10 Cores 16 Threads | Có Tích Hợp Đồ Họa UHD 730"",""socket_slot"":""LGA1700"",""power_watts"":65,""socket"":""LGA1700"",""cores"":10,""threads"":16,""origin_name_vi"":""Mỹ"",""origin_code"":""US""}","{""base_performance_score"":68,""base_power_watts"":65,""base_heat_score"":53,""base_reliability_score"":78,""used_demand_score"":65,""mining_popularity_score"":0,""depreciation_rate"":8}",
intel-core-i5-12400,Intel Core i5-12400,CPU,Intel,intel,intel,Mỹ,US,,Manual curated sheet v2,,MANUAL,,LGA1700,65,6 Cores 12 Threads | Có Card Onboard Chữa Cháy,52,65,53,78,65,0,8,,,,,"{""raw_key_specs"":""6 Cores 12 Threads | Có Card Onboard Chữa Cháy"",""socket_slot"":""LGA1700"",""power_watts"":65,""socket"":""LGA1700"",""cores"":6,""threads"":12,""origin_name_vi"":""Mỹ"",""origin_code"":""US""}","{""base_performance_score"":52,""base_power_watts"":65,""base_heat_score"":53,""base_reliability_score"":78,""used_demand_score"":65,""mining_popularity_score"":0,""depreciation_rate"":8}",
intel-core-i3-13100f,Intel Core i3-13100F,CPU,Intel,intel,intel,Mỹ,US,,Manual curated sheet v2,,MANUAL,,LGA1700,60,4 Cores 8 Threads | Up to 4.5GHz | Cấu Hình Văn Phòng Gaming,52,60,51,78,65,0,8,,,,,"{""raw_key_specs"":""4 Cores 8 Threads | Up to 4.5GHz | Cấu Hình Văn Phòng Gaming"",""socket_slot"":""LGA1700"",""power_watts"":60,""socket"":""LGA1700"",""cores"":4,""threads"":8,""boost_clock_ghz"":4.5,""notes"":[""Cấu Hình Văn Phòng Gaming""],""origin_name_vi"":""Mỹ"",""origin_code"":""US""}","{""base_performance_score"":52,""base_power_watts"":60,""base_heat_score"":51,""base_reliability_score"":78,""used_demand_score"":65,""mining_popularity_score"":0,""depreciation_rate"":8}",
intel-core-i7-10700f,Intel Core i7-10700F,CPU,Intel,intel,intel,Mỹ,US,,Manual curated sheet v2,,MANUAL,,LGA1200,65,8 Cores 16 Threads | Up to 4.8GHz | Combo Cỏ Đa Nhiệm,70,65,53,78,65,0,8,,,,,"{""raw_key_specs"":""8 Cores 16 Threads | Up to 4.8GHz | Combo Cỏ Đa Nhiệm"",""socket_slot"":""LGA1200"",""power_watts"":65,""socket"":""LGA1200"",""cores"":8,""threads"":16,""boost_clock_ghz"":4.8,""notes"":[""Combo Cỏ Đa Nhiệm""],""origin_name_vi"":""Mỹ"",""origin_code"":""US""}","{""base_performance_score"":70,""base_power_watts"":65,""base_heat_score"":53,""base_reliability_score"":78,""used_demand_score"":65,""mining_popularity_score"":0,""depreciation_rate"":8}",
intel-core-i5-10400,Intel Core i5-10400,CPU,Intel,intel,intel,Mỹ,US,,Manual curated sheet v2,,MANUAL,,LGA1200,65,6 Cores 12 Threads | Chip Văn Phòng Đời 10 Cực Kỳ Phổ Biến,52,65,53,78,65,0,8,,,,,"{""raw_key_specs"":""6 Cores 12 Threads | Chip Văn Phòng Đời 10 Cực Kỳ Phổ Biến"",""socket_slot"":""LGA1200"",""power_watts"":65,""socket"":""LGA1200"",""cores"":6,""threads"":12,""origin_name_vi"":""Mỹ"",""origin_code"":""US""}","{""base_performance_score"":52,""base_power_watts"":65,""base_heat_score"":53,""base_reliability_score"":78,""used_demand_score"":65,""mining_popularity_score"":0,""depreciation_rate"":8}",
intel-core-i7-4790k,Intel Core i7-4790K,CPU,Intel,intel,intel,Mỹ,US,,Manual curated sheet v2,,MANUAL,,LGA1150,88,4 Cores 8 Threads | Ông Vua Socket 1150 Hoài Cổ,44,88,61,78,65,0,8,,,,,"{""raw_key_specs"":""4 Cores 8 Threads | Ông Vua Socket 1150 Hoài Cổ"",""socket_slot"":""LGA1150"",""power_watts"":88,""socket"":""LGA1150"",""cores"":4,""threads"":8,""origin_name_vi"":""Mỹ"",""origin_code"":""US""}","{""base_performance_score"":44,""base_power_watts"":88,""base_heat_score"":61,""base_reliability_score"":78,""used_demand_score"":65,""mining_popularity_score"":0,""depreciation_rate"":8}",
intel-core-i5-4570,Intel Core i5-4570,CPU,Intel,intel,intel,Mỹ,US,,Manual curated sheet v2,,MANUAL,,LGA1150,84,4 Cores 4 Threads | Chip Cỏ Cắm Máy Trị LoL/Fifa Giá Rẻ,44,84,59,78,65,0,8,,,,,"{""raw_key_specs"":""4 Cores 4 Threads | Chip Cỏ Cắm Máy Trị LoL/Fifa Giá Rẻ"",""socket_slot"":""LGA1150"",""power_watts"":84,""socket"":""LGA1150"",""cores"":4,""threads"":4,""origin_name_vi"":""Mỹ"",""origin_code"":""US""}","{""base_performance_score"":44,""base_power_watts"":84,""base_heat_score"":59,""base_reliability_score"":78,""used_demand_score"":65,""mining_popularity_score"":0,""depreciation_rate"":8}",
intel-core-i3-4160,Intel Core i3-4160,CPU,Intel,intel,intel,Mỹ,US,,Manual curated sheet v2,,MANUAL,,LGA1150,54,2 Cores 4 Threads | Chip Máy Tính Cỏ Siêu Tiết Kiệm,36,54,49,78,65,0,8,,,,,"{""raw_key_specs"":""2 Cores 4 Threads | Chip Máy Tính Cỏ Siêu Tiết Kiệm"",""socket_slot"":""LGA1150"",""power_watts"":54,""socket"":""LGA1150"",""cores"":2,""threads"":4,""origin_name_vi"":""Mỹ"",""origin_code"":""US""}","{""base_performance_score"":36,""base_power_watts"":54,""base_heat_score"":49,""base_reliability_score"":78,""used_demand_score"":65,""mining_popularity_score"":0,""depreciation_rate"":8}",
intel-core-i7-3770k,Intel Core i7-3770K,CPU,Intel,intel,intel,Mỹ,US,,Manual curated sheet v2,,MANUAL,,LGA1155,77,4 Cores 8 Threads | Huyền Thoại Ép Xung Ivy Bridge Cũ,44,77,57,78,65,0,8,,,,,"{""raw_key_specs"":""4 Cores 8 Threads | Huyền Thoại Ép Xung Ivy Bridge Cũ"",""socket_slot"":""LGA1155"",""power_watts"":77,""socket"":""LGA1155"",""cores"":4,""threads"":8,""origin_name_vi"":""Mỹ"",""origin_code"":""US""}","{""base_performance_score"":44,""base_power_watts"":77,""base_heat_score"":57,""base_reliability_score"":78,""used_demand_score"":65,""mining_popularity_score"":0,""depreciation_rate"":8}",
intel-core-i5-3570,Intel Core i5-3570,CPU,Intel,intel,intel,Mỹ,US,,Manual curated sheet v2,,MANUAL,,LGA1155,77,4 Cores 4 Threads | Combo Máy Tính Cũ Giá Vài Trăm Ngàn,44,77,57,78,65,0,8,,,,,"{""raw_key_specs"":""4 Cores 4 Threads | Combo Máy Tính Cũ Giá Vài Trăm Ngàn"",""socket_slot"":""LGA1155"",""power_watts"":77,""socket"":""LGA1155"",""cores"":4,""threads"":4,""origin_name_vi"":""Mỹ"",""origin_code"":""US""}","{""base_performance_score"":44,""base_power_watts"":77,""base_heat_score"":57,""base_reliability_score"":78,""used_demand_score"":65,""mining_popularity_score"":0,""depreciation_rate"":8}",
intel-core-i3-3220,Intel Core i3-3220,CPU,Intel,intel,intel,Mỹ,US,,Manual curated sheet v2,,MANUAL,,LGA1155,55,2 Cores 4 Threads | Chip Siêu Cỏ Cho Học Sinh Đọc Báo,36,55,49,78,65,0,8,,,,,"{""raw_key_specs"":""2 Cores 4 Threads | Chip Siêu Cỏ Cho Học Sinh Đọc Báo"",""socket_slot"":""LGA1155"",""power_watts"":55,""socket"":""LGA1155"",""cores"":2,""threads"":4,""origin_name_vi"":""Mỹ"",""origin_code"":""US""}","{""base_performance_score"":36,""base_power_watts"":55,""base_heat_score"":49,""base_reliability_score"":78,""used_demand_score"":65,""mining_popularity_score"":0,""depreciation_rate"":8}",
intel-xeon-e5-2673-v4,Intel Xeon E5-2673 v4,CPU,Intel,intel,intel,Mỹ,US,,Manual curated sheet v2,,MANUAL,,LGA2011-3,135,20 Cores 40 Threads | 2.3GHz | Chuyên Treo Giả Lập Nox/LDPlayer,98,135,77,73,75,0,16,,,,,"{""raw_key_specs"":""20 Cores 40 Threads | 2.3GHz | Chuyên Treo Giả Lập Nox/LDPlayer"",""socket_slot"":""LGA2011-3"",""power_watts"":135,""socket"":""LGA2011-3"",""cores"":20,""threads"":40,""clock_ghz"":2.3,""notes"":[""Chuyên Treo Giả Lập Nox/LDPlayer""],""origin_name_vi"":""Mỹ"",""origin_code"":""US""}","{""base_performance_score"":98,""base_power_watts"":135,""base_heat_score"":77,""base_reliability_score"":73,""used_demand_score"":75,""mining_popularity_score"":0,""depreciation_rate"":16}",
intel-xeon-e5-2686-v4,Intel Xeon E5-2686 v4,CPU,Intel,intel,intel,Mỹ,US,,Manual curated sheet v2,,MANUAL,,LGA2011-3,145,18 Cores 36 Threads | 2.3GHz | Chạy Ảo Hóa Vmware Cũ,90,145,81,73,75,0,16,,,,,"{""raw_key_specs"":""18 Cores 36 Threads | 2.3GHz | Chạy Ảo Hóa Vmware Cũ"",""socket_slot"":""LGA2011-3"",""power_watts"":145,""socket"":""LGA2011-3"",""cores"":18,""threads"":36,""clock_ghz"":2.3,""notes"":[""Chạy Ảo Hóa Vmware Cũ""],""origin_name_vi"":""Mỹ"",""origin_code"":""US""}","{""base_performance_score"":90,""base_power_watts"":145,""base_heat_score"":81,""base_reliability_score"":73,""used_demand_score"":75,""mining_popularity_score"":0,""depreciation_rate"":16}",
amd-ryzen-7-9800x3d,AMD Ryzen 7 9800X3D,CPU,AMD,amd,amd,Mỹ,US,,Manual curated sheet v2,,MANUAL,,AM5,120,8 Cores 16 Threads | 3D V-Cache Thế Hệ Mới (Siêu Cấp Gaming),70,120,72,78,80,0,8,,,,,"{""raw_key_specs"":""8 Cores 16 Threads | 3D V-Cache Thế Hệ Mới (Siêu Cấp Gaming)"",""socket_slot"":""AM5"",""power_watts"":120,""socket"":""AM5"",""cores"":8,""threads"":16,""origin_name_vi"":""Mỹ"",""origin_code"":""US""}","{""base_performance_score"":70,""base_power_watts"":120,""base_heat_score"":72,""base_reliability_score"":78,""used_demand_score"":80,""mining_popularity_score"":0,""depreciation_rate"":8}",
amd-ryzen-9-7900x3d,AMD Ryzen 9 7900X3D,CPU,AMD,amd,amd,Mỹ,US,,Manual curated sheet v2,,MANUAL,,AM5,120,12 Cores 24 Threads | Chip Đồ Họa Kèm V-Cache Chơi Game,86,120,72,78,80,0,8,,,,,"{""raw_key_specs"":""12 Cores 24 Threads | Chip Đồ Họa Kèm V-Cache Chơi Game"",""socket_slot"":""AM5"",""power_watts"":120,""socket"":""AM5"",""cores"":12,""threads"":24,""origin_name_vi"":""Mỹ"",""origin_code"":""US""}","{""base_performance_score"":86,""base_power_watts"":120,""base_heat_score"":72,""base_reliability_score"":78,""used_demand_score"":80,""mining_popularity_score"":0,""depreciation_rate"":8}",
amd-ryzen-7-7700x,AMD Ryzen 7 7700X,CPU,AMD,amd,amd,Mỹ,US,,Manual curated sheet v2,,MANUAL,,AM5,105,8 Cores 16 Threads | Up to 5.4GHz | Phân Khúc Cận Cao Cấp,75,105,67,78,65,0,8,,,,,"{""raw_key_specs"":""8 Cores 16 Threads | Up to 5.4GHz | Phân Khúc Cận Cao Cấp"",""socket_slot"":""AM5"",""power_watts"":105,""socket"":""AM5"",""cores"":8,""threads"":16,""boost_clock_ghz"":5.4,""notes"":[""Phân Khúc Cận Cao Cấp""],""origin_name_vi"":""Mỹ"",""origin_code"":""US""}","{""base_performance_score"":75,""base_power_watts"":105,""base_heat_score"":67,""base_reliability_score"":78,""used_demand_score"":65,""mining_popularity_score"":0,""depreciation_rate"":8}",
amd-ryzen-5-7600x,AMD Ryzen 5 7600X,CPU,AMD,amd,amd,Mỹ,US,,Manual curated sheet v2,,MANUAL,,AM5,105,6 Cores 12 Threads | Up to 5.3GHz | Lựa Chọn Đáng Giá Tầm Trung,66,105,67,78,65,0,8,,,,,"{""raw_key_specs"":""6 Cores 12 Threads | Up to 5.3GHz | Lựa Chọn Đáng Giá Tầm Trung"",""socket_slot"":""AM5"",""power_watts"":105,""socket"":""AM5"",""cores"":6,""threads"":12,""boost_clock_ghz"":5.3,""notes"":[""Lựa Chọn Đáng Giá Tầm Trung""],""origin_name_vi"":""Mỹ"",""origin_code"":""US""}","{""base_performance_score"":66,""base_power_watts"":105,""base_heat_score"":67,""base_reliability_score"":78,""used_demand_score"":65,""mining_popularity_score"":0,""depreciation_rate"":8}",
amd-ryzen-9-5950x,AMD Ryzen 9 5950X,CPU,AMD,amd,amd,Mỹ,US,,Manual curated sheet v2,,MANUAL,,AM4,105,16 Cores 32 Threads | Quái Vật Đa Nhiệm Trùm Cuối AM4,92,105,67,78,65,0,8,,,,,"{""raw_key_specs"":""16 Cores 32 Threads | Quái Vật Đa Nhiệm Trùm Cuối AM4"",""socket_slot"":""AM4"",""power_watts"":105,""socket"":""AM4"",""cores"":16,""threads"":32,""origin_name_vi"":""Mỹ"",""origin_code"":""US""}","{""base_performance_score"":92,""base_power_watts"":105,""base_heat_score"":67,""base_reliability_score"":78,""used_demand_score"":65,""mining_popularity_score"":0,""depreciation_rate"":8}",
amd-ryzen-5-5600,AMD Ryzen 5 5600,CPU,AMD,amd,amd,Mỹ,US,,Manual curated sheet v2,,MANUAL,,AM4,65,6 Cores 12 Threads | Chip Gaming Quốc Dân Thuần Túy,52,65,53,78,65,0,8,,,,,"{""raw_key_specs"":""6 Cores 12 Threads | Chip Gaming Quốc Dân Thuần Túy"",""socket_slot"":""AM4"",""power_watts"":65,""socket"":""AM4"",""cores"":6,""threads"":12,""origin_name_vi"":""Mỹ"",""origin_code"":""US""}","{""base_performance_score"":52,""base_power_watts"":65,""base_heat_score"":53,""base_reliability_score"":78,""used_demand_score"":65,""mining_popularity_score"":0,""depreciation_rate"":8}",
amd-ryzen-5-4500,AMD Ryzen 5 4500,CPU,AMD,amd,amd,Mỹ,US,,Manual curated sheet v2,,MANUAL,,AM4,65,6 Cores 12 Threads | Chip Chống Cháy Siêu Rẻ Không Onboard,52,65,53,78,65,0,8,,,,,"{""raw_key_specs"":""6 Cores 12 Threads | Chip Chống Cháy Siêu Rẻ Không Onboard"",""socket_slot"":""AM4"",""power_watts"":65,""socket"":""AM4"",""cores"":6,""threads"":12,""origin_name_vi"":""Mỹ"",""origin_code"":""US""}","{""base_performance_score"":52,""base_power_watts"":65,""base_heat_score"":53,""base_reliability_score"":78,""used_demand_score"":65,""mining_popularity_score"":0,""depreciation_rate"":8}",
amd-ryzen-3-3100,AMD Ryzen 3 3100,CPU,AMD,amd,amd,Mỹ,US,,Manual curated sheet v2,,MANUAL,,AM4,65,4 Cores 8 Threads | Lắp Cấu Hình Thấp Học Tập,44,65,53,78,65,0,8,,,,,"{""raw_key_specs"":""4 Cores 8 Threads | Lắp Cấu Hình Thấp Học Tập"",""socket_slot"":""AM4"",""power_watts"":65,""socket"":""AM4"",""cores"":4,""threads"":8,""origin_name_vi"":""Mỹ"",""origin_code"":""US""}","{""base_performance_score"":44,""base_power_watts"":65,""base_heat_score"":53,""base_reliability_score"":78,""used_demand_score"":65,""mining_popularity_score"":0,""depreciation_rate"":8}",
corsair-dominator-titanium-rgb-64gb,Corsair Dominator Titanium RGB 64GB,RAM,Corsair,corsair,,Mỹ,US,,Manual curated sheet v2,,MANUAL,,DDR5 Slot,7,2x32GB | DDR5 | 7200MHz | Phiên Bản Trắng Luxury,100,7,41,78,75,0,8,,,,,"{""raw_key_specs"":""2x32GB | DDR5 | 7200MHz | Phiên Bản Trắng Luxury"",""socket_slot"":""DDR5 Slot"",""power_watts"":7,""module_count"":2,""module_capacity_gb"":32,""capacity_gb"":64,""kit_config"":""2x32GB"",""memory_type"":""DDR5"",""speed_mhz"":7200,""origin_name_vi"":""Mỹ"",""origin_code"":""US""}","{""base_performance_score"":100,""base_power_watts"":7,""base_heat_score"":41,""base_reliability_score"":78,""used_demand_score"":75,""mining_popularity_score"":0,""depreciation_rate"":8}",
corsair-vengeance-rgb-ddr5-32gb,Corsair Vengeance RGB DDR5 32GB,RAM,Corsair,corsair,,Mỹ,US,,Manual curated sheet v2,,MANUAL,,DDR5 Slot,5,2x16GB | DDR5 | 6000MHz | Đèn Chạy Đồng Bộ iCUE,100,5,35,78,75,0,8,,,,,"{""raw_key_specs"":""2x16GB | DDR5 | 6000MHz | Đèn Chạy Đồng Bộ iCUE"",""socket_slot"":""DDR5 Slot"",""power_watts"":5,""module_count"":2,""module_capacity_gb"":16,""capacity_gb"":32,""kit_config"":""2x16GB"",""memory_type"":""DDR5"",""speed_mhz"":6000,""origin_name_vi"":""Mỹ"",""origin_code"":""US""}","{""base_performance_score"":100,""base_power_watts"":5,""base_heat_score"":35,""base_reliability_score"":78,""used_demand_score"":75,""mining_popularity_score"":0,""depreciation_rate"":8}",
corsair-vengeance-lpx-8gb,Corsair Vengeance LPX 8GB,RAM,Corsair,corsair,,Mỹ,US,,Manual curated sheet v2,,MANUAL,,DDR4 Slot,3,1x8GB | DDR4 | 2400MHz | RAM Cỏ Lắp Máy Văn Phòng,50,3,29,78,75,0,8,,,,,"{""raw_key_specs"":""1x8GB | DDR4 | 2400MHz | RAM Cỏ Lắp Máy Văn Phòng"",""socket_slot"":""DDR4 Slot"",""power_watts"":3,""module_count"":1,""module_capacity_gb"":8,""capacity_gb"":8,""kit_config"":""1x8GB"",""memory_type"":""DDR4"",""speed_mhz"":2400,""origin_name_vi"":""Mỹ"",""origin_code"":""US""}","{""base_performance_score"":50,""base_power_watts"":3,""base_heat_score"":29,""base_reliability_score"":78,""used_demand_score"":75,""mining_popularity_score"":0,""depreciation_rate"":8}",
g-skill-trident-z5-rgb-32gb,G.Skill Trident Z5 RGB 32GB,RAM,G.Skill,g-skill,,Đài Loan,TW,,Manual curated sheet v2,,MANUAL,,DDR5 Slot,5,2x16GB | DDR5 | 6800MHz | Thanh RAM Gaming Đẹp Nhất,100,5,35,70,70,0,8,,,,,"{""raw_key_specs"":""2x16GB | DDR5 | 6800MHz | Thanh RAM Gaming Đẹp Nhất"",""socket_slot"":""DDR5 Slot"",""power_watts"":5,""module_count"":2,""module_capacity_gb"":16,""capacity_gb"":32,""kit_config"":""2x16GB"",""memory_type"":""DDR5"",""speed_mhz"":6800,""origin_name_vi"":""Đài Loan"",""origin_code"":""TW""}","{""base_performance_score"":100,""base_power_watts"":5,""base_heat_score"":35,""base_reliability_score"":70,""used_demand_score"":70,""mining_popularity_score"":0,""depreciation_rate"":8}",
g-skill-trident-z5-royal-silver-32gb,G.Skill Trident Z5 Royal Silver 32GB,RAM,G.Skill,g-skill,,Đài Loan,TW,,Manual curated sheet v2,,MANUAL,,DDR5 Slot,6,2x16GB | DDR5 | 8000MHz | Tản Nhôm Bạc Mặt Gương,100,6,38,70,70,0,8,,,,,"{""raw_key_specs"":""2x16GB | DDR5 | 8000MHz | Tản Nhôm Bạc Mặt Gương"",""socket_slot"":""DDR5 Slot"",""power_watts"":6,""module_count"":2,""module_capacity_gb"":16,""capacity_gb"":32,""kit_config"":""2x16GB"",""memory_type"":""DDR5"",""speed_mhz"":8000,""origin_name_vi"":""Đài Loan"",""origin_code"":""TW""}","{""base_performance_score"":100,""base_power_watts"":6,""base_heat_score"":38,""base_reliability_score"":70,""used_demand_score"":70,""mining_popularity_score"":0,""depreciation_rate"":8}",
g-skill-trident-z-rgb-16gb,G.Skill Trident Z RGB 16GB,RAM,G.Skill,g-skill,,Đài Loan,TW,,Manual curated sheet v2,,MANUAL,,DDR4 Slot,4,2x8GB | DDR4 | 3200MHz | Huyền Thoại Đèn LED DDR4,65,4,32,70,70,0,8,,,,,"{""raw_key_specs"":""2x8GB | DDR4 | 3200MHz | Huyền Thoại Đèn LED DDR4"",""socket_slot"":""DDR4 Slot"",""power_watts"":4,""module_count"":2,""module_capacity_gb"":8,""capacity_gb"":16,""kit_config"":""2x8GB"",""memory_type"":""DDR4"",""speed_mhz"":3200,""origin_name_vi"":""Đài Loan"",""origin_code"":""TW""}","{""base_performance_score"":65,""base_power_watts"":4,""base_heat_score"":32,""base_reliability_score"":70,""used_demand_score"":70,""mining_popularity_score"":0,""depreciation_rate"":8}",
g-skill-aegis-8gb,G.Skill Aegis 8GB,RAM,G.Skill,g-skill,,Đài Loan,TW,,Manual curated sheet v2,,MANUAL,,DDR4 Slot,3,1x8GB | DDR4 | 2666MHz | RAM Trần Dán Decal Tiết Kiệm,53,3,29,70,70,0,8,,,,,"{""raw_key_specs"":""1x8GB | DDR4 | 2666MHz | RAM Trần Dán Decal Tiết Kiệm"",""socket_slot"":""DDR4 Slot"",""power_watts"":3,""module_count"":1,""module_capacity_gb"":8,""capacity_gb"":8,""kit_config"":""1x8GB"",""memory_type"":""DDR4"",""speed_mhz"":2666,""origin_name_vi"":""Đài Loan"",""origin_code"":""TW""}","{""base_performance_score"":53,""base_power_watts"":3,""base_heat_score"":29,""base_reliability_score"":70,""used_demand_score"":70,""mining_popularity_score"":0,""depreciation_rate"":8}",
kingston-fury-renegade-rgb-ddr5-32gb,Kingston FURY Renegade RGB DDR5 32GB,RAM,Kingston,kingston,,Mỹ,US,,Manual curated sheet v2,,MANUAL,,DDR5 Slot,5,2x16GB | DDR5 | 6400MHz | Độ Trễ Cực Thấp CL32,100,5,35,78,75,0,8,,,,,"{""raw_key_specs"":""2x16GB | DDR5 | 6400MHz | Độ Trễ Cực Thấp CL32"",""socket_slot"":""DDR5 Slot"",""power_watts"":5,""module_count"":2,""module_capacity_gb"":16,""capacity_gb"":32,""kit_config"":""2x16GB"",""memory_type"":""DDR5"",""speed_mhz"":6400,""origin_name_vi"":""Mỹ"",""origin_code"":""US""}","{""base_performance_score"":100,""base_power_watts"":5,""base_heat_score"":35,""base_reliability_score"":78,""used_demand_score"":75,""mining_popularity_score"":0,""depreciation_rate"":8}",
kingston-fury-beast-ddr5-16gb,Kingston FURY Beast DDR5 16GB,RAM,Kingston,kingston,,Mỹ,US,,Manual curated sheet v2,,MANUAL,,DDR5 Slot,4,1x16GB | DDR5 | 5600MHz | Thanh Đơn Nâng Cấp Dần,89,4,32,78,75,0,8,,,,,"{""raw_key_specs"":""1x16GB | DDR5 | 5600MHz | Thanh Đơn Nâng Cấp Dần"",""socket_slot"":""DDR5 Slot"",""power_watts"":4,""module_count"":1,""module_capacity_gb"":16,""capacity_gb"":16,""kit_config"":""1x16GB"",""memory_type"":""DDR5"",""speed_mhz"":5600,""origin_name_vi"":""Mỹ"",""origin_code"":""US""}","{""base_performance_score"":89,""base_power_watts"":4,""base_heat_score"":32,""base_reliability_score"":78,""used_demand_score"":75,""mining_popularity_score"":0,""depreciation_rate"":8}",
kingston-fury-beast-rgb-16gb,Kingston FURY Beast RGB 16GB,RAM,Kingston,kingston,,Mỹ,US,,Manual curated sheet v2,,MANUAL,,DDR4 Slot,4,2x8GB | DDR4 | 3200MHz | Kit RAM DDR4 Gaming Phổ Biến,65,4,32,78,75,0,8,,,,,"{""raw_key_specs"":""2x8GB | DDR4 | 3200MHz | Kit RAM DDR4 Gaming Phổ Biến"",""socket_slot"":""DDR4 Slot"",""power_watts"":4,""module_count"":2,""module_capacity_gb"":8,""capacity_gb"":16,""kit_config"":""2x8GB"",""memory_type"":""DDR4"",""speed_mhz"":3200,""origin_name_vi"":""Mỹ"",""origin_code"":""US""}","{""base_performance_score"":65,""base_power_watts"":4,""base_heat_score"":32,""base_reliability_score"":78,""used_demand_score"":75,""mining_popularity_score"":0,""depreciation_rate"":8}",
kingston-valueram-ddr4-16gb,Kingston ValueRAM DDR4 16GB,RAM,Kingston,kingston,,Mỹ,US,,Manual curated sheet v2,,MANUAL,,DDR4 Slot,3,1x16GB | DDR4 | 2666MHz | Bản Bo Mạch Xanh Không Tản,59,3,29,78,75,0,8,,,,,"{""raw_key_specs"":""1x16GB | DDR4 | 2666MHz | Bản Bo Mạch Xanh Không Tản"",""socket_slot"":""DDR4 Slot"",""power_watts"":3,""module_count"":1,""module_capacity_gb"":16,""capacity_gb"":16,""kit_config"":""1x16GB"",""memory_type"":""DDR4"",""speed_mhz"":2666,""origin_name_vi"":""Mỹ"",""origin_code"":""US""}","{""base_performance_score"":59,""base_power_watts"":3,""base_heat_score"":29,""base_reliability_score"":78,""used_demand_score"":75,""mining_popularity_score"":0,""depreciation_rate"":8}",
kingston-kvr-ddr3-4gb,Kingston KVR DDR3 4GB,RAM,Kingston,kingston,,Mỹ,US,,Manual curated sheet v2,,MANUAL,,DDR3 Slot,2,1x4GB | DDR3 | 1333MHz | Thanh RAM Cỏ Cho PC Đời Cũ,37,2,26,78,75,0,8,,,,,"{""raw_key_specs"":""1x4GB | DDR3 | 1333MHz | Thanh RAM Cỏ Cho PC Đời Cũ"",""socket_slot"":""DDR3 Slot"",""power_watts"":2,""module_count"":1,""module_capacity_gb"":4,""capacity_gb"":4,""kit_config"":""1x4GB"",""memory_type"":""DDR3"",""speed_mhz"":1333,""origin_name_vi"":""Mỹ"",""origin_code"":""US""}","{""base_performance_score"":37,""base_power_watts"":2,""base_heat_score"":26,""base_reliability_score"":78,""used_demand_score"":75,""mining_popularity_score"":0,""depreciation_rate"":8}",
teamgroup-t-force-delta-rgb-ddr5-32gb,TeamGroup T-Force Delta RGB DDR5 32GB,RAM,TeamGroup,teamgroup,,Mỹ,US,,Manual curated sheet v2,,MANUAL,,DDR5 Slot,5,2x16GB | DDR5 | 6000MHz | Thiết Kế Cánh Chim Màu Trắng,100,5,35,70,70,0,8,,,,,"{""raw_key_specs"":""2x16GB | DDR5 | 6000MHz | Thiết Kế Cánh Chim Màu Trắng"",""socket_slot"":""DDR5 Slot"",""power_watts"":5,""module_count"":2,""module_capacity_gb"":16,""capacity_gb"":32,""kit_config"":""2x16GB"",""memory_type"":""DDR5"",""speed_mhz"":6000,""origin_name_vi"":""Mỹ"",""origin_code"":""US""}","{""base_performance_score"":100,""base_power_watts"":5,""base_heat_score"":35,""base_reliability_score"":70,""used_demand_score"":70,""mining_popularity_score"":0,""depreciation_rate"":8}",
teamgroup-t-force-vulcan-z-16gb,TeamGroup T-Force Vulcan Z 16GB,RAM,TeamGroup,teamgroup,,Đài Loan,TW,,Manual curated sheet v2,,MANUAL,,DDR4 Slot,3,1x16GB | DDR4 | 3200MHz | Tản Nhôm Đỏ Nhám Cực Bền,65,3,29,70,70,0,8,,,,,"{""raw_key_specs"":""1x16GB | DDR4 | 3200MHz | Tản Nhôm Đỏ Nhám Cực Bền"",""socket_slot"":""DDR4 Slot"",""power_watts"":3,""module_count"":1,""module_capacity_gb"":16,""capacity_gb"":16,""kit_config"":""1x16GB"",""memory_type"":""DDR4"",""speed_mhz"":3200,""origin_name_vi"":""Đài Loan"",""origin_code"":""TW""}","{""base_performance_score"":65,""base_power_watts"":3,""base_heat_score"":29,""base_reliability_score"":70,""used_demand_score"":70,""mining_popularity_score"":0,""depreciation_rate"":8}",
adata-xpg-lancer-rgb-ddr5-32gb,ADATA XPG Lancer RGB DDR5 32GB,RAM,ADATA,adata,,Đài Loan,TW,,Manual curated sheet v2,,MANUAL,,DDR5 Slot,5,2x16GB | DDR5 | 6000MHz | Khối Tản Dày Đèn LED Đẹp,100,5,35,70,70,0,8,,,,,"{""raw_key_specs"":""2x16GB | DDR5 | 6000MHz | Khối Tản Dày Đèn LED Đẹp"",""socket_slot"":""DDR5 Slot"",""power_watts"":5,""module_count"":2,""module_capacity_gb"":16,""capacity_gb"":32,""kit_config"":""2x16GB"",""memory_type"":""DDR5"",""speed_mhz"":6000,""origin_name_vi"":""Đài Loan"",""origin_code"":""TW""}","{""base_performance_score"":100,""base_power_watts"":5,""base_heat_score"":35,""base_reliability_score"":70,""used_demand_score"":70,""mining_popularity_score"":0,""depreciation_rate"":8}",
adata-xpg-spectrix-d50-16gb,ADATA XPG Spectrix D50 16GB,RAM,ADATA,adata,,Đài Loan,TW,,Manual curated sheet v2,,MANUAL,,DDR4 Slot,4,2x8GB | DDR4 | 3200MHz | Thiết Kế Cắt Kim Cương Xám,65,4,32,70,70,0,8,,,,,"{""raw_key_specs"":""2x8GB | DDR4 | 3200MHz | Thiết Kế Cắt Kim Cương Xám"",""socket_slot"":""DDR4 Slot"",""power_watts"":4,""module_count"":2,""module_capacity_gb"":8,""capacity_gb"":16,""kit_config"":""2x8GB"",""memory_type"":""DDR4"",""speed_mhz"":3200,""origin_name_vi"":""Đài Loan"",""origin_code"":""TW""}","{""base_performance_score"":65,""base_power_watts"":4,""base_heat_score"":32,""base_reliability_score"":70,""used_demand_score"":70,""mining_popularity_score"":0,""depreciation_rate"":8}",
crucial-pro-ddr5-kit-32gb,Crucial Pro DDR5 Kit 32GB,RAM,Crucial,crucial,,Mỹ,US,,Manual curated sheet v2,,MANUAL,,DDR5 Slot,4,2x16GB | DDR5 | 5600MHz | Có Sẵn Tản Nhôm Đen Cấu Hình Thấp,100,4,32,78,75,0,8,,,,,"{""raw_key_specs"":""2x16GB | DDR5 | 5600MHz | Có Sẵn Tản Nhôm Đen Cấu Hình Thấp"",""socket_slot"":""DDR5 Slot"",""power_watts"":4,""module_count"":2,""module_capacity_gb"":16,""capacity_gb"":32,""kit_config"":""2x16GB"",""memory_type"":""DDR5"",""speed_mhz"":5600,""origin_name_vi"":""Mỹ"",""origin_code"":""US""}","{""base_performance_score"":100,""base_power_watts"":4,""base_heat_score"":32,""base_reliability_score"":78,""used_demand_score"":75,""mining_popularity_score"":0,""depreciation_rate"":8}",
crucial-ct8g4dfs8266-8gb,Crucial CT8G4DFS8266 8GB,RAM,Crucial,crucial,,Mỹ,US,,Manual curated sheet v2,,MANUAL,,DDR4 Slot,3,1x8GB | DDR4 | 2666MHz | RAM Trần Thần Thánh Siêu Bền,53,3,29,78,75,0,8,,,,,"{""raw_key_specs"":""1x8GB | DDR4 | 2666MHz | RAM Trần Thần Thánh Siêu Bền"",""socket_slot"":""DDR4 Slot"",""power_watts"":3,""module_count"":1,""module_capacity_gb"":8,""capacity_gb"":8,""kit_config"":""1x8GB"",""memory_type"":""DDR4"",""speed_mhz"":2666,""origin_name_vi"":""Mỹ"",""origin_code"":""US""}","{""base_performance_score"":53,""base_power_watts"":3,""base_heat_score"":29,""base_reliability_score"":78,""used_demand_score"":75,""mining_popularity_score"":0,""depreciation_rate"":8}",
patriot-viper-steel-16gb,Patriot Viper Steel 16GB,RAM,Patriot,patriot,,Mỹ,US,,Manual curated sheet v2,,MANUAL,,DDR4 Slot,4,2x8GB | DDR4 | 3600MHz | Bus Cao Tối Ưu Cho Chip AMD Cũ,69,4,32,70,70,0,8,,,,,"{""raw_key_specs"":""2x8GB | DDR4 | 3600MHz | Bus Cao Tối Ưu Cho Chip AMD Cũ"",""socket_slot"":""DDR4 Slot"",""power_watts"":4,""module_count"":2,""module_capacity_gb"":8,""capacity_gb"":16,""kit_config"":""2x8GB"",""memory_type"":""DDR4"",""speed_mhz"":3600,""origin_name_vi"":""Mỹ"",""origin_code"":""US""}","{""base_performance_score"":69,""base_power_watts"":4,""base_heat_score"":32,""base_reliability_score"":70,""used_demand_score"":70,""mining_popularity_score"":0,""depreciation_rate"":8}",
lexar-ares-rgb-ddr5-32gb,Lexar Ares RGB DDR5 32GB,RAM,Lexar,lexar,,Mỹ,US,,Manual curated sheet v2,,MANUAL,,DDR5 Slot,5,2x16GB | DDR5 | 6400MHz | Ép Xung Sẵn Hỗ Trợ Intel XMP 3.0,100,5,35,70,70,0,8,,,,,"{""raw_key_specs"":""2x16GB | DDR5 | 6400MHz | Ép Xung Sẵn Hỗ Trợ Intel XMP 3.0"",""socket_slot"":""DDR5 Slot"",""power_watts"":5,""module_count"":2,""module_capacity_gb"":16,""capacity_gb"":32,""kit_config"":""2x16GB"",""memory_type"":""DDR5"",""speed_mhz"":6400,""origin_name_vi"":""Mỹ"",""origin_code"":""US""}","{""base_performance_score"":100,""base_power_watts"":5,""base_heat_score"":35,""base_reliability_score"":70,""used_demand_score"":70,""mining_popularity_score"":0,""depreciation_rate"":8}",
kingmax-ddr4-heatsink-8gb,Kingmax DDR4 Heatsink 8GB,RAM,Kingmax,kingmax,,Đài Loan,TW,,Manual curated sheet v2,,MANUAL,,DDR4 Slot,3,1x8GB | DDR4 | 3200MHz | Tản Nhôm Xám Cơ Bản Giá Rẻ,58,3,29,70,70,0,8,,,,,"{""raw_key_specs"":""1x8GB | DDR4 | 3200MHz | Tản Nhôm Xám Cơ Bản Giá Rẻ"",""socket_slot"":""DDR4 Slot"",""power_watts"":3,""module_count"":1,""module_capacity_gb"":8,""capacity_gb"":8,""kit_config"":""1x8GB"",""memory_type"":""DDR4"",""speed_mhz"":3200,""origin_name_vi"":""Đài Loan"",""origin_code"":""TW""}","{""base_performance_score"":58,""base_power_watts"":3,""base_heat_score"":29,""base_reliability_score"":70,""used_demand_score"":70,""mining_popularity_score"":0,""depreciation_rate"":8}",
netac-shadow-rgb-16gb,Netac Shadow RGB 16GB,RAM,Netac,netac,,Trung Quốc,CN,,Manual curated sheet v2,,MANUAL,,DDR4 Slot,4,2x8GB | DDR4 | 3200MHz | Bản Có Đèn Giá Cực Mềm Shopee,65,4,32,55,75,0,16,,,,,"{""raw_key_specs"":""2x8GB | DDR4 | 3200MHz | Bản Có Đèn Giá Cực Mềm Shopee"",""socket_slot"":""DDR4 Slot"",""power_watts"":4,""module_count"":2,""module_capacity_gb"":8,""capacity_gb"":16,""kit_config"":""2x8GB"",""memory_type"":""DDR4"",""speed_mhz"":3200,""origin_name_vi"":""Trung Quốc"",""origin_code"":""CN""}","{""base_performance_score"":65,""base_power_watts"":4,""base_heat_score"":32,""base_reliability_score"":55,""used_demand_score"":75,""mining_popularity_score"":0,""depreciation_rate"":16}",
juhor-slayer-rgb-ddr4-16gb,Juhor Slayer RGB DDR4 16GB,RAM,Juhor,juhor,,Trung Quốc,CN,,Manual curated sheet v2,,MANUAL,,DDR4 Slot,4,2x8GB | DDR4 | 3600MHz | In Hình Nhân Vật Anime Chibi,69,4,32,55,75,0,16,,,,,"{""raw_key_specs"":""2x8GB | DDR4 | 3600MHz | In Hình Nhân Vật Anime Chibi"",""socket_slot"":""DDR4 Slot"",""power_watts"":4,""module_count"":2,""module_capacity_gb"":8,""capacity_gb"":16,""kit_config"":""2x8GB"",""memory_type"":""DDR4"",""speed_mhz"":3600,""origin_name_vi"":""Trung Quốc"",""origin_code"":""CN""}","{""base_performance_score"":69,""base_power_watts"":4,""base_heat_score"":32,""base_reliability_score"":55,""used_demand_score"":75,""mining_popularity_score"":0,""depreciation_rate"":16}",
asgard-loki-w2-rgb-16gb,Asgard Loki W2 RGB 16GB,RAM,Asgard,asgard,,Trung Quốc,CN,,Manual curated sheet v2,,MANUAL,,DDR4 Slot,4,2x8GB | DDR4 | 3200MHz | Dòng RAM Nội Địa Đèn Nhảy Đẹp,65,4,32,55,75,0,16,,,,,"{""raw_key_specs"":""2x8GB | DDR4 | 3200MHz | Dòng RAM Nội Địa Đèn Nhảy Đẹp"",""socket_slot"":""DDR4 Slot"",""power_watts"":4,""module_count"":2,""module_capacity_gb"":8,""capacity_gb"":16,""kit_config"":""2x8GB"",""memory_type"":""DDR4"",""speed_mhz"":3200,""origin_name_vi"":""Trung Quốc"",""origin_code"":""CN""}","{""base_performance_score"":65,""base_power_watts"":4,""base_heat_score"":32,""base_reliability_score"":55,""used_demand_score"":75,""mining_popularity_score"":0,""depreciation_rate"":16}",
klevv-cras-xr-rgb-16gb,Klevv Cras XR RGB 16GB,RAM,Klevv,klevv,,Hàn Quốc,KR,,Manual curated sheet v2,,MANUAL,,DDR4 Slot,4,2x8GB | DDR4 | 3600MHz | Thiết Kế Thanh Tròn Đèn Độc Đáo,69,4,32,70,70,0,8,,,,,"{""raw_key_specs"":""2x8GB | DDR4 | 3600MHz | Thiết Kế Thanh Tròn Đèn Độc Đáo"",""socket_slot"":""DDR4 Slot"",""power_watts"":4,""module_count"":2,""module_capacity_gb"":8,""capacity_gb"":16,""kit_config"":""2x8GB"",""memory_type"":""DDR4"",""speed_mhz"":3600,""origin_name_vi"":""Hàn Quốc"",""origin_code"":""KR""}","{""base_performance_score"":69,""base_power_watts"":4,""base_heat_score"":32,""base_reliability_score"":70,""used_demand_score"":70,""mining_popularity_score"":0,""depreciation_rate"":8}",
samsung-990-pro-heatsink-2tb,Samsung 990 PRO HeatSink 2TB,STORAGE,Samsung,samsung,,Hàn Quốc,KR,,Manual curated sheet v2,,MANUAL,,M.2 NVMe Slot,8,NVMe PCIe Gen 4.0 | Bản Tích Hợp Tản Nhôm Hầm Hố,55,8,44,78,75,0,8,,,,,"{""raw_key_specs"":""NVMe PCIe Gen 4.0 | Bản Tích Hợp Tản Nhôm Hầm Hố"",""socket_slot"":""M.2 NVMe Slot"",""power_watts"":8,""storage_type"":""NVME_SSD"",""capacity_gb"":2000,""pcie_generation"":""4.0"",""form_factor"":""M.2"",""origin_name_vi"":""Hàn Quốc"",""origin_code"":""KR""}","{""base_performance_score"":55,""base_power_watts"":8,""base_heat_score"":44,""base_reliability_score"":78,""used_demand_score"":75,""mining_popularity_score"":0,""depreciation_rate"":8}",
samsung-980-pcie-gen-3-0-1tb,Samsung 980 PCIe Gen 3.0 1TB,STORAGE,Samsung,samsung,,Hàn Quốc,KR,,Manual curated sheet v2,,MANUAL,,M.2 NVMe Slot,6,NVMe PCIe Gen 3.0 | Độ Ổn Định Đỉnh Cao Không Cache,55,6,38,78,75,0,8,,,,,"{""raw_key_specs"":""NVMe PCIe Gen 3.0 | Độ Ổn Định Đỉnh Cao Không Cache"",""socket_slot"":""M.2 NVMe Slot"",""power_watts"":6,""storage_type"":""NVME_SSD"",""capacity_gb"":1000,""pcie_generation"":""3.0"",""form_factor"":""M.2"",""origin_name_vi"":""Hàn Quốc"",""origin_code"":""KR""}","{""base_performance_score"":55,""base_power_watts"":6,""base_heat_score"":38,""base_reliability_score"":78,""used_demand_score"":75,""mining_popularity_score"":0,""depreciation_rate"":8}",
samsung-870-evo-1tb,Samsung 870 EVO 1TB,STORAGE,Samsung,samsung,,Hàn Quốc,KR,,Manual curated sheet v2,,MANUAL,,SATA 3 Port,4,SSD 2.5 inch SATA 3 | Ổ Cứng Chạy Máy Ảo Bền Vô Đối,35,4,32,78,75,0,8,,,,,"{""raw_key_specs"":""SSD 2.5 inch SATA 3 | Ổ Cứng Chạy Máy Ảo Bền Vô Đối"",""socket_slot"":""SATA 3 Port"",""power_watts"":4,""storage_type"":""SATA_SSD"",""capacity_gb"":1000,""form_factor"":""2.5 inch"",""origin_name_vi"":""Hàn Quốc"",""origin_code"":""KR""}","{""base_performance_score"":35,""base_power_watts"":4,""base_heat_score"":32,""base_reliability_score"":78,""used_demand_score"":75,""mining_popularity_score"":0,""depreciation_rate"":8}",
samsung-870-qvo-2tb,Samsung 870 QVO 2TB,STORAGE,Samsung,samsung,,Hàn Quốc,KR,,Manual curated sheet v2,,MANUAL,,SATA 3 Port,4,SSD 2.5 inch SATA 3 | Dung Lượng Cao Giá Tốt Lưu Dữ Liệu,35,4,32,78,75,0,8,,,,,"{""raw_key_specs"":""SSD 2.5 inch SATA 3 | Dung Lượng Cao Giá Tốt Lưu Dữ Liệu"",""socket_slot"":""SATA 3 Port"",""power_watts"":4,""storage_type"":""SATA_SSD"",""capacity_gb"":2000,""form_factor"":""2.5 inch"",""origin_name_vi"":""Hàn Quốc"",""origin_code"":""KR""}","{""base_performance_score"":35,""base_power_watts"":4,""base_heat_score"":32,""base_reliability_score"":78,""used_demand_score"":75,""mining_popularity_score"":0,""depreciation_rate"":8}",
sk-hynix-platinum-p41-2tb,SK Hynix Platinum P41 2TB,STORAGE,SK Hynix,sk-hynix,,Hàn Quốc,KR,,Manual curated sheet v2,,MANUAL,,M.2 NVMe Slot,8,NVMe PCIe Gen 4.0 | Tốc Độ 7500MB/s Chuẩn Hàn Quốc,55,8,44,78,75,0,8,,,,,"{""raw_key_specs"":""NVMe PCIe Gen 4.0 | Tốc Độ 7500MB/s Chuẩn Hàn Quốc"",""socket_slot"":""M.2 NVMe Slot"",""power_watts"":8,""storage_type"":""NVME_SSD"",""capacity_gb"":2000,""pcie_generation"":""4.0"",""form_factor"":""M.2"",""origin_name_vi"":""Hàn Quốc"",""origin_code"":""KR""}","{""base_performance_score"":55,""base_power_watts"":8,""base_heat_score"":44,""base_reliability_score"":78,""used_demand_score"":75,""mining_popularity_score"":0,""depreciation_rate"":8}",
crucial-t700-pcie-gen-5-2tb,Crucial T700 PCIe Gen 5 2TB,STORAGE,Crucial,crucial,,Mỹ,US,,Manual curated sheet v2,,MANUAL,,M.2 NVMe Slot,12,NVMe PCIe Gen 5.0 | Đọc Ghi 12400MB/s Siêu Tốc Độ,55,12,56,78,75,0,8,,,,,"{""raw_key_specs"":""NVMe PCIe Gen 5.0 | Đọc Ghi 12400MB/s Siêu Tốc Độ"",""socket_slot"":""M.2 NVMe Slot"",""power_watts"":12,""storage_type"":""NVME_SSD"",""capacity_gb"":2000,""pcie_generation"":""5.0"",""sequential_write_mb_s"":12400,""form_factor"":""M.2"",""origin_name_vi"":""Mỹ"",""origin_code"":""US""}","{""base_performance_score"":55,""base_power_watts"":12,""base_heat_score"":56,""base_reliability_score"":78,""used_demand_score"":75,""mining_popularity_score"":0,""depreciation_rate"":8}",
crucial-bx500-480gb,Crucial BX500 480GB,STORAGE,Crucial,crucial,,Mỹ,US,,Manual curated sheet v2,,MANUAL,,SATA 3 Port,3,SSD 2.5 inch SATA 3 | Ổ Cứng Cỏ Thay Thế HDD Cho Laptop,20,3,29,78,75,0,8,,,,,"{""raw_key_specs"":""SSD 2.5 inch SATA 3 | Ổ Cứng Cỏ Thay Thế HDD Cho Laptop"",""socket_slot"":""SATA 3 Port"",""power_watts"":3,""storage_type"":""HDD"",""capacity_gb"":480,""form_factor"":""2.5 inch"",""origin_name_vi"":""Mỹ"",""origin_code"":""US""}","{""base_performance_score"":20,""base_power_watts"":3,""base_heat_score"":29,""base_reliability_score"":78,""used_demand_score"":75,""mining_popularity_score"":0,""depreciation_rate"":8}",
western-digital-wd-black-sn850x-2tb,Western Digital WD_BLACK SN850X 2TB,STORAGE,Western Digital,western-digital,,Mỹ,US,,Manual curated sheet v2,,MANUAL,,M.2 NVMe Slot,8,NVMe PCIe Gen 4.0 | Trùm Cuối Tốc Độ Cho Máy Gaming,55,8,44,78,75,0,8,,,,,"{""raw_key_specs"":""NVMe PCIe Gen 4.0 | Trùm Cuối Tốc Độ Cho Máy Gaming"",""socket_slot"":""M.2 NVMe Slot"",""power_watts"":8,""storage_type"":""NVME_SSD"",""capacity_gb"":2000,""pcie_generation"":""4.0"",""form_factor"":""M.2"",""origin_name_vi"":""Mỹ"",""origin_code"":""US""}","{""base_performance_score"":55,""base_power_watts"":8,""base_heat_score"":44,""base_reliability_score"":78,""used_demand_score"":75,""mining_popularity_score"":0,""depreciation_rate"":8}",
western-digital-wd-blue-sn580-1tb,Western Digital WD Blue SN580 1TB,STORAGE,Western Digital,western-digital,,Mỹ,US,,Manual curated sheet v2,,MANUAL,,M.2 NVMe Slot,5,NVMe PCIe Gen 4.0 | Dòng Tầm Trung Bán Chạy Nhất,55,5,35,78,75,0,8,,,,,"{""raw_key_specs"":""NVMe PCIe Gen 4.0 | Dòng Tầm Trung Bán Chạy Nhất"",""socket_slot"":""M.2 NVMe Slot"",""power_watts"":5,""storage_type"":""NVME_SSD"",""capacity_gb"":1000,""pcie_generation"":""4.0"",""form_factor"":""M.2"",""origin_name_vi"":""Mỹ"",""origin_code"":""US""}","{""base_performance_score"":55,""base_power_watts"":5,""base_heat_score"":35,""base_reliability_score"":78,""used_demand_score"":75,""mining_popularity_score"":0,""depreciation_rate"":8}",
western-digital-wd-green-sn350-960gb,Western Digital WD Green SN350 960GB,STORAGE,Western Digital,western-digital,,Mỹ,US,,Manual curated sheet v2,,MANUAL,,M.2 NVMe Slot,4,NVMe PCIe Gen 3.0 | Giá Rẻ Lưu Game Dung Lượng Lớn,55,4,32,78,75,0,8,,,,,"{""raw_key_specs"":""NVMe PCIe Gen 3.0 | Giá Rẻ Lưu Game Dung Lượng Lớn"",""socket_slot"":""M.2 NVMe Slot"",""power_watts"":4,""storage_type"":""NVME_SSD"",""capacity_gb"":960,""pcie_generation"":""3.0"",""form_factor"":""M.2"",""origin_name_vi"":""Mỹ"",""origin_code"":""US""}","{""base_performance_score"":55,""base_power_watts"":4,""base_heat_score"":32,""base_reliability_score"":78,""used_demand_score"":75,""mining_popularity_score"":0,""depreciation_rate"":8}",
western-digital-wd-caviar-black-2tb-hdd,Western Digital WD Caviar Black 2TB HDD,STORAGE,Western Digital,western-digital,,Mỹ,US,,Manual curated sheet v2,,MANUAL,,SATA 3 Port,7,Ổ Cơ 3.5 inch | 7200RPM | Độ Bền Chuẩn Black,20,7,41,78,75,0,8,,,,,"{""raw_key_specs"":""Ổ Cơ 3.5 inch | 7200RPM | Độ Bền Chuẩn Black"",""socket_slot"":""SATA 3 Port"",""power_watts"":7,""storage_type"":""HDD"",""capacity_gb"":2000,""rpm"":7200,""form_factor"":""3.5 inch"",""origin_name_vi"":""Mỹ"",""origin_code"":""US""}","{""base_performance_score"":20,""base_power_watts"":7,""base_heat_score"":41,""base_reliability_score"":78,""used_demand_score"":75,""mining_popularity_score"":0,""depreciation_rate"":8}",
western-digital-wd-purple-4tb-hdd,Western Digital WD Purple 4TB HDD,STORAGE,Western Digital,western-digital,,Mỹ,US,,Manual curated sheet v2,,MANUAL,,SATA 3 Port,6,Ổ Cơ 3.5 inch | Tối Ưu Ghi Đọc Chạy Liên Tục,20,6,38,78,75,0,8,,,,,"{""raw_key_specs"":""Ổ Cơ 3.5 inch | Tối Ưu Ghi Đọc Chạy Liên Tục"",""socket_slot"":""SATA 3 Port"",""power_watts"":6,""storage_type"":""HDD"",""capacity_gb"":4000,""form_factor"":""3.5 inch"",""origin_name_vi"":""Mỹ"",""origin_code"":""US""}","{""base_performance_score"":20,""base_power_watts"":6,""base_heat_score"":38,""base_reliability_score"":78,""used_demand_score"":75,""mining_popularity_score"":0,""depreciation_rate"":8}",
western-digital-wd-ultrastar-8tb-hdd,Western Digital WD Ultrastar 8TB HDD,STORAGE,Western Digital,western-digital,,Mỹ,US,,Manual curated sheet v2,,MANUAL,,SATA 3 Port,9,Ổ Cứng Cơ Khổng Lồ Chuyên Dụng Server Doanh Nghiệp,20,9,47,78,75,0,8,,,,,"{""raw_key_specs"":""Ổ Cứng Cơ Khổng Lồ Chuyên Dụng Server Doanh Nghiệp"",""socket_slot"":""SATA 3 Port"",""power_watts"":9,""storage_type"":""HDD"",""capacity_gb"":8000,""origin_name_vi"":""Mỹ"",""origin_code"":""US""}","{""base_performance_score"":20,""base_power_watts"":9,""base_heat_score"":47,""base_reliability_score"":78,""used_demand_score"":75,""mining_popularity_score"":0,""depreciation_rate"":8}",
sandisk-ultra-3d-1tb,SanDisk Ultra 3D 1TB,STORAGE,SanDisk,sandisk,,Mỹ,US,,Manual curated sheet v2,,MANUAL,,SATA 3 Port,4,SSD 2.5 inch SATA 3 | Chip Nhớ 3D NAND Cao Cấp Siêu Bền,35,4,32,70,70,0,8,,,,,"{""raw_key_specs"":""SSD 2.5 inch SATA 3 | Chip Nhớ 3D NAND Cao Cấp Siêu Bền"",""socket_slot"":""SATA 3 Port"",""power_watts"":4,""storage_type"":""SATA_SSD"",""capacity_gb"":1000,""form_factor"":""2.5 inch"",""origin_name_vi"":""Mỹ"",""origin_code"":""US""}","{""base_performance_score"":35,""base_power_watts"":4,""base_heat_score"":32,""base_reliability_score"":70,""used_demand_score"":70,""mining_popularity_score"":0,""depreciation_rate"":8}",
sandisk-ssd-plus-480gb,SanDisk SSD Plus 480GB,STORAGE,SanDisk,sandisk,,Mỹ,US,,Manual curated sheet v2,,MANUAL,,SATA 3 Port,3,SSD Cỏ Vỏ Nhựa Trơn Chống Cháy Giá Rẻ,35,3,29,70,70,0,8,,,,,"{""raw_key_specs"":""SSD Cỏ Vỏ Nhựa Trơn Chống Cháy Giá Rẻ"",""socket_slot"":""SATA 3 Port"",""power_watts"":3,""storage_type"":""SATA_SSD"",""capacity_gb"":480,""origin_name_vi"":""Mỹ"",""origin_code"":""US""}","{""base_performance_score"":35,""base_power_watts"":3,""base_heat_score"":29,""base_reliability_score"":70,""used_demand_score"":70,""mining_popularity_score"":0,""depreciation_rate"":8}",
kingston-kc3000-1tb,Kingston KC3000 1TB,STORAGE,Kingston,kingston,,Mỹ,US,,Manual curated sheet v2,,MANUAL,,M.2 NVMe Slot,7,NVMe PCIe Gen 4.0 | Tốc Độ Đọc 7000MB/s Giá Siêu Hợp Lý,78,7,41,78,75,0,8,,,,,"{""raw_key_specs"":""NVMe PCIe Gen 4.0 | Tốc Độ Đọc 7000MB/s Giá Siêu Hợp Lý"",""socket_slot"":""M.2 NVMe Slot"",""power_watts"":7,""storage_type"":""NVME_SSD"",""capacity_gb"":1000,""pcie_generation"":""4.0"",""sequential_read_mb_s"":7000,""form_factor"":""M.2"",""origin_name_vi"":""Mỹ"",""origin_code"":""US""}","{""base_performance_score"":78,""base_power_watts"":7,""base_heat_score"":41,""base_reliability_score"":78,""used_demand_score"":75,""mining_popularity_score"":0,""depreciation_rate"":8}",
lexar-nm620-512gb,Lexar NM620 512GB,STORAGE,Lexar,lexar,,Mỹ,US,,Manual curated sheet v2,,MANUAL,,M.2 NVMe Slot,4,NVMe PCIe Gen 3.0 | Giá Rẻ Tốc Độ Ổn Định Lắp Máy Gaming,55,4,32,70,70,0,8,,,,,"{""raw_key_specs"":""NVMe PCIe Gen 3.0 | Giá Rẻ Tốc Độ Ổn Định Lắp Máy Gaming"",""socket_slot"":""M.2 NVMe Slot"",""power_watts"":4,""storage_type"":""NVME_SSD"",""capacity_gb"":512,""pcie_generation"":""3.0"",""form_factor"":""M.2"",""origin_name_vi"":""Mỹ"",""origin_code"":""US""}","{""base_performance_score"":55,""base_power_watts"":4,""base_heat_score"":32,""base_reliability_score"":70,""used_demand_score"":70,""mining_popularity_score"":0,""depreciation_rate"":8}",
lexar-ns100-120gb,Lexar NS100 120GB,STORAGE,Lexar,lexar,,Mỹ,US,,Manual curated sheet v2,,MANUAL,,SATA 3 Port,3,SSD 2.5 inch SATA 3 | Ổ Siêu Cỏ Chỉ Để Cài Hệ Điều Hành Win,35,3,29,70,70,0,8,,,,,"{""raw_key_specs"":""SSD 2.5 inch SATA 3 | Ổ Siêu Cỏ Chỉ Để Cài Hệ Điều Hành Win"",""socket_slot"":""SATA 3 Port"",""power_watts"":3,""storage_type"":""SATA_SSD"",""capacity_gb"":120,""form_factor"":""2.5 inch"",""origin_name_vi"":""Mỹ"",""origin_code"":""US""}","{""base_performance_score"":35,""base_power_watts"":3,""base_heat_score"":29,""base_reliability_score"":70,""used_demand_score"":70,""mining_popularity_score"":0,""depreciation_rate"":8}",
seagate-barracuda-2tb-hdd,Seagate Barracuda 2TB HDD,STORAGE,Seagate,seagate,,Mỹ,US,,Manual curated sheet v2,,MANUAL,,SATA 3 Port,6,Ổ Cứng Cơ 3.5 inch | 7200RPM | Lưu Trữ Phim Ảnh Nhạc,20,6,38,70,70,0,8,,,,,"{""raw_key_specs"":""Ổ Cứng Cơ 3.5 inch | 7200RPM | Lưu Trữ Phim Ảnh Nhạc"",""socket_slot"":""SATA 3 Port"",""power_watts"":6,""storage_type"":""HDD"",""capacity_gb"":2000,""rpm"":7200,""form_factor"":""3.5 inch"",""origin_name_vi"":""Mỹ"",""origin_code"":""US""}","{""base_performance_score"":20,""base_power_watts"":6,""base_heat_score"":38,""base_reliability_score"":70,""used_demand_score"":70,""mining_popularity_score"":0,""depreciation_rate"":8}",
seagate-barracuda-pro-10tb-hdd,Seagate Barracuda Pro 10TB HDD,STORAGE,Seagate,seagate,,Mỹ,US,,Manual curated sheet v2,,MANUAL,,SATA 3 Port,8,Ổ Cơ Dung Lượng Khủng Cho Dân Làm Đồ Họa Cần Lưu Trữ,20,8,44,70,70,0,8,,,,,"{""raw_key_specs"":""Ổ Cơ Dung Lượng Khủng Cho Dân Làm Đồ Họa Cần Lưu Trữ"",""socket_slot"":""SATA 3 Port"",""power_watts"":8,""storage_type"":""HDD"",""capacity_gb"":10000,""origin_name_vi"":""Mỹ"",""origin_code"":""US""}","{""base_performance_score"":20,""base_power_watts"":8,""base_heat_score"":44,""base_reliability_score"":70,""used_demand_score"":70,""mining_popularity_score"":0,""depreciation_rate"":8}",
seagate-ironwolf-pro-16tb-hdd,Seagate IronWolf Pro 16TB HDD,STORAGE,Seagate,seagate,,Mỹ,US,,Manual curated sheet v2,,MANUAL,,SATA 3 Port,10,Ổ Cơ Siêu Quái Vật Dung Lượng Cao Chạy Cho NAS,20,10,50,70,70,0,8,,,,,"{""raw_key_specs"":""Ổ Cơ Siêu Quái Vật Dung Lượng Cao Chạy Cho NAS"",""socket_slot"":""SATA 3 Port"",""power_watts"":10,""storage_type"":""HDD"",""capacity_gb"":16000,""origin_name_vi"":""Mỹ"",""origin_code"":""US""}","{""base_performance_score"":20,""base_power_watts"":10,""base_heat_score"":50,""base_reliability_score"":70,""used_demand_score"":70,""mining_popularity_score"":0,""depreciation_rate"":8}",
kioxia-exceria-g2-1tb,Kioxia Exceria G2 1TB,STORAGE,Kioxia,kioxia,,Nhật Bản,JP,,Manual curated sheet v2,,MANUAL,,M.2 NVMe Slot,5,NVMe PCIe Gen 3.0 | Ổ Cứng Ngon Bổ Rẻ Có Sẵn Cache,55,5,35,78,75,0,8,,,,,"{""raw_key_specs"":""NVMe PCIe Gen 3.0 | Ổ Cứng Ngon Bổ Rẻ Có Sẵn Cache"",""socket_slot"":""M.2 NVMe Slot"",""power_watts"":5,""storage_type"":""NVME_SSD"",""capacity_gb"":1000,""pcie_generation"":""3.0"",""form_factor"":""M.2"",""origin_name_vi"":""Nhật Bản"",""origin_code"":""JP""}","{""base_performance_score"":55,""base_power_watts"":5,""base_heat_score"":35,""base_reliability_score"":78,""used_demand_score"":75,""mining_popularity_score"":0,""depreciation_rate"":8}",
adata-xpg-sx8200-pro-512gb,ADATA XPG SX8200 Pro 512GB,STORAGE,ADATA,adata,,Đài Loan,TW,,Manual curated sheet v2,,MANUAL,,M.2 NVMe Slot,6,NVMe PCIe Gen 3.0 | Có Sẵn Miếng Tản Nhôm Nhỏ,55,6,38,70,70,0,8,,,,,"{""raw_key_specs"":""NVMe PCIe Gen 3.0 | Có Sẵn Miếng Tản Nhôm Nhỏ"",""socket_slot"":""M.2 NVMe Slot"",""power_watts"":6,""storage_type"":""NVME_SSD"",""capacity_gb"":512,""pcie_generation"":""3.0"",""form_factor"":""M.2"",""origin_name_vi"":""Đài Loan"",""origin_code"":""TW""}","{""base_performance_score"":55,""base_power_watts"":6,""base_heat_score"":38,""base_reliability_score"":70,""used_demand_score"":70,""mining_popularity_score"":0,""depreciation_rate"":8}",
teamgroup-mp33-256gb,TeamGroup MP33 256GB,STORAGE,TeamGroup,teamgroup,,Đài Loan,TW,,Manual curated sheet v2,,MANUAL,,M.2 NVMe Slot,4,NVMe PCIe Gen 3.0 | Ổ Cắm Khe M.2 Giá Rẻ Để Tiết Kiệm Cáp,55,4,32,70,70,0,8,,,,,"{""raw_key_specs"":""NVMe PCIe Gen 3.0 | Ổ Cắm Khe M.2 Giá Rẻ Để Tiết Kiệm Cáp"",""socket_slot"":""M.2 NVMe Slot"",""power_watts"":4,""storage_type"":""NVME_SSD"",""capacity_gb"":256,""pcie_generation"":""3.0"",""form_factor"":""M.2"",""origin_name_vi"":""Đài Loan"",""origin_code"":""TW""}","{""base_performance_score"":55,""base_power_watts"":4,""base_heat_score"":32,""base_reliability_score"":70,""used_demand_score"":70,""mining_popularity_score"":0,""depreciation_rate"":8}",
silicon-power-ace-a55-512gb,Silicon Power Ace A55 512GB,STORAGE,Silicon Power,silicon-power,,Đài Loan,TW,,Manual curated sheet v2,,MANUAL,,SATA 3 Port,3,SSD 2.5 inch SATA 3 | Giá Mềm Độ Bền Ổn Định,35,3,29,70,70,0,8,,,,,"{""raw_key_specs"":""SSD 2.5 inch SATA 3 | Giá Mềm Độ Bền Ổn Định"",""socket_slot"":""SATA 3 Port"",""power_watts"":3,""storage_type"":""SATA_SSD"",""capacity_gb"":512,""form_factor"":""2.5 inch"",""origin_name_vi"":""Đài Loan"",""origin_code"":""TW""}","{""base_performance_score"":35,""base_power_watts"":3,""base_heat_score"":29,""base_reliability_score"":70,""used_demand_score"":70,""mining_popularity_score"":0,""depreciation_rate"":8}",
hiksemi-future-1tb,Hiksemi Future 1TB,STORAGE,Hiksemi,hiksemi,,Trung Quốc,CN,,Manual curated sheet v2,,MANUAL,,M.2 NVMe Slot,6,NVMe PCIe Gen 4.0 | Đọc 7450MB/s Tốc Độ Điên Rồ Giá Rẻ,80,6,38,55,75,0,16,,,,,"{""raw_key_specs"":""NVMe PCIe Gen 4.0 | Đọc 7450MB/s Tốc Độ Điên Rồ Giá Rẻ"",""socket_slot"":""M.2 NVMe Slot"",""power_watts"":6,""storage_type"":""NVME_SSD"",""capacity_gb"":1000,""pcie_generation"":""4.0"",""sequential_read_mb_s"":7450,""form_factor"":""M.2"",""origin_name_vi"":""Trung Quốc"",""origin_code"":""CN""}","{""base_performance_score"":80,""base_power_watts"":6,""base_heat_score"":38,""base_reliability_score"":55,""used_demand_score"":75,""mining_popularity_score"":0,""depreciation_rate"":16}",
netac-n930e-pro-512gb,Netac N930E Pro 512GB,STORAGE,Netac,netac,,Trung Quốc,CN,,Manual curated sheet v2,,MANUAL,,M.2 NVMe Slot,4,NVMe PCIe Gen 3.0 | Ổ NVMe Phổ Thông Cho Máy Giá Thấp,55,4,32,55,75,0,16,,,,,"{""raw_key_specs"":""NVMe PCIe Gen 3.0 | Ổ NVMe Phổ Thông Cho Máy Giá Thấp"",""socket_slot"":""M.2 NVMe Slot"",""power_watts"":4,""storage_type"":""NVME_SSD"",""capacity_gb"":512,""pcie_generation"":""3.0"",""form_factor"":""M.2"",""origin_name_vi"":""Trung Quốc"",""origin_code"":""CN""}","{""base_performance_score"":55,""base_power_watts"":4,""base_heat_score"":32,""base_reliability_score"":55,""used_demand_score"":75,""mining_popularity_score"":0,""depreciation_rate"":16}",
fanxiang-s500-pro-512gb,Fanxiang S500 Pro 512GB,STORAGE,Fanxiang,fanxiang,,Trung Quốc,CN,,Manual curated sheet v2,,MANUAL,,M.2 NVMe Slot,4,NVMe PCIe Gen 3.0 | Thiết Kế Đẹp Nội Địa Đọc Ổn,55,4,32,55,75,0,16,,,,,"{""raw_key_specs"":""NVMe PCIe Gen 3.0 | Thiết Kế Đẹp Nội Địa Đọc Ổn"",""socket_slot"":""M.2 NVMe Slot"",""power_watts"":4,""storage_type"":""NVME_SSD"",""capacity_gb"":512,""pcie_generation"":""3.0"",""form_factor"":""M.2"",""origin_name_vi"":""Trung Quốc"",""origin_code"":""CN""}","{""base_performance_score"":55,""base_power_watts"":4,""base_heat_score"":32,""base_reliability_score"":55,""used_demand_score"":75,""mining_popularity_score"":0,""depreciation_rate"":16}",
kingspec-sata-iii-512gb,Kingspec SATA III 512GB,STORAGE,Kingspec,kingspec,,Trung Quốc,CN,,Manual curated sheet v2,,MANUAL,,SATA 3 Port,4,SSD 2.5 inch | Thường Dùng Cho Dàn PC Gaming Cỏ,35,4,32,55,75,0,16,,,,,"{""raw_key_specs"":""SSD 2.5 inch | Thường Dùng Cho Dàn PC Gaming Cỏ"",""socket_slot"":""SATA 3 Port"",""power_watts"":4,""storage_type"":""SATA_SSD"",""capacity_gb"":512,""form_factor"":""2.5 inch"",""origin_name_vi"":""Trung Quốc"",""origin_code"":""CN""}","{""base_performance_score"":35,""base_power_watts"":4,""base_heat_score"":32,""base_reliability_score"":55,""used_demand_score"":75,""mining_popularity_score"":0,""depreciation_rate"":16}",
somnambulist-sata-iii-240gb,Somnambulist SATA III 240GB,STORAGE,Somnambulist,somnambulist,,Trung Quốc,CN,,Manual curated sheet v2,,MANUAL,,SATA 3 Port,3,Vua Ổ Cỏ Bán Phá Giá Trên Các Sàn Thương Mại,35,3,29,55,75,0,16,,,,,"{""raw_key_specs"":""Vua Ổ Cỏ Bán Phá Giá Trên Các Sàn Thương Mại"",""socket_slot"":""SATA 3 Port"",""power_watts"":3,""storage_type"":""SATA_SSD"",""capacity_gb"":240,""origin_name_vi"":""Trung Quốc"",""origin_code"":""CN""}","{""base_performance_score"":35,""base_power_watts"":3,""base_heat_score"":29,""base_reliability_score"":55,""used_demand_score"":75,""mining_popularity_score"":0,""depreciation_rate"":16}",
xraydisk-nvme-256gb,XrayDisk NVMe 256GB,STORAGE,XrayDisk,xraydisk,,Trung Quốc,CN,,Manual curated sheet v2,,MANUAL,,M.2 NVMe Slot,4,NVMe PCIe Gen 3.0 | Ổ NVMe Giá Siêu Tốt AliExpress,55,4,32,55,75,0,16,,,,,"{""raw_key_specs"":""NVMe PCIe Gen 3.0 | Ổ NVMe Giá Siêu Tốt AliExpress"",""socket_slot"":""M.2 NVMe Slot"",""power_watts"":4,""storage_type"":""NVME_SSD"",""capacity_gb"":256,""pcie_generation"":""3.0"",""form_factor"":""M.2"",""origin_name_vi"":""Trung Quốc"",""origin_code"":""CN""}","{""base_performance_score"":55,""base_power_watts"":4,""base_heat_score"":32,""base_reliability_score"":55,""used_demand_score"":75,""mining_popularity_score"":0,""depreciation_rate"":16}",
walram-sata-iii-120gb,Walram SATA III 120GB,STORAGE,Walram,walram,,Trung Quốc,CN,,Manual curated sheet v2,,MANUAL,,SATA 3 Port,3,SSD Cỏ Giá Hơn 100 Ngàn Chống Điếc Cho Máy Cũ,35,3,29,55,75,0,16,,,,,"{""raw_key_specs"":""SSD Cỏ Giá Hơn 100 Ngàn Chống Điếc Cho Máy Cũ"",""socket_slot"":""SATA 3 Port"",""power_watts"":3,""storage_type"":""SATA_SSD"",""capacity_gb"":120,""origin_name_vi"":""Trung Quốc"",""origin_code"":""CN""}","{""base_performance_score"":35,""base_power_watts"":3,""base_heat_score"":29,""base_reliability_score"":55,""used_demand_score"":75,""mining_popularity_score"":0,""depreciation_rate"":16}",
kingmax-smv32-480gb,Kingmax SMV32 480GB,STORAGE,Kingmax,kingmax,,Đài Loan,TW,,Manual curated sheet v2,,MANUAL,,SATA 3 Port,3,SSD 2.5 inch SATA 3 | Ổ Cứng Chạy Bền Bỉ Ít Lỗi Vặt,35,3,29,70,70,0,8,,,,,"{""raw_key_specs"":""SSD 2.5 inch SATA 3 | Ổ Cứng Chạy Bền Bỉ Ít Lỗi Vặt"",""socket_slot"":""SATA 3 Port"",""power_watts"":3,""storage_type"":""SATA_SSD"",""capacity_gb"":480,""form_factor"":""2.5 inch"",""origin_name_vi"":""Đài Loan"",""origin_code"":""TW""}","{""base_performance_score"":35,""base_power_watts"":3,""base_heat_score"":29,""base_reliability_score"":70,""used_demand_score"":70,""mining_popularity_score"":0,""depreciation_rate"":8}",
toshiba-p300-2tb-hdd,Toshiba P300 2TB HDD,STORAGE,Toshiba,toshiba,,Nhật Bản,JP,,Manual curated sheet v2,,MANUAL,,SATA 3 Port,6,Ổ Cơ 3.5 inch | Hoạt Động Êm Ái Bền Bỉ Theo Năm Tháng,20,6,38,70,70,0,8,,,,,"{""raw_key_specs"":""Ổ Cơ 3.5 inch | Hoạt Động Êm Ái Bền Bỉ Theo Năm Tháng"",""socket_slot"":""SATA 3 Port"",""power_watts"":6,""storage_type"":""HDD"",""capacity_gb"":2000,""form_factor"":""3.5 inch"",""origin_name_vi"":""Nhật Bản"",""origin_code"":""JP""}","{""base_performance_score"":20,""base_power_watts"":6,""base_heat_score"":38,""base_reliability_score"":70,""used_demand_score"":70,""mining_popularity_score"":0,""depreciation_rate"":8}",
thermalright-frozen-prism-360-black,Thermalright Frozen Prism 360 Black,COOLER,Thermalright,thermalright,,Đài Loan,TW,,Manual curated sheet v2,,MANUAL,,CPU Fan Header,12,Tản Nhiệt Nước AIO 360mm | Vua Phá Giá Tản Nước,96,12,20,70,60,0,8,,,,,"{""raw_key_specs"":""Tản Nhiệt Nước AIO 360mm | Vua Phá Giá Tản Nước"",""socket_slot"":""CPU Fan Header"",""power_watts"":12,""cooler_type"":""AIO"",""radiator_size_mm"":360,""origin_name_vi"":""Đài Loan"",""origin_code"":""TW""}","{""base_performance_score"":96,""base_power_watts"":12,""base_heat_score"":20,""base_reliability_score"":70,""used_demand_score"":60,""mining_popularity_score"":0,""depreciation_rate"":8}",
thermalright-peerless-assassin-120-se-argb,Thermalright Peerless Assassin 120 SE ARGB,COOLER,Thermalright,thermalright,,Đài Loan,TW,,Manual curated sheet v2,,MANUAL,,CPU Fan Header,4,Tản Tháp Đôi Có LED Quạt Cực Kỳ Đẹp,35,4,40,70,60,0,8,,,,,"{""raw_key_specs"":""Tản Tháp Đôi Có LED Quạt Cực Kỳ Đẹp"",""socket_slot"":""CPU Fan Header"",""power_watts"":4,""cooler_type"":""OTHER"",""origin_name_vi"":""Đài Loan"",""origin_code"":""TW""}","{""base_performance_score"":35,""base_power_watts"":4,""base_heat_score"":40,""base_reliability_score"":70,""used_demand_score"":60,""mining_popularity_score"":0,""depreciation_rate"":8}",
deepcool-mystique-360,Deepcool Mystique 360,COOLER,Deepcool,deepcool,,Trung Quốc,CN,,Manual curated sheet v2,,MANUAL,,CPU Fan Header,16,Tản Nước AIO 360mm | Có Màn Hình LCD Vuông Hiển Thị Chỉ Số,96,16,20,65,60,0,8,,,,,"{""raw_key_specs"":""Tản Nước AIO 360mm | Có Màn Hình LCD Vuông Hiển Thị Chỉ Số"",""socket_slot"":""CPU Fan Header"",""power_watts"":16,""cooler_type"":""AIO"",""radiator_size_mm"":360,""origin_name_vi"":""Trung Quốc"",""origin_code"":""CN""}","{""base_performance_score"":96,""base_power_watts"":16,""base_heat_score"":20,""base_reliability_score"":65,""used_demand_score"":60,""mining_popularity_score"":0,""depreciation_rate"":8}",
deepcool-ak500-digital,Deepcool AK500 Digital,COOLER,Deepcool,deepcool,,Trung Quốc,CN,,Manual curated sheet v2,,MANUAL,,CPU Fan Header,4,Tản Khí Tháp Đơn Lớn Có Mặt Số Điện Tử Độc Đáo,55,4,15,65,60,0,8,,,,,"{""raw_key_specs"":""Tản Khí Tháp Đơn Lớn Có Mặt Số Điện Tử Độc Đáo"",""socket_slot"":""CPU Fan Header"",""power_watts"":4,""cooler_type"":""AIR"",""origin_name_vi"":""Trung Quốc"",""origin_code"":""CN""}","{""base_performance_score"":55,""base_power_watts"":4,""base_heat_score"":15,""base_reliability_score"":65,""used_demand_score"":60,""mining_popularity_score"":0,""depreciation_rate"":8}",
nzxt-kraken-360-rgb-black,NZXT Kraken 360 RGB Black,COOLER,NZXT,nzxt,,Mỹ,US,,Manual curated sheet v2,,MANUAL,,CPU Fan Header,15,Tản Nước AIO Cao Cấp Màn Hình Tròn Hiển Thị Thông Số,84,15,20,78,65,0,8,,,,,"{""raw_key_specs"":""Tản Nước AIO Cao Cấp Màn Hình Tròn Hiển Thị Thông Số"",""socket_slot"":""CPU Fan Header"",""power_watts"":15,""cooler_type"":""AIO"",""origin_name_vi"":""Mỹ"",""origin_code"":""US""}","{""base_performance_score"":84,""base_power_watts"":15,""base_heat_score"":20,""base_reliability_score"":78,""used_demand_score"":65,""mining_popularity_score"":0,""depreciation_rate"":8}",
nzxt-kraken-elite-240-white,NZXT Kraken Elite 240 White,COOLER,NZXT,nzxt,,Mỹ,US,,Manual curated sheet v2,,MANUAL,,CPU Fan Header,14,Tản Nước AIO 240mm Màn Hình LCD Siêu Nét Màu Trắng,84,14,20,78,65,0,8,,,,,"{""raw_key_specs"":""Tản Nước AIO 240mm Màn Hình LCD Siêu Nét Màu Trắng"",""socket_slot"":""CPU Fan Header"",""power_watts"":14,""cooler_type"":""AIO"",""radiator_size_mm"":240,""origin_name_vi"":""Mỹ"",""origin_code"":""US""}","{""base_performance_score"":84,""base_power_watts"":14,""base_heat_score"":20,""base_reliability_score"":78,""used_demand_score"":65,""mining_popularity_score"":0,""depreciation_rate"":8}",
noctua-nh-d15s-chromax-black,Noctua NH-D15S chromax.black,COOLER,Noctua,noctua,,Áo,AT,,Manual curated sheet v2,,MANUAL,,CPU Fan Header,5,Tản Khí Tháp Đôi Thiết Kế Lệch Tối Ưu Khe Cắm RAM,80,5,15,78,65,0,8,,,,,"{""raw_key_specs"":""Tản Khí Tháp Đôi Thiết Kế Lệch Tối Ưu Khe Cắm RAM"",""socket_slot"":""CPU Fan Header"",""power_watts"":5,""cooler_type"":""AIR"",""origin_name_vi"":""Áo"",""origin_code"":""AT""}","{""base_performance_score"":80,""base_power_watts"":5,""base_heat_score"":15,""base_reliability_score"":78,""used_demand_score"":65,""mining_popularity_score"":0,""depreciation_rate"":8}",
noctua-nh-l9i-chromax-black,Noctua NH-L9i chromax.black,COOLER,Noctua,noctua,,Áo,AT,,Manual curated sheet v2,,MANUAL,,CPU Fan Header,3,Tản Khí Siêu Nhỏ Lùn Chuyên Dụng Cho Dàn Máy ITX,55,3,15,78,65,0,8,,,,,"{""raw_key_specs"":""Tản Khí Siêu Nhỏ Lùn Chuyên Dụng Cho Dàn Máy ITX"",""socket_slot"":""CPU Fan Header"",""power_watts"":3,""cooler_type"":""AIR"",""origin_name_vi"":""Áo"",""origin_code"":""AT""}","{""base_performance_score"":55,""base_power_watts"":3,""base_heat_score"":15,""base_reliability_score"":78,""used_demand_score"":65,""mining_popularity_score"":0,""depreciation_rate"":8}",
be-quiet-dark-rock-elite,be quiet! Dark Rock Elite,COOLER,be quiet!,be-quiet,,Đức,DE,,Manual curated sheet v2,,MANUAL,,CPU Fan Header,6,Tản Khí Tháp Đôi Đỉnh Cao Có Led Tinh Tế Cực Yên Tĩnh,55,6,15,78,65,0,8,,,,,"{""raw_key_specs"":""Tản Khí Tháp Đôi Đỉnh Cao Có Led Tinh Tế Cực Yên Tĩnh"",""socket_slot"":""CPU Fan Header"",""power_watts"":6,""cooler_type"":""AIR"",""origin_name_vi"":""Đức"",""origin_code"":""DE""}","{""base_performance_score"":55,""base_power_watts"":6,""base_heat_score"":15,""base_reliability_score"":78,""used_demand_score"":65,""mining_popularity_score"":0,""depreciation_rate"":8}",
arctic-liquid-freezer-iii-420,Arctic Liquid Freezer III 420,COOLER,Arctic,arctic,,Đức,DE,,Manual curated sheet v2,,MANUAL,,CPU Fan Header,15,Tản Nước AIO Siêu Khổng Lồ Két Nước 420mm Siêu Dày,100,15,20,70,60,0,8,,,,,"{""raw_key_specs"":""Tản Nước AIO Siêu Khổng Lồ Két Nước 420mm Siêu Dày"",""socket_slot"":""CPU Fan Header"",""power_watts"":15,""cooler_type"":""AIO"",""radiator_size_mm"":420,""origin_name_vi"":""Đức"",""origin_code"":""DE""}","{""base_performance_score"":100,""base_power_watts"":15,""base_heat_score"":20,""base_reliability_score"":70,""used_demand_score"":60,""mining_popularity_score"":0,""depreciation_rate"":8}",
jonsbo-cr-1000-evo-argb,Jonsbo CR-1000 EVO ARGB,COOLER,Jonsbo,jonsbo,,Trung Quốc,CN,,Manual curated sheet v2,,MANUAL,,CPU Fan Header,3,Bản Nâng Cấp LED Đồng Bộ Đổi Màu Theo Mainboard,35,3,40,65,60,0,8,,,,,"{""raw_key_specs"":""Bản Nâng Cấp LED Đồng Bộ Đổi Màu Theo Mainboard"",""socket_slot"":""CPU Fan Header"",""power_watts"":3,""cooler_type"":""OTHER"",""origin_name_vi"":""Trung Quốc"",""origin_code"":""CN""}","{""base_performance_score"":35,""base_power_watts"":3,""base_heat_score"":40,""base_reliability_score"":65,""used_demand_score"":60,""mining_popularity_score"":0,""depreciation_rate"":8}",
jonsbo-tg-360-argb-white,Jonsbo TG-360 ARGB White,COOLER,Jonsbo,jonsbo,,Trung Quốc,CN,,Manual curated sheet v2,,MANUAL,,CPU Fan Header,12,Tản Nước AIO 360mm Màu Trắng Giá Siêu Ngon Bổ Rẻ,96,12,20,65,60,0,8,,,,,"{""raw_key_specs"":""Tản Nước AIO 360mm Màu Trắng Giá Siêu Ngon Bổ Rẻ"",""socket_slot"":""CPU Fan Header"",""power_watts"":12,""cooler_type"":""AIO"",""radiator_size_mm"":360,""origin_name_vi"":""Trung Quốc"",""origin_code"":""CN""}","{""base_performance_score"":96,""base_power_watts"":12,""base_heat_score"":20,""base_reliability_score"":65,""used_demand_score"":60,""mining_popularity_score"":0,""depreciation_rate"":8}",
id-cooling-fx360-pro,ID-Cooling FX360 PRO,COOLER,ID-Cooling,id-cooling,,Trung Quốc,CN,,Manual curated sheet v2,,MANUAL,,CPU Fan Header,11,Tản Nước AIO 360mm Không Đèn LED Hướng Thực Dụng Giá Rẻ,96,11,20,65,60,0,8,,,,,"{""raw_key_specs"":""Tản Nước AIO 360mm Không Đèn LED Hướng Thực Dụng Giá Rẻ"",""socket_slot"":""CPU Fan Header"",""power_watts"":11,""cooler_type"":""AIO"",""radiator_size_mm"":360,""origin_name_vi"":""Trung Quốc"",""origin_code"":""CN""}","{""base_performance_score"":96,""base_power_watts"":11,""base_heat_score"":20,""base_reliability_score"":65,""used_demand_score"":60,""mining_popularity_score"":0,""depreciation_rate"":8}",
id-cooling-se-214-xt-argb-white,ID-Cooling SE-214-XT ARGB White,COOLER,ID-Cooling,id-cooling,,Trung Quốc,CN,,Manual curated sheet v2,,MANUAL,,CPU Fan Header,3,Tản Khí Quốc Dân Phiên Bản Màu Trắng Tuyết,55,3,15,65,60,0,8,,,,,"{""raw_key_specs"":""Tản Khí Quốc Dân Phiên Bản Màu Trắng Tuyết"",""socket_slot"":""CPU Fan Header"",""power_watts"":3,""cooler_type"":""AIR"",""origin_name_vi"":""Trung Quốc"",""origin_code"":""CN""}","{""base_performance_score"":55,""base_power_watts"":3,""base_heat_score"":15,""base_reliability_score"":65,""used_demand_score"":60,""mining_popularity_score"":0,""depreciation_rate"":8}",
valkyrie-aio-vk-v360-merlin,Valkyrie AIO VK-V360 Merlin,COOLER,Valkyrie,valkyrie,,Trung Quốc,CN,,Manual curated sheet v2,,MANUAL,,CPU Fan Header,15,Tản Nước Cao Cấp Thiết Kế Phong Cách Anime Độc Lạ,84,15,20,65,60,0,8,,,,,"{""raw_key_specs"":""Tản Nước Cao Cấp Thiết Kế Phong Cách Anime Độc Lạ"",""socket_slot"":""CPU Fan Header"",""power_watts"":15,""cooler_type"":""AIO"",""origin_name_vi"":""Trung Quốc"",""origin_code"":""CN""}","{""base_performance_score"":84,""base_power_watts"":15,""base_heat_score"":20,""base_reliability_score"":65,""used_demand_score"":60,""mining_popularity_score"":0,""depreciation_rate"":8}",
alseye-h120-aio,Alseye H120 AiO,COOLER,Alseye,alseye,,Trung Quốc,CN,,Manual curated sheet v2,,MANUAL,,CPU Fan Header,8,Tản Nước AIO 120mm Nhỏ Gọn Cho Cấu Hình Thấp Ít Tỏa Nhiệt,72,8,20,65,60,0,8,,,,,"{""raw_key_specs"":""Tản Nước AIO 120mm Nhỏ Gọn Cho Cấu Hình Thấp Ít Tỏa Nhiệt"",""socket_slot"":""CPU Fan Header"",""power_watts"":8,""cooler_type"":""AIO"",""radiator_size_mm"":120,""origin_name_vi"":""Trung Quốc"",""origin_code"":""CN""}","{""base_performance_score"":72,""base_power_watts"":8,""base_heat_score"":20,""base_reliability_score"":65,""used_demand_score"":60,""mining_popularity_score"":0,""depreciation_rate"":8}",
pccooler-k6-wh,PCCooler K6 WH,COOLER,PCCooler,pccooler,,Trung Quốc,CN,,Manual curated sheet v2,,MANUAL,,CPU Fan Header,4,Tản Khí 6 Ống Đồng Màu Trắng Có Sơn Phủ Chống Oxy Hóa,55,4,15,65,60,0,8,,,,,"{""raw_key_specs"":""Tản Khí 6 Ống Đồng Màu Trắng Có Sơn Phủ Chống Oxy Hóa"",""socket_slot"":""CPU Fan Header"",""power_watts"":4,""cooler_type"":""AIR"",""origin_name_vi"":""Trung Quốc"",""origin_code"":""CN""}","{""base_performance_score"":55,""base_power_watts"":4,""base_heat_score"":15,""base_reliability_score"":65,""used_demand_score"":60,""mining_popularity_score"":0,""depreciation_rate"":8}",
vsp-v400-plus-pink,VSP V400 Plus Pink,COOLER,VSP,vsp,,Việt Nam,VN,,Manual curated sheet v2,,MANUAL,,CPU Fan Header,3,Tản Nhiệt Khí Tháp Đơn Phiên Bản Sơn Hồng Cho Máy Con Gái,55,3,15,55,65,0,16,,,,,"{""raw_key_specs"":""Tản Nhiệt Khí Tháp Đơn Phiên Bản Sơn Hồng Cho Máy Con Gái"",""socket_slot"":""CPU Fan Header"",""power_watts"":3,""cooler_type"":""AIR"",""origin_name_vi"":""Việt Nam"",""origin_code"":""VN""}","{""base_performance_score"":55,""base_power_watts"":3,""base_heat_score"":15,""base_reliability_score"":55,""used_demand_score"":65,""mining_popularity_score"":0,""depreciation_rate"":16}",
xigmatek-air-killer-pro-arctic,Xigmatek Air Killer Pro Arctic,COOLER,Xigmatek,xigmatek,,Đài Loan,TW,,Manual curated sheet v2,,MANUAL,,CPU Fan Header,3,Tản Khí 4 Ống Đồng Toàn Thân Trắng Led RGB,55,3,15,70,60,0,8,,,,,"{""raw_key_specs"":""Tản Khí 4 Ống Đồng Toàn Thân Trắng Led RGB"",""socket_slot"":""CPU Fan Header"",""power_watts"":3,""cooler_type"":""AIR"",""origin_name_vi"":""Đài Loan"",""origin_code"":""TW""}","{""base_performance_score"":55,""base_power_watts"":3,""base_heat_score"":15,""base_reliability_score"":70,""used_demand_score"":60,""mining_popularity_score"":0,""depreciation_rate"":8}",
cooler-master-masterliquid-ml360-illusion,Cooler Master MasterLiquid ML360 Illusion,COOLER,Cooler Master,cooler-master,,Đài Loan,TW,,Manual curated sheet v2,,MANUAL,,CPU Fan Header,14,Tản Nước Đèn LED Pump Dạng Vòm Kính Trong Suốt,84,14,20,70,60,0,8,,,,,"{""raw_key_specs"":""Tản Nước Đèn LED Pump Dạng Vòm Kính Trong Suốt"",""socket_slot"":""CPU Fan Header"",""power_watts"":14,""cooler_type"":""AIO"",""origin_name_vi"":""Đài Loan"",""origin_code"":""TW""}","{""base_performance_score"":84,""base_power_watts"":14,""base_heat_score"":20,""base_reliability_score"":70,""used_demand_score"":60,""mining_popularity_score"":0,""depreciation_rate"":8}",
gigabyte-geforce-rtx-5090-aero-oc,GIGABYTE GeForce RTX 5090 AERO OC,GPU,GIGABYTE,gigabyte,nvidia,Đài Loan,TW,,Manual curated sheet v2,,MANUAL,,PCIe 5.0 x16,600,32GB GDDR7 | Phiên Bản Siêu Cấp Thiết Kế Màu Trắng Tuyết,100,600,95,78,75,100,8,,,,,"{""raw_key_specs"":""32GB GDDR7 | Phiên Bản Siêu Cấp Thiết Kế Màu Trắng Tuyết"",""socket_slot"":""PCIe 5.0 x16"",""power_watts"":600,""slot_interface"":""PCIe 5.0 x16"",""vram_gb"":32,""memory_type"":""GDDR7"",""origin_name_vi"":""Đài Loan"",""origin_code"":""TW""}","{""base_performance_score"":100,""base_power_watts"":600,""base_heat_score"":95,""base_reliability_score"":78,""used_demand_score"":75,""mining_popularity_score"":100,""depreciation_rate"":8}",
msi-geforce-rtx-5080-gaming-slim,MSI GeForce RTX 5080 GAMING SLIM,GPU,MSI,msi,nvidia,Đài Loan,TW,,Manual curated sheet v2,,MANUAL,,PCIe 5.0 x16,380,16GB GDDR7 | Thiết Kế Nhỏ Gọn Giảm Độ Dày Băng Thông Cao,95,380,73,78,75,84,8,,,,,"{""raw_key_specs"":""16GB GDDR7 | Thiết Kế Nhỏ Gọn Giảm Độ Dày Băng Thông Cao"",""socket_slot"":""PCIe 5.0 x16"",""power_watts"":380,""slot_interface"":""PCIe 5.0 x16"",""vram_gb"":16,""memory_type"":""GDDR7"",""origin_name_vi"":""Đài Loan"",""origin_code"":""TW""}","{""base_performance_score"":95,""base_power_watts"":380,""base_heat_score"":73,""base_reliability_score"":78,""used_demand_score"":75,""mining_popularity_score"":84,""depreciation_rate"":8}",
maxsun-geforce-rtx-5070-ti-icraft-oc,Maxsun GeForce RTX 5070 Ti iCraft OC,GPU,Maxsun,maxsun,nvidia,Trung Quốc,CN,,Manual curated sheet v2,,MANUAL,,PCIe 5.0 x16,280,16GB GDDR7 | Vỏ Trắng Thiết Kế Họa Tiết Waifu Anime,94,280,63,65,70,84,8,,,,,"{""raw_key_specs"":""16GB GDDR7 | Vỏ Trắng Thiết Kế Họa Tiết Waifu Anime"",""socket_slot"":""PCIe 5.0 x16"",""power_watts"":280,""slot_interface"":""PCIe 5.0 x16"",""vram_gb"":16,""memory_type"":""GDDR7"",""origin_name_vi"":""Trung Quốc"",""origin_code"":""CN""}","{""base_performance_score"":94,""base_power_watts"":280,""base_heat_score"":63,""base_reliability_score"":65,""used_demand_score"":70,""mining_popularity_score"":84,""depreciation_rate"":8}",
yeston-geforce-rtx-5070-sakura-edition,Yeston GeForce RTX 5070 Sakura Edition,GPU,Yeston,yeston,nvidia,Trung Quốc,CN,,Manual curated sheet v2,,MANUAL,,PCIe 5.0 x16,220,12GB GDDR7 | Tản Nhiệt 3 Quạt Họa Tiết Hoa Anh Đào Hồng,82,220,57,65,70,68,8,,,,,"{""raw_key_specs"":""12GB GDDR7 | Tản Nhiệt 3 Quạt Họa Tiết Hoa Anh Đào Hồng"",""socket_slot"":""PCIe 5.0 x16"",""power_watts"":220,""slot_interface"":""PCIe 5.0 x16"",""vram_gb"":12,""memory_type"":""GDDR7"",""origin_name_vi"":""Trung Quốc"",""origin_code"":""CN""}","{""base_performance_score"":82,""base_power_watts"":220,""base_heat_score"":57,""base_reliability_score"":65,""used_demand_score"":70,""mining_popularity_score"":68,""depreciation_rate"":8}",
asrock-geforce-rtx-5060-ti-challenger,ASRock GeForce RTX 5060 Ti Challenger,GPU,ASRock,asrock,nvidia,Đài Loan,TW,,Manual curated sheet v2,,MANUAL,,PCIe 5.0 x16,150,8GB GDDR7 | Bản 2 Quạt Giá Rẻ Dành Cho Cấu Hình Phổ Thông,70,150,50,78,75,52,8,,,,,"{""raw_key_specs"":""8GB GDDR7 | Bản 2 Quạt Giá Rẻ Dành Cho Cấu Hình Phổ Thông"",""socket_slot"":""PCIe 5.0 x16"",""power_watts"":150,""slot_interface"":""PCIe 5.0 x16"",""vram_gb"":8,""memory_type"":""GDDR7"",""origin_name_vi"":""Đài Loan"",""origin_code"":""TW""}","{""base_performance_score"":70,""base_power_watts"":150,""base_heat_score"":50,""base_reliability_score"":78,""used_demand_score"":75,""mining_popularity_score"":52,""depreciation_rate"":8}",
colorful-geforce-rtx-5060-nb-ex,Colorful GeForce RTX 5060 NB EX,GPU,Colorful,colorful,nvidia,Trung Quốc,CN,,Manual curated sheet v2,,MANUAL,,PCIe 5.0 x8,115,8GB GDDR7 | Bản Thiết Kế Đen Đỏ Góc Cạnh Quốc Dân Đời Mới,70,115,46,65,70,52,8,,,,,"{""raw_key_specs"":""8GB GDDR7 | Bản Thiết Kế Đen Đỏ Góc Cạnh Quốc Dân Đời Mới"",""socket_slot"":""PCIe 5.0 x8"",""power_watts"":115,""slot_interface"":""PCIe 5.0 x8"",""vram_gb"":8,""memory_type"":""GDDR7"",""origin_name_vi"":""Trung Quốc"",""origin_code"":""CN""}","{""base_performance_score"":70,""base_power_watts"":115,""base_heat_score"":46,""base_reliability_score"":65,""used_demand_score"":70,""mining_popularity_score"":52,""depreciation_rate"":8}",
nvidia-blackwell-b200-nvl72-architecture,NVIDIA Blackwell B200 NVL72 Architecture,GPU,NVIDIA,nvidia,nvidia,Mỹ,US,,Manual curated sheet v2,,MANUAL,,Server Cabinet,40000,Khối Máy Chủ AI Gồm 72 GPU Blackwell Kết Nối NVLink,58,40000,100,78,75,36,8,,,,,"{""raw_key_specs"":""Khối Máy Chủ AI Gồm 72 GPU Blackwell Kết Nối NVLink"",""socket_slot"":""Server Cabinet"",""power_watts"":40000,""slot_interface"":""Server Cabinet"",""origin_name_vi"":""Mỹ"",""origin_code"":""US""}","{""base_performance_score"":58,""base_power_watts"":40000,""base_heat_score"":100,""base_reliability_score"":78,""used_demand_score"":75,""mining_popularity_score"":36,""depreciation_rate"":8}",
nvidia-grace-hopper-gh200-grace-cpu,NVIDIA Grace Hopper GH200 Grace CPU,GPU,NVIDIA,nvidia,nvidia,Mỹ,US,,Manual curated sheet v2,,MANUAL,,Siêu Máy Chủ,450,Hệ Thống Siêu Chip Kết Hợp CPU Grace Và GPU Hopper,58,450,80,78,75,36,8,,,,,"{""raw_key_specs"":""Hệ Thống Siêu Chip Kết Hợp CPU Grace Và GPU Hopper"",""socket_slot"":""Siêu Máy Chủ"",""power_watts"":450,""slot_interface"":""Siêu Máy Chủ"",""origin_name_vi"":""Mỹ"",""origin_code"":""US""}","{""base_performance_score"":58,""base_power_watts"":450,""base_heat_score"":80,""base_reliability_score"":78,""used_demand_score"":75,""mining_popularity_score"":36,""depreciation_rate"":8}",
nvidia-tensor-core-a100-80gb,NVIDIA Tensor Core A100 80GB,GPU,NVIDIA,nvidia,nvidia,Mỹ,US,,Manual curated sheet v2,,MANUAL,,PCIe 4.0 x16,300,80GB HBM2e | Huyền Thoại Chạy Mô Hình Học Sâu Deep Learning,100,300,65,78,75,100,8,,,,,"{""raw_key_specs"":""80GB HBM2e | Huyền Thoại Chạy Mô Hình Học Sâu Deep Learning"",""socket_slot"":""PCIe 4.0 x16"",""power_watts"":300,""slot_interface"":""PCIe 4.0 x16"",""vram_gb"":80,""origin_name_vi"":""Mỹ"",""origin_code"":""US""}","{""base_performance_score"":100,""base_power_watts"":300,""base_heat_score"":65,""base_reliability_score"":78,""used_demand_score"":75,""mining_popularity_score"":100,""depreciation_rate"":8}",
nvidia-data-center-gpu-l40s,NVIDIA Data Center GPU L40S,GPU,NVIDIA,nvidia,nvidia,Mỹ,US,,Manual curated sheet v2,,MANUAL,,PCIe 4.0 x16,350,48GB GDDR6 | Chuyên Dụng Cho Xử Lý Đồ Họa Đám Mây Và Generative AI,100,350,70,78,75,100,8,,,,,"{""raw_key_specs"":""48GB GDDR6 | Chuyên Dụng Cho Xử Lý Đồ Họa Đám Mây Và Generative AI"",""socket_slot"":""PCIe 4.0 x16"",""power_watts"":350,""slot_interface"":""PCIe 4.0 x16"",""vram_gb"":48,""memory_type"":""GDDR6"",""origin_name_vi"":""Mỹ"",""origin_code"":""US""}","{""base_performance_score"":100,""base_power_watts"":350,""base_heat_score"":70,""base_reliability_score"":78,""used_demand_score"":75,""mining_popularity_score"":100,""depreciation_rate"":8}",
amd-instinct-mi300x-accelerator,AMD Instinct MI300X Accelerator,GPU,AMD,amd,amd,Mỹ,US,,Manual curated sheet v2,,MANUAL,,Server Slot,750,192GB HBM3 | Siêu Chip Tính Toán Đối Đầu Trực Diện H100,100,750,100,78,75,100,8,,,,,"{""raw_key_specs"":""192GB HBM3 | Siêu Chip Tính Toán Đối Đầu Trực Diện H100"",""socket_slot"":""Server Slot"",""power_watts"":750,""slot_interface"":""Server Slot"",""vram_gb"":192,""memory_type"":""HBM3"",""origin_name_vi"":""Mỹ"",""origin_code"":""US""}","{""base_performance_score"":100,""base_power_watts"":750,""base_heat_score"":100,""base_reliability_score"":78,""used_demand_score"":75,""mining_popularity_score"":100,""depreciation_rate"":8}",
pny-geforce-rtx-5090-xlr8-gaming,PNY GeForce RTX 5090 XLR8 Gaming,GPU,PNY,pny,nvidia,Mỹ,US,,Manual curated sheet v2,,MANUAL,,PCIe 5.0 x16,600,32GB GDDR7 | Linh Kiện Chuẩn Công Nghiệp Độ Bền Siêu Cao,100,600,95,78,75,100,8,,,,,"{""raw_key_specs"":""32GB GDDR7 | Linh Kiện Chuẩn Công Nghiệp Độ Bền Siêu Cao"",""socket_slot"":""PCIe 5.0 x16"",""power_watts"":600,""slot_interface"":""PCIe 5.0 x16"",""vram_gb"":32,""memory_type"":""GDDR7"",""origin_name_vi"":""Mỹ"",""origin_code"":""US""}","{""base_performance_score"":100,""base_power_watts"":600,""base_heat_score"":95,""base_reliability_score"":78,""used_demand_score"":75,""mining_popularity_score"":100,""depreciation_rate"":8}",
gainward-geforce-rtx-5080-phoenix,Gainward GeForce RTX 5080 Phoenix,GPU,Gainward,gainward,nvidia,Đài Loan,TW,,Manual curated sheet v2,,MANUAL,,PCIe 5.0 x16,400,16GB GDDR7 | Thiết Kế Hệ Thống Đèn LED Cánh Phượng Hoàng,95,400,75,70,70,84,8,,,,,"{""raw_key_specs"":""16GB GDDR7 | Thiết Kế Hệ Thống Đèn LED Cánh Phượng Hoàng"",""socket_slot"":""PCIe 5.0 x16"",""power_watts"":400,""slot_interface"":""PCIe 5.0 x16"",""vram_gb"":16,""memory_type"":""GDDR7"",""origin_name_vi"":""Đài Loan"",""origin_code"":""TW""}","{""base_performance_score"":95,""base_power_watts"":400,""base_heat_score"":75,""base_reliability_score"":70,""used_demand_score"":70,""mining_popularity_score"":84,""depreciation_rate"":8}",
zotac-geforce-rtx-5070-ti-amp-extreme,Zotac GeForce RTX 5070 Ti AMP Extreme,GPU,Zotac,zotac,nvidia,Hong Kong,HK,,Manual curated sheet v2,,MANUAL,,PCIe 5.0 x16,300,16GB GDDR7 | Thiết Kế Bo Tròn Khổng Lồ Đèn RGB Độc Lạ,94,300,65,70,70,84,8,,,,,"{""raw_key_specs"":""16GB GDDR7 | Thiết Kế Bo Tròn Khổng Lồ Đèn RGB Độc Lạ"",""socket_slot"":""PCIe 5.0 x16"",""power_watts"":300,""slot_interface"":""PCIe 5.0 x16"",""vram_gb"":16,""memory_type"":""GDDR7"",""origin_name_vi"":""Hong Kong"",""origin_code"":""HK""}","{""base_performance_score"":94,""base_power_watts"":300,""base_heat_score"":65,""base_reliability_score"":70,""used_demand_score"":70,""mining_popularity_score"":84,""depreciation_rate"":8}",
palit-geforce-rtx-5060-dual-oc,Palit GeForce RTX 5060 Dual OC,GPU,Palit,palit,nvidia,Đài Loan,TW,,Manual curated sheet v2,,MANUAL,,PCIe 5.0 x8,125,8GB GDDR7 | Bản Ép Xung Sẵn Phân Khúc Giá Tốt Châu Âu,70,125,48,70,70,52,8,,,,,"{""raw_key_specs"":""8GB GDDR7 | Bản Ép Xung Sẵn Phân Khúc Giá Tốt Châu Âu"",""socket_slot"":""PCIe 5.0 x8"",""power_watts"":125,""slot_interface"":""PCIe 5.0 x8"",""vram_gb"":8,""memory_type"":""GDDR7"",""origin_name_vi"":""Đài Loan"",""origin_code"":""TW""}","{""base_performance_score"":70,""base_power_watts"":125,""base_heat_score"":48,""base_reliability_score"":70,""used_demand_score"":70,""mining_popularity_score"":52,""depreciation_rate"":8}",
xfx-speedster-merc310-rx-7900-xtx,XFX Speedster MERC310 RX 7900 XTX,GPU,XFX,xfx,amd,Mỹ,US,,Manual curated sheet v2,,MANUAL,,PCIe 4.0 x16,355,24GB GDDR6 | Bản Custom Nhôm Đen Nhám Hầm Hố Dài 34cm,92,355,70,78,75,100,8,,,,,"{""raw_key_specs"":""24GB GDDR6 | Bản Custom Nhôm Đen Nhám Hầm Hố Dài 34cm"",""socket_slot"":""PCIe 4.0 x16"",""power_watts"":355,""slot_interface"":""PCIe 4.0 x16"",""vram_gb"":24,""memory_type"":""GDDR6"",""origin_name_vi"":""Mỹ"",""origin_code"":""US""}","{""base_performance_score"":92,""base_power_watts"":355,""base_heat_score"":70,""base_reliability_score"":78,""used_demand_score"":75,""mining_popularity_score"":100,""depreciation_rate"":8}",
powercolor-fighter-radeon-rx-7700-xt,PowerColor Fighter Radeon RX 7700 XT,GPU,PowerColor,powercolor,amd,Đài Loan,TW,,Manual curated sheet v2,,MANUAL,,PCIe 4.0 x16,245,12GB GDDR6 | Bản 2 Quạt Giá Tiết Kiệm Cân Game 2K,82,245,60,78,75,68,8,,,,,"{""raw_key_specs"":""12GB GDDR6 | Bản 2 Quạt Giá Tiết Kiệm Cân Game 2K"",""socket_slot"":""PCIe 4.0 x16"",""power_watts"":245,""slot_interface"":""PCIe 4.0 x16"",""vram_gb"":12,""memory_type"":""GDDR6"",""origin_name_vi"":""Đài Loan"",""origin_code"":""TW""}","{""base_performance_score"":82,""base_power_watts"":245,""base_heat_score"":60,""base_reliability_score"":78,""used_demand_score"":75,""mining_popularity_score"":68,""depreciation_rate"":8}",
sapphire-pure-radeon-rx-7700-xt,Sapphire Pure Radeon RX 7700 XT,GPU,Sapphire,sapphire,amd,Hong Kong,HK,,Manual curated sheet v2,,MANUAL,,PCIe 4.0 x16,240,12GB GDDR6 | Bản Custom Thiết Kế Trắng Tinh Khôi Đèn LED Đỏ,82,240,59,78,75,68,8,,,,,"{""raw_key_specs"":""12GB GDDR6 | Bản Custom Thiết Kế Trắng Tinh Khôi Đèn LED Đỏ"",""socket_slot"":""PCIe 4.0 x16"",""power_watts"":240,""slot_interface"":""PCIe 4.0 x16"",""vram_gb"":12,""memory_type"":""GDDR6"",""origin_name_vi"":""Hong Kong"",""origin_code"":""HK""}","{""base_performance_score"":82,""base_power_watts"":240,""base_heat_score"":59,""base_reliability_score"":78,""used_demand_score"":75,""mining_popularity_score"":68,""depreciation_rate"":8}",
inno3d-geforce-rtx-4070-ti-super-twin-x2,Inno3D GeForce RTX 4070 Ti SUPER Twin X2,GPU,Inno3D,inno3d,nvidia,Hong Kong,HK,,Manual curated sheet v2,,MANUAL,,PCIe 4.0 x16,285,16GB GDDR6X | Thiết Kế 2 Quạt Hiếm Hoi Dòng Cao Cấp,86,285,64,70,70,84,8,,,,,"{""raw_key_specs"":""16GB GDDR6X | Thiết Kế 2 Quạt Hiếm Hoi Dòng Cao Cấp"",""socket_slot"":""PCIe 4.0 x16"",""power_watts"":285,""slot_interface"":""PCIe 4.0 x16"",""vram_gb"":16,""memory_type"":""GDDR6X"",""origin_name_vi"":""Hong Kong"",""origin_code"":""HK""}","{""base_performance_score"":86,""base_power_watts"":285,""base_heat_score"":64,""base_reliability_score"":70,""used_demand_score"":70,""mining_popularity_score"":84,""depreciation_rate"":8}",
peladn-geforce-rtx-3050-8gb,Peladn GeForce RTX 3050 8GB,GPU,Peladn,peladn,nvidia,Trung Quốc,CN,,Manual curated sheet v2,,MANUAL,,PCIe 4.0 x8,130,8GB GDDR6 | Card Đồ Họa Phổ Thông Giá Mềm Chống Cháy,70,130,48,55,75,72,16,,,,,"{""raw_key_specs"":""8GB GDDR6 | Card Đồ Họa Phổ Thông Giá Mềm Chống Cháy"",""socket_slot"":""PCIe 4.0 x8"",""power_watts"":130,""slot_interface"":""PCIe 4.0 x8"",""vram_gb"":8,""memory_type"":""GDDR6"",""origin_name_vi"":""Trung Quốc"",""origin_code"":""CN""}","{""base_performance_score"":70,""base_power_watts"":130,""base_heat_score"":48,""base_reliability_score"":55,""used_demand_score"":75,""mining_popularity_score"":72,""depreciation_rate"":16}",
51risc-geforce-rtx-4060-ti-mini,51Risc GeForce RTX 4060 Ti Mini,GPU,51Risc,51risc,nvidia,Trung Quốc,CN,,Manual curated sheet v2,,MANUAL,,PCIe 4.0 x8,160,8GB GDDR6 | Bản 1 Quạt Siêu Nhỏ Dành Cho Case ITX Cỏ,66,160,51,55,75,52,16,,,,,"{""raw_key_specs"":""8GB GDDR6 | Bản 1 Quạt Siêu Nhỏ Dành Cho Case ITX Cỏ"",""socket_slot"":""PCIe 4.0 x8"",""power_watts"":160,""slot_interface"":""PCIe 4.0 x8"",""vram_gb"":8,""memory_type"":""GDDR6"",""origin_name_vi"":""Trung Quốc"",""origin_code"":""CN""}","{""base_performance_score"":66,""base_power_watts"":160,""base_heat_score"":51,""base_reliability_score"":55,""used_demand_score"":75,""mining_popularity_score"":52,""depreciation_rate"":16}",
mllse-geforce-gtx-1660-super-gaming,MLLSE GeForce GTX 1660 Super Gaming,GPU,MLLSE,mllse,nvidia,Trung Quốc,CN,,Manual curated sheet v2,,MANUAL,,PCIe 3.0 x16,125,6GB GDDR6 | Card Đóng Lại Giá Rẻ Cho Phòng Net Cỏ,64,125,48,55,75,44,16,,,,,"{""raw_key_specs"":""6GB GDDR6 | Card Đóng Lại Giá Rẻ Cho Phòng Net Cỏ"",""socket_slot"":""PCIe 3.0 x16"",""power_watts"":125,""slot_interface"":""PCIe 3.0 x16"",""vram_gb"":6,""memory_type"":""GDDR6"",""origin_name_vi"":""Trung Quốc"",""origin_code"":""CN""}","{""base_performance_score"":64,""base_power_watts"":125,""base_heat_score"":48,""base_reliability_score"":55,""used_demand_score"":75,""mining_popularity_score"":44,""depreciation_rate"":16}",
aisurix-radeon-rx-590-8gb,AISURIX Radeon RX 590 8GB,GPU,AISURIX,aisurix,amd,Trung Quốc,CN,,Manual curated sheet v2,,MANUAL,,PCIe 3.0 x16,225,8GB GDDR5 | Bản Ép Xung Bản RX 580 Cũ Giá Học Sinh,25,225,58,55,80,72,16,,,,,"{""raw_key_specs"":""8GB GDDR5 | Bản Ép Xung Bản RX 580 Cũ Giá Học Sinh"",""socket_slot"":""PCIe 3.0 x16"",""power_watts"":225,""slot_interface"":""PCIe 3.0 x16"",""vram_gb"":8,""memory_type"":""GDDR5"",""origin_name_vi"":""Trung Quốc"",""origin_code"":""CN""}","{""base_performance_score"":25,""base_power_watts"":225,""base_heat_score"":58,""base_reliability_score"":55,""used_demand_score"":80,""mining_popularity_score"":72,""depreciation_rate"":16}",
intel-core-ultra-9-285t,Intel Core Ultra 9 285T,CPU,Intel,intel,intel,Mỹ,US,,Manual curated sheet v2,,MANUAL,,LGA1851,35,24 Cores 24 Threads | Phiên Bản Tiết Kiệm Điện Cho Máy Bộ,100,35,42,78,65,0,8,,,,,"{""raw_key_specs"":""24 Cores 24 Threads | Phiên Bản Tiết Kiệm Điện Cho Máy Bộ"",""socket_slot"":""LGA1851"",""power_watts"":35,""socket"":""LGA1851"",""cores"":24,""threads"":24,""origin_name_vi"":""Mỹ"",""origin_code"":""US""}","{""base_performance_score"":100,""base_power_watts"":35,""base_heat_score"":42,""base_reliability_score"":78,""used_demand_score"":65,""mining_popularity_score"":0,""depreciation_rate"":8}",
intel-core-ultra-7-265kf,Intel Core Ultra 7 265KF,CPU,Intel,intel,intel,Mỹ,US,,Manual curated sheet v2,,MANUAL,,LGA1851,125,20 Cores 20 Threads | Up to 5.5GHz | Không Có Card Onboard,100,125,74,78,65,0,8,,,,,"{""raw_key_specs"":""20 Cores 20 Threads | Up to 5.5GHz | Không Có Card Onboard"",""socket_slot"":""LGA1851"",""power_watts"":125,""socket"":""LGA1851"",""cores"":20,""threads"":20,""boost_clock_ghz"":5.5,""notes"":[""Không Có Card Onboard""],""origin_name_vi"":""Mỹ"",""origin_code"":""US""}","{""base_performance_score"":100,""base_power_watts"":125,""base_heat_score"":74,""base_reliability_score"":78,""used_demand_score"":65,""mining_popularity_score"":0,""depreciation_rate"":8}",
intel-core-ultra-5-245kf,Intel Core Ultra 5 245KF,CPU,Intel,intel,intel,Mỹ,US,,Manual curated sheet v2,,MANUAL,,LGA1851,125,14 Cores 14 Threads | Chip Core Ultra 5 Ép Xung Giá Tốt,84,125,74,78,65,0,8,,,,,"{""raw_key_specs"":""14 Cores 14 Threads | Chip Core Ultra 5 Ép Xung Giá Tốt"",""socket_slot"":""LGA1851"",""power_watts"":125,""socket"":""LGA1851"",""cores"":14,""threads"":14,""origin_name_vi"":""Mỹ"",""origin_code"":""US""}","{""base_performance_score"":84,""base_power_watts"":125,""base_heat_score"":74,""base_reliability_score"":78,""used_demand_score"":65,""mining_popularity_score"":0,""depreciation_rate"":8}",
intel-core-i9-14900f,Intel Core i9-14900F,CPU,Intel,intel,intel,Mỹ,US,,Manual curated sheet v2,,MANUAL,,LGA1700,65,24 Cores 32 Threads | Bản Không Ép Xung Cân Game Đồ Họa,100,65,53,78,65,0,8,,,,,"{""raw_key_specs"":""24 Cores 32 Threads | Bản Không Ép Xung Cân Game Đồ Họa"",""socket_slot"":""LGA1700"",""power_watts"":65,""socket"":""LGA1700"",""cores"":24,""threads"":32,""origin_name_vi"":""Mỹ"",""origin_code"":""US""}","{""base_performance_score"":100,""base_power_watts"":65,""base_heat_score"":53,""base_reliability_score"":78,""used_demand_score"":65,""mining_popularity_score"":0,""depreciation_rate"":8}",
intel-core-i7-13700f,Intel Core i7-13700F,CPU,Intel,intel,intel,Mỹ,US,,Manual curated sheet v2,,MANUAL,,LGA1700,65,16 Cores 24 Threads | Đi Với Tản Khí Tầm Trung Mượt Mà,92,65,53,78,65,0,8,,,,,"{""raw_key_specs"":""16 Cores 24 Threads | Đi Với Tản Khí Tầm Trung Mượt Mà"",""socket_slot"":""LGA1700"",""power_watts"":65,""socket"":""LGA1700"",""cores"":16,""threads"":24,""origin_name_vi"":""Mỹ"",""origin_code"":""US""}","{""base_performance_score"":92,""base_power_watts"":65,""base_heat_score"":53,""base_reliability_score"":78,""used_demand_score"":65,""mining_popularity_score"":0,""depreciation_rate"":8}",
intel-core-i5-13500,Intel Core i5-13500,CPU,Intel,intel,intel,Mỹ,US,,Manual curated sheet v2,,MANUAL,,LGA1700,65,14 Cores 20 Threads | Vua Đa Nhiệm Phân Khúc Làm Việc Phổ Thông,84,65,53,78,65,0,8,,,,,"{""raw_key_specs"":""14 Cores 20 Threads | Vua Đa Nhiệm Phân Khúc Làm Việc Phổ Thông"",""socket_slot"":""LGA1700"",""power_watts"":65,""socket"":""LGA1700"",""cores"":14,""threads"":20,""origin_name_vi"":""Mỹ"",""origin_code"":""US""}","{""base_performance_score"":84,""base_power_watts"":65,""base_heat_score"":53,""base_reliability_score"":78,""used_demand_score"":65,""mining_popularity_score"":0,""depreciation_rate"":8}",
intel-core-i3-14100,Intel Core i3-14100,CPU,Intel,intel,intel,Mỹ,US,,Manual curated sheet v2,,MANUAL,,LGA1700,60,4 Cores 8 Threads | Có Sẵn UHD Graphics 730 Máy Văn Phòng,44,60,51,78,65,0,8,,,,,"{""raw_key_specs"":""4 Cores 8 Threads | Có Sẵn UHD Graphics 730 Máy Văn Phòng"",""socket_slot"":""LGA1700"",""power_watts"":60,""socket"":""LGA1700"",""cores"":4,""threads"":8,""origin_name_vi"":""Mỹ"",""origin_code"":""US""}","{""base_performance_score"":44,""base_power_watts"":60,""base_heat_score"":51,""base_reliability_score"":78,""used_demand_score"":65,""mining_popularity_score"":0,""depreciation_rate"":8}",
intel-core-i5-11400,Intel Core i5-11400,CPU,Intel,intel,intel,Mỹ,US,,Manual curated sheet v2,,MANUAL,,LGA1200,65,6 Cores 12 Threads | Có Card Onboard Chống Cháy Đời Cũ,52,65,53,78,65,0,8,,,,,"{""raw_key_specs"":""6 Cores 12 Threads | Có Card Onboard Chống Cháy Đời Cũ"",""socket_slot"":""LGA1200"",""power_watts"":65,""socket"":""LGA1200"",""cores"":6,""threads"":12,""origin_name_vi"":""Mỹ"",""origin_code"":""US""}","{""base_performance_score"":52,""base_power_watts"":65,""base_heat_score"":53,""base_reliability_score"":78,""used_demand_score"":65,""mining_popularity_score"":0,""depreciation_rate"":8}",
intel-core-i7-10700,Intel Core i7-10700,CPU,Intel,intel,intel,Mỹ,US,,Manual curated sheet v2,,MANUAL,,LGA1200,65,8 Cores 16 Threads | Combo Máy Cũ Hiệu Năng Tốt Đa Nhiệm,60,65,53,78,65,0,8,,,,,"{""raw_key_specs"":""8 Cores 16 Threads | Combo Máy Cũ Hiệu Năng Tốt Đa Nhiệm"",""socket_slot"":""LGA1200"",""power_watts"":65,""socket"":""LGA1200"",""cores"":8,""threads"":16,""origin_name_vi"":""Mỹ"",""origin_code"":""US""}","{""base_performance_score"":60,""base_power_watts"":65,""base_heat_score"":53,""base_reliability_score"":78,""used_demand_score"":65,""mining_popularity_score"":0,""depreciation_rate"":8}",
intel-core-i3-10100f,Intel Core i3-10100F,CPU,Intel,intel,intel,Mỹ,US,,Manual curated sheet v2,,MANUAL,,LGA1200,65,4 Cores 8 Threads | Huyền Thoại Máy Cỏ Chống Điếc Cho Game Thủ,44,65,53,78,65,0,8,,,,,"{""raw_key_specs"":""4 Cores 8 Threads | Huyền Thoại Máy Cỏ Chống Điếc Cho Game Thủ"",""socket_slot"":""LGA1200"",""power_watts"":65,""socket"":""LGA1200"",""cores"":4,""threads"":8,""origin_name_vi"":""Mỹ"",""origin_code"":""US""}","{""base_performance_score"":44,""base_power_watts"":65,""base_heat_score"":53,""base_reliability_score"":78,""used_demand_score"":65,""mining_popularity_score"":0,""depreciation_rate"":8}",
intel-core-i7-4770,Intel Core i7-4770,CPU,Intel,intel,intel,Mỹ,US,,Manual curated sheet v2,,MANUAL,,LGA1150,84,4 Cores 8 Threads | Chip Máy Cũ Cày Cuốc Giả Lập Một Thời,44,84,59,78,65,0,8,,,,,"{""raw_key_specs"":""4 Cores 8 Threads | Chip Máy Cũ Cày Cuốc Giả Lập Một Thời"",""socket_slot"":""LGA1150"",""power_watts"":84,""socket"":""LGA1150"",""cores"":4,""threads"":8,""origin_name_vi"":""Mỹ"",""origin_code"":""US""}","{""base_performance_score"":44,""base_power_watts"":84,""base_heat_score"":59,""base_reliability_score"":78,""used_demand_score"":65,""mining_popularity_score"":0,""depreciation_rate"":8}",
intel-core-i5-4440,Intel Core i5-4440,CPU,Intel,intel,intel,Mỹ,US,,Manual curated sheet v2,,MANUAL,,LGA1150,84,4 Cores 4 Threads | Linh Kiện Siêu Cỏ Chiến Game Esport Nhẹ,44,84,59,78,65,0,8,,,,,"{""raw_key_specs"":""4 Cores 4 Threads | Linh Kiện Siêu Cỏ Chiến Game Esport Nhẹ"",""socket_slot"":""LGA1150"",""power_watts"":84,""socket"":""LGA1150"",""cores"":4,""threads"":4,""origin_name_vi"":""Mỹ"",""origin_code"":""US""}","{""base_performance_score"":44,""base_power_watts"":84,""base_heat_score"":59,""base_reliability_score"":78,""used_demand_score"":65,""mining_popularity_score"":0,""depreciation_rate"":8}",
intel-core-i7-2600k,Intel Core i7-2600K,CPU,Intel,intel,intel,Mỹ,US,,Manual curated sheet v2,,MANUAL,,LGA1155,95,4 Cores 8 Threads | Huyền Thoại Ép Xung Sandy Bridge Đời Đầu,44,95,63,78,65,0,8,,,,,"{""raw_key_specs"":""4 Cores 8 Threads | Huyền Thoại Ép Xung Sandy Bridge Đời Đầu"",""socket_slot"":""LGA1155"",""power_watts"":95,""socket"":""LGA1155"",""cores"":4,""threads"":8,""origin_name_vi"":""Mỹ"",""origin_code"":""US""}","{""base_performance_score"":44,""base_power_watts"":95,""base_heat_score"":63,""base_reliability_score"":78,""used_demand_score"":65,""mining_popularity_score"":0,""depreciation_rate"":8}",
intel-xeon-e5-2680-v3,Intel Xeon E5-2680 v3,CPU,Intel,intel,intel,Mỹ,US,,Manual curated sheet v2,,MANUAL,,LGA2011-3,120,12 Cores 24 Threads | Chuyên Cắm Máy Treo Game Võ Lâm Treo Web,76,120,72,73,75,0,16,,,,,"{""raw_key_specs"":""12 Cores 24 Threads | Chuyên Cắm Máy Treo Game Võ Lâm Treo Web"",""socket_slot"":""LGA2011-3"",""power_watts"":120,""socket"":""LGA2011-3"",""cores"":12,""threads"":24,""origin_name_vi"":""Mỹ"",""origin_code"":""US""}","{""base_performance_score"":76,""base_power_watts"":120,""base_heat_score"":72,""base_reliability_score"":73,""used_demand_score"":75,""mining_popularity_score"":0,""depreciation_rate"":16}",
intel-xeon-e5-2678-v3,Intel Xeon E5-2678 v3,CPU,Intel,intel,intel,Mỹ,US,,Manual curated sheet v2,,MANUAL,,LGA2011-3,120,12 Cores 24 Threads | Dòng Xeon Chạy Được Cả RAM DDR3 Và DDR4,76,120,72,73,75,0,16,,,,,"{""raw_key_specs"":""12 Cores 24 Threads | Dòng Xeon Chạy Được Cả RAM DDR3 Và DDR4"",""socket_slot"":""LGA2011-3"",""power_watts"":120,""socket"":""LGA2011-3"",""cores"":12,""threads"":24,""origin_name_vi"":""Mỹ"",""origin_code"":""US""}","{""base_performance_score"":76,""base_power_watts"":120,""base_heat_score"":72,""base_reliability_score"":73,""used_demand_score"":75,""mining_popularity_score"":0,""depreciation_rate"":16}",
amd-ryzen-7-9700x,AMD Ryzen 7 9700X,CPU,AMD,amd,amd,Mỹ,US,,Manual curated sheet v2,,MANUAL,,AM5,65,8 Cores 16 Threads | Kiến Trúc Zen 5 Mới Siêu Tiết Kiệm Điện,60,65,53,78,65,0,8,,,,,"{""raw_key_specs"":""8 Cores 16 Threads | Kiến Trúc Zen 5 Mới Siêu Tiết Kiệm Điện"",""socket_slot"":""AM5"",""power_watts"":65,""socket"":""AM5"",""cores"":8,""threads"":16,""origin_name_vi"":""Mỹ"",""origin_code"":""US""}","{""base_performance_score"":60,""base_power_watts"":65,""base_heat_score"":53,""base_reliability_score"":78,""used_demand_score"":65,""mining_popularity_score"":0,""depreciation_rate"":8}",
amd-ryzen-9-7900,AMD Ryzen 9 7900,CPU,AMD,amd,amd,Mỹ,US,,Manual curated sheet v2,,MANUAL,,AM5,65,12 Cores 24 Threads | Phiên Bản Mát Mẻ Không Cần Tản Nước Khủng,76,65,53,78,65,0,8,,,,,"{""raw_key_specs"":""12 Cores 24 Threads | Phiên Bản Mát Mẻ Không Cần Tản Nước Khủng"",""socket_slot"":""AM5"",""power_watts"":65,""socket"":""AM5"",""cores"":12,""threads"":24,""origin_name_vi"":""Mỹ"",""origin_code"":""US""}","{""base_performance_score"":76,""base_power_watts"":65,""base_heat_score"":53,""base_reliability_score"":78,""used_demand_score"":65,""mining_popularity_score"":0,""depreciation_rate"":8}",
amd-ryzen-5-7500f,AMD Ryzen 5 7500F,CPU,AMD,amd,amd,Mỹ,US,,Manual curated sheet v2,,MANUAL,,AM5,65,6 Cores 12 Threads | Lược Bỏ Card Tích Hợp Để Giá Rẻ Nhất AM5,52,65,53,78,65,0,8,,,,,"{""raw_key_specs"":""6 Cores 12 Threads | Lược Bỏ Card Tích Hợp Để Giá Rẻ Nhất AM5"",""socket_slot"":""AM5"",""power_watts"":65,""socket"":""AM5"",""cores"":6,""threads"":12,""origin_name_vi"":""Mỹ"",""origin_code"":""US""}","{""base_performance_score"":52,""base_power_watts"":65,""base_heat_score"":53,""base_reliability_score"":78,""used_demand_score"":65,""mining_popularity_score"":0,""depreciation_rate"":8}",
amd-ryzen-7-5700x3d,AMD Ryzen 7 5700X3D,CPU,AMD,amd,amd,Mỹ,US,,Manual curated sheet v2,,MANUAL,,AM4,105,8 Cores 16 Threads | Cứu Cánh Cho Game Thủ Hệ Máy AM4 Đời Cũ,70,105,67,78,80,0,8,,,,,"{""raw_key_specs"":""8 Cores 16 Threads | Cứu Cánh Cho Game Thủ Hệ Máy AM4 Đời Cũ"",""socket_slot"":""AM4"",""power_watts"":105,""socket"":""AM4"",""cores"":8,""threads"":16,""origin_name_vi"":""Mỹ"",""origin_code"":""US""}","{""base_performance_score"":70,""base_power_watts"":105,""base_heat_score"":67,""base_reliability_score"":78,""used_demand_score"":80,""mining_popularity_score"":0,""depreciation_rate"":8}",
amd-ryzen-5-3600,AMD Ryzen 5 3600,CPU,AMD,amd,amd,Mỹ,US,,Manual curated sheet v2,,MANUAL,,AM4,65,6 Cores 12 Threads | Con Chip Quốc Dân Thời Kỳ Zen 2 Cho Máy Cỏ,52,65,53,78,65,0,8,,,,,"{""raw_key_specs"":""6 Cores 12 Threads | Con Chip Quốc Dân Thời Kỳ Zen 2 Cho Máy Cỏ"",""socket_slot"":""AM4"",""power_watts"":65,""socket"":""AM4"",""cores"":6,""threads"":12,""origin_name_vi"":""Mỹ"",""origin_code"":""US""}","{""base_performance_score"":52,""base_power_watts"":65,""base_heat_score"":53,""base_reliability_score"":78,""used_demand_score"":65,""mining_popularity_score"":0,""depreciation_rate"":8}",
amd-fx-8320,AMD FX-8320,CPU,AMD,amd,amd,Mỹ,US,,Manual curated sheet v2,,MANUAL,,AM3+,125,8 Cores 8 Threads | Chip 8 Nhân Thực Đời Cũ Ngốn Điện Tỏa Nhiệt Cao,60,125,74,78,65,0,8,,,,,"{""raw_key_specs"":""8 Cores 8 Threads | Chip 8 Nhân Thực Đời Cũ Ngốn Điện Tỏa Nhiệt Cao"",""socket_slot"":""AM3+"",""power_watts"":125,""socket"":""AM3+"",""cores"":8,""threads"":8,""origin_name_vi"":""Mỹ"",""origin_code"":""US""}","{""base_performance_score"":60,""base_power_watts"":125,""base_heat_score"":74,""base_reliability_score"":78,""used_demand_score"":65,""mining_popularity_score"":0,""depreciation_rate"":8}",
corsair-dominator-titanium-rgb-32gb,Corsair Dominator Titanium RGB 32GB,RAM,Corsair,corsair,,Mỹ,US,,Manual curated sheet v2,,MANUAL,,DDR5 Slot,6,2x16GB | DDR5 | 7200MHz | Phiên Bản Đen Nhám Cao Cấp,100,6,38,78,75,0,8,,,,,"{""raw_key_specs"":""2x16GB | DDR5 | 7200MHz | Phiên Bản Đen Nhám Cao Cấp"",""socket_slot"":""DDR5 Slot"",""power_watts"":6,""module_count"":2,""module_capacity_gb"":16,""capacity_gb"":32,""kit_config"":""2x16GB"",""memory_type"":""DDR5"",""speed_mhz"":7200,""origin_name_vi"":""Mỹ"",""origin_code"":""US""}","{""base_performance_score"":100,""base_power_watts"":6,""base_heat_score"":38,""base_reliability_score"":78,""used_demand_score"":75,""mining_popularity_score"":0,""depreciation_rate"":8}",
corsair-vengeance-lpx-64gb,Corsair Vengeance LPX 64GB,RAM,Corsair,corsair,,Mỹ,US,,Manual curated sheet v2,,MANUAL,,DDR4 Slot,5,2x32GB | DDR4 | 3200MHz | Dung Lượng Khủng Cho Máy Đồ Họa Cũ,100,5,35,78,75,0,8,,,,,"{""raw_key_specs"":""2x32GB | DDR4 | 3200MHz | Dung Lượng Khủng Cho Máy Đồ Họa Cũ"",""socket_slot"":""DDR4 Slot"",""power_watts"":5,""module_count"":2,""module_capacity_gb"":32,""capacity_gb"":64,""kit_config"":""2x32GB"",""memory_type"":""DDR4"",""speed_mhz"":3200,""origin_name_vi"":""Mỹ"",""origin_code"":""US""}","{""base_performance_score"":100,""base_power_watts"":5,""base_heat_score"":35,""base_reliability_score"":78,""used_demand_score"":75,""mining_popularity_score"":0,""depreciation_rate"":8}",
corsair-vengeance-rgb-ddr4-16gb,Corsair Vengeance RGB DDR4 16GB,RAM,Corsair,corsair,,Mỹ,US,,Manual curated sheet v2,,MANUAL,,DDR4 Slot,4,2x8GB | DDR4 | 3200MHz | Kit RAM LED Đẹp Giá Phổ Thông,65,4,32,78,75,0,8,,,,,"{""raw_key_specs"":""2x8GB | DDR4 | 3200MHz | Kit RAM LED Đẹp Giá Phổ Thông"",""socket_slot"":""DDR4 Slot"",""power_watts"":4,""module_count"":2,""module_capacity_gb"":8,""capacity_gb"":16,""kit_config"":""2x8GB"",""memory_type"":""DDR4"",""speed_mhz"":3200,""origin_name_vi"":""Mỹ"",""origin_code"":""US""}","{""base_performance_score"":65,""base_power_watts"":4,""base_heat_score"":32,""base_reliability_score"":78,""used_demand_score"":75,""mining_popularity_score"":0,""depreciation_rate"":8}",
g-skill-trident-z5-royal-gold-32gb,G.Skill Trident Z5 Royal Gold 32GB,RAM,G.Skill,g-skill,,Đài Loan,TW,,Manual curated sheet v2,,MANUAL,,DDR5 Slot,6,2x16GB | DDR5 | 8000MHz | Viền Tản Nhôm Mạ Vàng Luxury,100,6,38,70,70,0,8,,,,,"{""raw_key_specs"":""2x16GB | DDR5 | 8000MHz | Viền Tản Nhôm Mạ Vàng Luxury"",""socket_slot"":""DDR5 Slot"",""power_watts"":6,""module_count"":2,""module_capacity_gb"":16,""capacity_gb"":32,""kit_config"":""2x16GB"",""memory_type"":""DDR5"",""speed_mhz"":8000,""origin_name_vi"":""Đài Loan"",""origin_code"":""TW""}","{""base_performance_score"":100,""base_power_watts"":6,""base_heat_score"":38,""base_reliability_score"":70,""used_demand_score"":70,""mining_popularity_score"":0,""depreciation_rate"":8}",
g-skill-trident-z5-neo-rgb-32gb,G.Skill Trident Z5 Neo RGB 32GB,RAM,G.Skill,g-skill,,Đài Loan,TW,,Manual curated sheet v2,,MANUAL,,DDR5 Slot,5,2x16GB | DDR5 | 6000MHz | Tối Ưu Cho Cấu Hình AMD EXPO,100,5,35,70,70,0,8,,,,,"{""raw_key_specs"":""2x16GB | DDR5 | 6000MHz | Tối Ưu Cho Cấu Hình AMD EXPO"",""socket_slot"":""DDR5 Slot"",""power_watts"":5,""module_count"":2,""module_capacity_gb"":16,""capacity_gb"":32,""kit_config"":""2x16GB"",""memory_type"":""DDR5"",""speed_mhz"":6000,""origin_name_vi"":""Đài Loan"",""origin_code"":""TW""}","{""base_performance_score"":100,""base_power_watts"":5,""base_heat_score"":35,""base_reliability_score"":70,""used_demand_score"":70,""mining_popularity_score"":0,""depreciation_rate"":8}",
g-skill-ripjaws-s5-32gb,G.Skill Ripjaws S5 32GB,RAM,G.Skill,g-skill,,Đài Loan,TW,,Manual curated sheet v2,,MANUAL,,DDR5 Slot,4,2x16GB | DDR5 | 5600MHz | Tản Nhôm Nhỏ Gọn Không Vướng Tản Khí,100,4,32,70,70,0,8,,,,,"{""raw_key_specs"":""2x16GB | DDR5 | 5600MHz | Tản Nhôm Nhỏ Gọn Không Vướng Tản Khí"",""socket_slot"":""DDR5 Slot"",""power_watts"":4,""module_count"":2,""module_capacity_gb"":16,""capacity_gb"":32,""kit_config"":""2x16GB"",""memory_type"":""DDR5"",""speed_mhz"":5600,""origin_name_vi"":""Đài Loan"",""origin_code"":""TW""}","{""base_performance_score"":100,""base_power_watts"":4,""base_heat_score"":32,""base_reliability_score"":70,""used_demand_score"":70,""mining_popularity_score"":0,""depreciation_rate"":8}",
g-skill-trident-z-neo-32gb,G.Skill Trident Z Neo 32GB,RAM,G.Skill,g-skill,,Đài Loan,TW,,Manual curated sheet v2,,MANUAL,,DDR4 Slot,4,2x16GB | DDR4 | 3600MHz | Thiết Kế 2 Tông Màu Cho Máy AMD Cũ,82,4,32,70,70,0,8,,,,,"{""raw_key_specs"":""2x16GB | DDR4 | 3600MHz | Thiết Kế 2 Tông Màu Cho Máy AMD Cũ"",""socket_slot"":""DDR4 Slot"",""power_watts"":4,""module_count"":2,""module_capacity_gb"":16,""capacity_gb"":32,""kit_config"":""2x16GB"",""memory_type"":""DDR4"",""speed_mhz"":3600,""origin_name_vi"":""Đài Loan"",""origin_code"":""TW""}","{""base_performance_score"":82,""base_power_watts"":4,""base_heat_score"":32,""base_reliability_score"":70,""used_demand_score"":70,""mining_popularity_score"":0,""depreciation_rate"":8}",
g-skill-ripjaws-v-8gb,G.Skill Ripjaws V 8GB,RAM,G.Skill,g-skill,,Đài Loan,TW,,Manual curated sheet v2,,MANUAL,,DDR4 Slot,3,1x8GB | DDR4 | 3200MHz | Thanh Cỏ Tản Thép Đỏ Răng Cưa Phổ Biến,58,3,29,70,70,0,8,,,,,"{""raw_key_specs"":""1x8GB | DDR4 | 3200MHz | Thanh Cỏ Tản Thép Đỏ Răng Cưa Phổ Biến"",""socket_slot"":""DDR4 Slot"",""power_watts"":3,""module_count"":1,""module_capacity_gb"":8,""capacity_gb"":8,""kit_config"":""1x8GB"",""memory_type"":""DDR4"",""speed_mhz"":3200,""origin_name_vi"":""Đài Loan"",""origin_code"":""TW""}","{""base_performance_score"":58,""base_power_watts"":3,""base_heat_score"":29,""base_reliability_score"":70,""used_demand_score"":70,""mining_popularity_score"":0,""depreciation_rate"":8}",
kingston-fury-renegade-rgb-ddr5-64gb,Kingston FURY Renegade RGB DDR5 64GB,RAM,Kingston,kingston,,Mỹ,US,,Manual curated sheet v2,,MANUAL,,DDR5 Slot,6,2x32GB | DDR5 | 6000MHz | Băng Thông Siêu Rộng Đa Nhiệm,100,6,38,78,75,0,8,,,,,"{""raw_key_specs"":""2x32GB | DDR5 | 6000MHz | Băng Thông Siêu Rộng Đa Nhiệm"",""socket_slot"":""DDR5 Slot"",""power_watts"":6,""module_count"":2,""module_capacity_gb"":32,""capacity_gb"":64,""kit_config"":""2x32GB"",""memory_type"":""DDR5"",""speed_mhz"":6000,""origin_name_vi"":""Mỹ"",""origin_code"":""US""}","{""base_performance_score"":100,""base_power_watts"":6,""base_heat_score"":38,""base_reliability_score"":78,""used_demand_score"":75,""mining_popularity_score"":0,""depreciation_rate"":8}",
kingston-fury-beast-white-rgb-16gb,Kingston FURY Beast White RGB 16GB,RAM,Kingston,kingston,,Mỹ,US,,Manual curated sheet v2,,MANUAL,,DDR4 Slot,4,2x8GB | DDR4 | 3200MHz | Kit RAM Tông Màu Trắng Led Đẹp,65,4,32,78,75,0,8,,,,,"{""raw_key_specs"":""2x8GB | DDR4 | 3200MHz | Kit RAM Tông Màu Trắng Led Đẹp"",""socket_slot"":""DDR4 Slot"",""power_watts"":4,""module_count"":2,""module_capacity_gb"":8,""capacity_gb"":16,""kit_config"":""2x8GB"",""memory_type"":""DDR4"",""speed_mhz"":3200,""origin_name_vi"":""Mỹ"",""origin_code"":""US""}","{""base_performance_score"":65,""base_power_watts"":4,""base_heat_score"":32,""base_reliability_score"":78,""used_demand_score"":75,""mining_popularity_score"":0,""depreciation_rate"":8}",
kingston-valueram-ddr4-8gb,Kingston ValueRAM DDR4 8GB,RAM,Kingston,kingston,,Mỹ,US,,Manual curated sheet v2,,MANUAL,,DDR4 Slot,3,1x8GB | DDR4 | 3200MHz | RAM Trần Không Giáp Cho Máy Văn Phòng,58,3,29,78,75,0,8,,,,,"{""raw_key_specs"":""1x8GB | DDR4 | 3200MHz | RAM Trần Không Giáp Cho Máy Văn Phòng"",""socket_slot"":""DDR4 Slot"",""power_watts"":3,""module_count"":1,""module_capacity_gb"":8,""capacity_gb"":8,""kit_config"":""1x8GB"",""memory_type"":""DDR4"",""speed_mhz"":3200,""origin_name_vi"":""Mỹ"",""origin_code"":""US""}","{""base_performance_score"":58,""base_power_watts"":3,""base_heat_score"":29,""base_reliability_score"":78,""used_demand_score"":75,""mining_popularity_score"":0,""depreciation_rate"":8}",
teamgroup-t-force-delta-rgb-ddr4-16gb,TeamGroup T-Force Delta RGB DDR4 16GB,RAM,TeamGroup,teamgroup,,Đài Loan,TW,,Manual curated sheet v2,,MANUAL,,DDR4 Slot,4,2x8GB | DDR4 | 3200MHz | Dải Đèn LED Góc Rộng Cực Sáng,65,4,32,70,70,0,8,,,,,"{""raw_key_specs"":""2x8GB | DDR4 | 3200MHz | Dải Đèn LED Góc Rộng Cực Sáng"",""socket_slot"":""DDR4 Slot"",""power_watts"":4,""module_count"":2,""module_capacity_gb"":8,""capacity_gb"":16,""kit_config"":""2x8GB"",""memory_type"":""DDR4"",""speed_mhz"":3200,""origin_name_vi"":""Đài Loan"",""origin_code"":""TW""}","{""base_performance_score"":65,""base_power_watts"":4,""base_heat_score"":32,""base_reliability_score"":70,""used_demand_score"":70,""mining_popularity_score"":0,""depreciation_rate"":8}",
teamgroup-t-create-classic-16gb,TeamGroup T-Create Classic 16GB,RAM,TeamGroup,teamgroup,,Đài Loan,TW,,Manual curated sheet v2,,MANUAL,,DDR4 Slot,4,2x8GB | DDR4 | 3200MHz | Tản Nhôm Bạc Tối Giản Cho Creator,65,4,32,70,70,0,8,,,,,"{""raw_key_specs"":""2x8GB | DDR4 | 3200MHz | Tản Nhôm Bạc Tối Giản Cho Creator"",""socket_slot"":""DDR4 Slot"",""power_watts"":4,""module_count"":2,""module_capacity_gb"":8,""capacity_gb"":16,""kit_config"":""2x8GB"",""memory_type"":""DDR4"",""speed_mhz"":3200,""origin_name_vi"":""Đài Loan"",""origin_code"":""TW""}","{""base_performance_score"":65,""base_power_watts"":4,""base_heat_score"":32,""base_reliability_score"":70,""used_demand_score"":70,""mining_popularity_score"":0,""depreciation_rate"":8}",
crucial-pro-ddr5-black-48gb,Crucial Pro DDR5 Black 48GB,RAM,Crucial,crucial,,Mỹ,US,,Manual curated sheet v2,,MANUAL,,DDR5 Slot,5,2x24GB | DDR5 | 5600MHz | Dung Lượng Mới Lạ Không Trùng Lặp,100,5,35,78,75,0,8,,,,,"{""raw_key_specs"":""2x24GB | DDR5 | 5600MHz | Dung Lượng Mới Lạ Không Trùng Lặp"",""socket_slot"":""DDR5 Slot"",""power_watts"":5,""module_count"":2,""module_capacity_gb"":24,""capacity_gb"":48,""kit_config"":""2x24GB"",""memory_type"":""DDR5"",""speed_mhz"":5600,""origin_name_vi"":""Mỹ"",""origin_code"":""US""}","{""base_performance_score"":100,""base_power_watts"":5,""base_heat_score"":35,""base_reliability_score"":78,""used_demand_score"":75,""mining_popularity_score"":0,""depreciation_rate"":8}",
crucial-ct16g4dfd824a-16gb,Crucial CT16G4DFD824A 16GB,RAM,Crucial,crucial,,Mỹ,US,,Manual curated sheet v2,,MANUAL,,DDR4 Slot,3,1x16GB | DDR4 | 2400MHz | RAM Trần Dung Lượng Cao Lắp Máy Server Cỏ,57,3,29,78,75,0,8,,,,,"{""raw_key_specs"":""1x16GB | DDR4 | 2400MHz | RAM Trần Dung Lượng Cao Lắp Máy Server Cỏ"",""socket_slot"":""DDR4 Slot"",""power_watts"":3,""module_count"":1,""module_capacity_gb"":16,""capacity_gb"":16,""kit_config"":""1x16GB"",""memory_type"":""DDR4"",""speed_mhz"":2400,""origin_name_vi"":""Mỹ"",""origin_code"":""US""}","{""base_performance_score"":57,""base_power_watts"":3,""base_heat_score"":29,""base_reliability_score"":78,""used_demand_score"":75,""mining_popularity_score"":0,""depreciation_rate"":8}",
patriot-viper-steel-rgb-32gb,Patriot Viper Steel RGB 32GB,RAM,Patriot,patriot,,Mỹ,US,,Manual curated sheet v2,,MANUAL,,DDR4 Slot,4,2x16GB | DDR4 | 3600MHz | Thiết Kế Hầm Hố Ép Xung Cực Tốt,82,4,32,70,70,0,8,,,,,"{""raw_key_specs"":""2x16GB | DDR4 | 3600MHz | Thiết Kế Hầm Hố Ép Xung Cực Tốt"",""socket_slot"":""DDR4 Slot"",""power_watts"":4,""module_count"":2,""module_capacity_gb"":16,""capacity_gb"":32,""kit_config"":""2x16GB"",""memory_type"":""DDR4"",""speed_mhz"":3600,""origin_name_vi"":""Mỹ"",""origin_code"":""US""}","{""base_performance_score"":82,""base_power_watts"":4,""base_heat_score"":32,""base_reliability_score"":70,""used_demand_score"":70,""mining_popularity_score"":0,""depreciation_rate"":8}",
lexar-thor-oc-ddr4-16gb,Lexar Thor OC DDR4 16GB,RAM,Lexar,lexar,,Mỹ,US,,Manual curated sheet v2,,MANUAL,,DDR4 Slot,4,2x8GB | DDR4 | 3200MHz | Tản Thép Xám Chuẩn P/P Cho Máy Gaming Cỏ,65,4,32,70,70,0,8,,,,,"{""raw_key_specs"":""2x8GB | DDR4 | 3200MHz | Tản Thép Xám Chuẩn P/P Cho Máy Gaming Cỏ"",""socket_slot"":""DDR4 Slot"",""power_watts"":4,""module_count"":2,""module_capacity_gb"":8,""capacity_gb"":16,""kit_config"":""2x8GB"",""memory_type"":""DDR4"",""speed_mhz"":3200,""origin_name_vi"":""Mỹ"",""origin_code"":""US""}","{""base_performance_score"":65,""base_power_watts"":4,""base_heat_score"":32,""base_reliability_score"":70,""used_demand_score"":70,""mining_popularity_score"":0,""depreciation_rate"":8}",
kingmax-zeus-rgb-ddr4-32gb,Kingmax Zeus RGB DDR4 32GB,RAM,Kingmax,kingmax,,Đài Loan,TW,,Manual curated sheet v2,,MANUAL,,DDR4 Slot,4,2x16GB | DDR4 | 3200MHz | Bản Có Đèn Giá Tiết Kiệm Linh Kiện Bền,78,4,32,70,70,0,8,,,,,"{""raw_key_specs"":""2x16GB | DDR4 | 3200MHz | Bản Có Đèn Giá Tiết Kiệm Linh Kiện Bền"",""socket_slot"":""DDR4 Slot"",""power_watts"":4,""module_count"":2,""module_capacity_gb"":16,""capacity_gb"":32,""kit_config"":""2x16GB"",""memory_type"":""DDR4"",""speed_mhz"":3200,""origin_name_vi"":""Đài Loan"",""origin_code"":""TW""}","{""base_performance_score"":78,""base_power_watts"":4,""base_heat_score"":32,""base_reliability_score"":70,""used_demand_score"":70,""mining_popularity_score"":0,""depreciation_rate"":8}",
hiksemi-armor-ddr4-8gb,Hiksemi Armor DDR4 8GB,RAM,Hiksemi,hiksemi,,Trung Quốc,CN,,Manual curated sheet v2,,MANUAL,,DDR4 Slot,3,1x8GB | DDR4 | 3200MHz | RAM Cỏ Giá Rẻ Phổ Biến Ở Cửa Hàng Việt,58,3,29,55,75,0,16,,,,,"{""raw_key_specs"":""1x8GB | DDR4 | 3200MHz | RAM Cỏ Giá Rẻ Phổ Biến Ở Cửa Hàng Việt"",""socket_slot"":""DDR4 Slot"",""power_watts"":3,""module_count"":1,""module_capacity_gb"":8,""capacity_gb"":8,""kit_config"":""1x8GB"",""memory_type"":""DDR4"",""speed_mhz"":3200,""origin_name_vi"":""Trung Quốc"",""origin_code"":""CN""}","{""base_performance_score"":58,""base_power_watts"":3,""base_heat_score"":29,""base_reliability_score"":55,""used_demand_score"":75,""mining_popularity_score"":0,""depreciation_rate"":16}",
netac-shadow-ii-ddr4-16gb,Netac Shadow II DDR4 16GB,RAM,Netac,netac,,Trung Quốc,CN,,Manual curated sheet v2,,MANUAL,,DDR4 Slot,3,2x8GB | DDR4 | 3200MHz | Tản Thép Ngựa Chiến Không LED Giá Rẻ,65,3,29,55,75,0,16,,,,,"{""raw_key_specs"":""2x8GB | DDR4 | 3200MHz | Tản Thép Ngựa Chiến Không LED Giá Rẻ"",""socket_slot"":""DDR4 Slot"",""power_watts"":3,""module_count"":2,""module_capacity_gb"":8,""capacity_gb"":16,""kit_config"":""2x8GB"",""memory_type"":""DDR4"",""speed_mhz"":3200,""origin_name_vi"":""Trung Quốc"",""origin_code"":""CN""}","{""base_performance_score"":65,""base_power_watts"":3,""base_heat_score"":29,""base_reliability_score"":55,""used_demand_score"":75,""mining_popularity_score"":0,""depreciation_rate"":16}",
juhor-slayer-rgb-ddr4-32gb,Juhor Slayer RGB DDR4 32GB,RAM,Juhor,juhor,,Trung Quốc,CN,,Manual curated sheet v2,,MANUAL,,DDR4 Slot,4,2x16GB | DDR4 | 3600MHz | In Hình Waifu Anime Độc Lạ Nội Địa,82,4,32,55,75,0,16,,,,,"{""raw_key_specs"":""2x16GB | DDR4 | 3600MHz | In Hình Waifu Anime Độc Lạ Nội Địa"",""socket_slot"":""DDR4 Slot"",""power_watts"":4,""module_count"":2,""module_capacity_gb"":16,""capacity_gb"":32,""kit_config"":""2x16GB"",""memory_type"":""DDR4"",""speed_mhz"":3600,""origin_name_vi"":""Trung Quốc"",""origin_code"":""CN""}","{""base_performance_score"":82,""base_power_watts"":4,""base_heat_score"":32,""base_reliability_score"":55,""used_demand_score"":75,""mining_popularity_score"":0,""depreciation_rate"":16}",
asgard-freyr-t3-ddr5-32gb,Asgard Freyr T3 DDR5 32GB,RAM,Asgard,asgard,,Trung Quốc,CN,,Manual curated sheet v2,,MANUAL,,DDR5 Slot,5,2x16GB | DDR5 | 5200MHz | Tản Nhôm Bạc Thiết Kế Khối Bắc Âu,98,5,35,55,75,0,16,,,,,"{""raw_key_specs"":""2x16GB | DDR5 | 5200MHz | Tản Nhôm Bạc Thiết Kế Khối Bắc Âu"",""socket_slot"":""DDR5 Slot"",""power_watts"":5,""module_count"":2,""module_capacity_gb"":16,""capacity_gb"":32,""kit_config"":""2x16GB"",""memory_type"":""DDR5"",""speed_mhz"":5200,""origin_name_vi"":""Trung Quốc"",""origin_code"":""CN""}","{""base_performance_score"":98,""base_power_watts"":5,""base_heat_score"":35,""base_reliability_score"":55,""used_demand_score"":75,""mining_popularity_score"":0,""depreciation_rate"":16}",
klevv-cras-x-rgb-ddr5-32gb,Klevv Cras X RGB DDR5 32GB,RAM,Klevv,klevv,,Hàn Quốc,KR,,Manual curated sheet v2,,MANUAL,,DDR5 Slot,5,2x16GB | DDR5 | 6000MHz | Khối Đèn LED Như Thạch Thủy Tinh Đẹp,100,5,35,70,70,0,8,,,,,"{""raw_key_specs"":""2x16GB | DDR5 | 6000MHz | Khối Đèn LED Như Thạch Thủy Tinh Đẹp"",""socket_slot"":""DDR5 Slot"",""power_watts"":5,""module_count"":2,""module_capacity_gb"":16,""capacity_gb"":32,""kit_config"":""2x16GB"",""memory_type"":""DDR5"",""speed_mhz"":6000,""origin_name_vi"":""Hàn Quốc"",""origin_code"":""KR""}","{""base_performance_score"":100,""base_power_watts"":5,""base_heat_score"":35,""base_reliability_score"":70,""used_demand_score"":70,""mining_popularity_score"":0,""depreciation_rate"":8}",
samsung-990-pro-heatsink-1tb,Samsung 990 PRO HeatSink 1TB,STORAGE,Samsung,samsung,,Hàn Quốc,KR,,Manual curated sheet v2,,MANUAL,,M.2 NVMe Slot,7,NVMe PCIe Gen 4.0 | Bản Có Sẵn Tản Nhôm Gắn Cho PS5/PC Khủng,55,7,41,78,75,0,8,,,,,"{""raw_key_specs"":""NVMe PCIe Gen 4.0 | Bản Có Sẵn Tản Nhôm Gắn Cho PS5/PC Khủng"",""socket_slot"":""M.2 NVMe Slot"",""power_watts"":7,""storage_type"":""NVME_SSD"",""capacity_gb"":1000,""pcie_generation"":""4.0"",""form_factor"":""M.2"",""origin_name_vi"":""Hàn Quốc"",""origin_code"":""KR""}","{""base_performance_score"":55,""base_power_watts"":7,""base_heat_score"":41,""base_reliability_score"":78,""used_demand_score"":75,""mining_popularity_score"":0,""depreciation_rate"":8}",
samsung-980-pro-2tb,Samsung 980 PRO 2TB,STORAGE,Samsung,samsung,,Hàn Quốc,KR,,Manual curated sheet v2,,MANUAL,,M.2 NVMe Slot,8,NVMe PCIe Gen 4.0 | Dung Lượng Lớn Dòng Cao Cấp Thế Hệ Trước,55,8,44,78,75,0,8,,,,,"{""raw_key_specs"":""NVMe PCIe Gen 4.0 | Dung Lượng Lớn Dòng Cao Cấp Thế Hệ Trước"",""socket_slot"":""M.2 NVMe Slot"",""power_watts"":8,""storage_type"":""NVME_SSD"",""capacity_gb"":2000,""pcie_generation"":""4.0"",""form_factor"":""M.2"",""origin_name_vi"":""Hàn Quốc"",""origin_code"":""KR""}","{""base_performance_score"":55,""base_power_watts"":8,""base_heat_score"":44,""base_reliability_score"":78,""used_demand_score"":75,""mining_popularity_score"":0,""depreciation_rate"":8}",
samsung-970-evo-plus-500gb,Samsung 970 EVO Plus 500GB,STORAGE,Samsung,samsung,,Hàn Quốc,KR,,Manual curated sheet v2,,MANUAL,,M.2 NVMe Slot,6,NVMe PCIe Gen 3.0 | Ổ Cài Hệ Điều Hành Hoạt Động Siêu Bền,55,6,38,78,75,0,8,,,,,"{""raw_key_specs"":""NVMe PCIe Gen 3.0 | Ổ Cài Hệ Điều Hành Hoạt Động Siêu Bền"",""socket_slot"":""M.2 NVMe Slot"",""power_watts"":6,""storage_type"":""NVME_SSD"",""capacity_gb"":500,""pcie_generation"":""3.0"",""form_factor"":""M.2"",""origin_name_vi"":""Hàn Quốc"",""origin_code"":""KR""}","{""base_performance_score"":55,""base_power_watts"":6,""base_heat_score"":38,""base_reliability_score"":78,""used_demand_score"":75,""mining_popularity_score"":0,""depreciation_rate"":8}",
samsung-870-evo-sata-250gb,Samsung 870 EVO SATA 250GB,STORAGE,Samsung,samsung,,Hàn Quốc,KR,,Manual curated sheet v2,,MANUAL,,SATA 3 Port,4,SSD 2.5 inch | Dung Lượng Nhỏ Độ Bền Cao Cho Máy Văn Phòng,35,4,32,78,75,0,8,,,,,"{""raw_key_specs"":""SSD 2.5 inch | Dung Lượng Nhỏ Độ Bền Cao Cho Máy Văn Phòng"",""socket_slot"":""SATA 3 Port"",""power_watts"":4,""storage_type"":""SATA_SSD"",""capacity_gb"":250,""form_factor"":""2.5 inch"",""origin_name_vi"":""Hàn Quốc"",""origin_code"":""KR""}","{""base_performance_score"":35,""base_power_watts"":4,""base_heat_score"":32,""base_reliability_score"":78,""used_demand_score"":75,""mining_popularity_score"":0,""depreciation_rate"":8}",
sk-hynix-platinum-p41-1tb,SK Hynix Platinum P41 1TB,STORAGE,SK Hynix,sk-hynix,,Hàn Quốc,KR,,Manual curated sheet v2,,MANUAL,,M.2 NVMe Slot,8,NVMe PCIe Gen 4.0 | Tốc Độ 7500MB/s Linh Kiện Chuẩn Hàn Quốc,55,8,44,78,75,0,8,,,,,"{""raw_key_specs"":""NVMe PCIe Gen 4.0 | Tốc Độ 7500MB/s Linh Kiện Chuẩn Hàn Quốc"",""socket_slot"":""M.2 NVMe Slot"",""power_watts"":8,""storage_type"":""NVME_SSD"",""capacity_gb"":1000,""pcie_generation"":""4.0"",""form_factor"":""M.2"",""origin_name_vi"":""Hàn Quốc"",""origin_code"":""KR""}","{""base_performance_score"":55,""base_power_watts"":8,""base_heat_score"":44,""base_reliability_score"":78,""used_demand_score"":75,""mining_popularity_score"":0,""depreciation_rate"":8}",
crucial-t700-pcie-gen-5-1tb,Crucial T700 PCIe Gen 5 1TB,STORAGE,Crucial,crucial,,Mỹ,US,,Manual curated sheet v2,,MANUAL,,M.2 NVMe Slot,11,NVMe PCIe Gen 5.0 | Siêu Tốc Độ Đọc Ghi Vượt Ngưỡng 11700MB/s,55,11,53,78,75,0,8,,,,,"{""raw_key_specs"":""NVMe PCIe Gen 5.0 | Siêu Tốc Độ Đọc Ghi Vượt Ngưỡng 11700MB/s"",""socket_slot"":""M.2 NVMe Slot"",""power_watts"":11,""storage_type"":""NVME_SSD"",""capacity_gb"":1000,""pcie_generation"":""5.0"",""form_factor"":""M.2"",""origin_name_vi"":""Mỹ"",""origin_code"":""US""}","{""base_performance_score"":55,""base_power_watts"":11,""base_heat_score"":53,""base_reliability_score"":78,""used_demand_score"":75,""mining_popularity_score"":0,""depreciation_rate"":8}",
crucial-p3-plus-nvme-2tb,Crucial P3 Plus NVMe 2TB,STORAGE,Crucial,crucial,,Mỹ,US,,Manual curated sheet v2,,MANUAL,,M.2 NVMe Slot,6,NVMe PCIe Gen 4.0 | Không Gian Lưu Game Dung Lượng Lớn Giá Rẻ,55,6,38,78,75,0,8,,,,,"{""raw_key_specs"":""NVMe PCIe Gen 4.0 | Không Gian Lưu Game Dung Lượng Lớn Giá Rẻ"",""socket_slot"":""M.2 NVMe Slot"",""power_watts"":6,""storage_type"":""NVME_SSD"",""capacity_gb"":2000,""pcie_generation"":""4.0"",""form_factor"":""M.2"",""origin_name_vi"":""Mỹ"",""origin_code"":""US""}","{""base_performance_score"":55,""base_power_watts"":6,""base_heat_score"":38,""base_reliability_score"":78,""used_demand_score"":75,""mining_popularity_score"":0,""depreciation_rate"":8}",
crucial-bx500-sata-1tb,Crucial BX500 SATA 1TB,STORAGE,Crucial,crucial,,Mỹ,US,,Manual curated sheet v2,,MANUAL,,SATA 3 Port,4,SSD 2.5 inch Vỏ Nhựa | Dùng Thay Thế Ổ Cơ Cho Các Dàn PC Cũ Mềm,35,4,32,78,75,0,8,,,,,"{""raw_key_specs"":""SSD 2.5 inch Vỏ Nhựa | Dùng Thay Thế Ổ Cơ Cho Các Dàn PC Cũ Mềm"",""socket_slot"":""SATA 3 Port"",""power_watts"":4,""storage_type"":""SATA_SSD"",""capacity_gb"":1000,""form_factor"":""2.5 inch"",""origin_name_vi"":""Mỹ"",""origin_code"":""US""}","{""base_performance_score"":35,""base_power_watts"":4,""base_heat_score"":32,""base_reliability_score"":78,""used_demand_score"":75,""mining_popularity_score"":0,""depreciation_rate"":8}",
western-digital-wd-black-sn850x-1tb,Western Digital WD_BLACK SN850X 1TB,STORAGE,Western Digital,western-digital,,Mỹ,US,,Manual curated sheet v2,,MANUAL,,M.2 NVMe Slot,8,NVMe PCIe Gen 4.0 | Tốc Độ Tối Ưu Cho Game Thủ Tryhard,55,8,44,78,75,0,8,,,,,"{""raw_key_specs"":""NVMe PCIe Gen 4.0 | Tốc Độ Tối Ưu Cho Game Thủ Tryhard"",""socket_slot"":""M.2 NVMe Slot"",""power_watts"":8,""storage_type"":""NVME_SSD"",""capacity_gb"":1000,""pcie_generation"":""4.0"",""form_factor"":""M.2"",""origin_name_vi"":""Mỹ"",""origin_code"":""US""}","{""base_performance_score"":55,""base_power_watts"":8,""base_heat_score"":44,""base_reliability_score"":78,""used_demand_score"":75,""mining_popularity_score"":0,""depreciation_rate"":8}",
western-digital-wd-green-sn350-2tb,Western Digital WD Green SN350 2TB,STORAGE,Western Digital,western-digital,,Mỹ,US,,Manual curated sheet v2,,MANUAL,,M.2 NVMe Slot,5,NVMe PCIe Gen 3.0 | Giải Pháp Lưu Trữ Cỏ Dung Lượng Cao,55,5,35,78,75,0,8,,,,,"{""raw_key_specs"":""NVMe PCIe Gen 3.0 | Giải Pháp Lưu Trữ Cỏ Dung Lượng Cao"",""socket_slot"":""M.2 NVMe Slot"",""power_watts"":5,""storage_type"":""NVME_SSD"",""capacity_gb"":2000,""pcie_generation"":""3.0"",""form_factor"":""M.2"",""origin_name_vi"":""Mỹ"",""origin_code"":""US""}","{""base_performance_score"":55,""base_power_watts"":5,""base_heat_score"":35,""base_reliability_score"":78,""used_demand_score"":75,""mining_popularity_score"":0,""depreciation_rate"":8}",
western-digital-wd-caviar-blue-500gb-hdd,Western Digital WD Caviar Blue 500GB HDD,STORAGE,Western Digital,western-digital,,Mỹ,US,,Manual curated sheet v2,,MANUAL,,SATA 3 Port,5,Ổ Cứng Cơ 3.5 inch | Ổ Cỏ Giá Rẻ Lắp Máy Học Sinh,20,5,35,78,75,0,8,,,,,"{""raw_key_specs"":""Ổ Cứng Cơ 3.5 inch | Ổ Cỏ Giá Rẻ Lắp Máy Học Sinh"",""socket_slot"":""SATA 3 Port"",""power_watts"":5,""storage_type"":""HDD"",""capacity_gb"":500,""form_factor"":""3.5 inch"",""origin_name_vi"":""Mỹ"",""origin_code"":""US""}","{""base_performance_score"":20,""base_power_watts"":5,""base_heat_score"":35,""base_reliability_score"":78,""used_demand_score"":75,""mining_popularity_score"":0,""depreciation_rate"":8}",
western-digital-wd-purple-6tb-hdd,Western Digital WD Purple 6TB HDD,STORAGE,Western Digital,western-digital,,Mỹ,US,,Manual curated sheet v2,,MANUAL,,SATA 3 Port,7,Ổ Cơ 3.5 inch | Chuyên Dụng Thiết Bị Ghi Hình Chạy Đêm Ngày,20,7,41,78,75,0,8,,,,,"{""raw_key_specs"":""Ổ Cơ 3.5 inch | Chuyên Dụng Thiết Bị Ghi Hình Chạy Đêm Ngày"",""socket_slot"":""SATA 3 Port"",""power_watts"":7,""storage_type"":""HDD"",""capacity_gb"":6000,""form_factor"":""3.5 inch"",""origin_name_vi"":""Mỹ"",""origin_code"":""US""}","{""base_performance_score"":20,""base_power_watts"":7,""base_heat_score"":41,""base_reliability_score"":78,""used_demand_score"":75,""mining_popularity_score"":0,""depreciation_rate"":8}",
western-digital-wd-ultrastar-14tb-hdd,Western Digital WD Ultrastar 14TB HDD,STORAGE,Western Digital,western-digital,,Mỹ,US,,Manual curated sheet v2,,MANUAL,,SATA 3 Port,10,Ổ Cơ Doanh Nghiệp Khổng Lồ Chạy Hệ Thống Lưu Trữ,20,10,50,78,75,0,8,,,,,"{""raw_key_specs"":""Ổ Cơ Doanh Nghiệp Khổng Lồ Chạy Hệ Thống Lưu Trữ"",""socket_slot"":""SATA 3 Port"",""power_watts"":10,""storage_type"":""HDD"",""capacity_gb"":14000,""origin_name_vi"":""Mỹ"",""origin_code"":""US""}","{""base_performance_score"":20,""base_power_watts"":10,""base_heat_score"":50,""base_reliability_score"":78,""used_demand_score"":75,""mining_popularity_score"":0,""depreciation_rate"":8}",
sandisk-ultra-3d-500gb,SanDisk Ultra 3D 500GB,STORAGE,SanDisk,sandisk,,Mỹ,US,,Manual curated sheet v2,,MANUAL,,SATA 3 Port,4,SSD 2.5 inch SATA 3 | Bản Tầm Trung Chip Nhớ Bền Bỉ Đọc Ghi Mượt,35,4,32,70,70,0,8,,,,,"{""raw_key_specs"":""SSD 2.5 inch SATA 3 | Bản Tầm Trung Chip Nhớ Bền Bỉ Đọc Ghi Mượt"",""socket_slot"":""SATA 3 Port"",""power_watts"":4,""storage_type"":""SATA_SSD"",""capacity_gb"":500,""form_factor"":""2.5 inch"",""origin_name_vi"":""Mỹ"",""origin_code"":""US""}","{""base_performance_score"":35,""base_power_watts"":4,""base_heat_score"":32,""base_reliability_score"":70,""used_demand_score"":70,""mining_popularity_score"":0,""depreciation_rate"":8}",
kingston-kc3000-nvme-2tb,Kingston KC3000 NVMe 2TB,STORAGE,Kingston,kingston,,Mỹ,US,,Manual curated sheet v2,,MANUAL,,M.2 NVMe Slot,8,NVMe PCIe Gen 4.0 | Bản Dung Lượng Cao Đọc Ghi Đồ Họa Nặng,55,8,44,78,75,0,8,,,,,"{""raw_key_specs"":""NVMe PCIe Gen 4.0 | Bản Dung Lượng Cao Đọc Ghi Đồ Họa Nặng"",""socket_slot"":""M.2 NVMe Slot"",""power_watts"":8,""storage_type"":""NVME_SSD"",""capacity_gb"":2000,""pcie_generation"":""4.0"",""form_factor"":""M.2"",""origin_name_vi"":""Mỹ"",""origin_code"":""US""}","{""base_performance_score"":55,""base_power_watts"":8,""base_heat_score"":44,""base_reliability_score"":78,""used_demand_score"":75,""mining_popularity_score"":0,""depreciation_rate"":8}",
kingston-nv2-pcie-gen4-2tb,Kingston NV2 PCIe Gen4 2TB,STORAGE,Kingston,kingston,,Mỹ,US,,Manual curated sheet v2,,MANUAL,,M.2 NVMe Slot,6,NVMe PCIe Gen 4.0 | Vua Dung Lượng Giá Rẻ Cho Game Thủ Cỏ,55,6,38,78,75,0,8,,,,,"{""raw_key_specs"":""NVMe PCIe Gen 4.0 | Vua Dung Lượng Giá Rẻ Cho Game Thủ Cỏ"",""socket_slot"":""M.2 NVMe Slot"",""power_watts"":6,""storage_type"":""NVME_SSD"",""capacity_gb"":2000,""pcie_generation"":""4.0"",""form_factor"":""M.2"",""origin_name_vi"":""Mỹ"",""origin_code"":""US""}","{""base_performance_score"":55,""base_power_watts"":6,""base_heat_score"":38,""base_reliability_score"":78,""used_demand_score"":75,""mining_popularity_score"":0,""depreciation_rate"":8}",
kingston-a400-sata-240gb,Kingston A400 SATA 240GB,STORAGE,Kingston,kingston,,Mỹ,US,,Manual curated sheet v2,,MANUAL,,SATA 3 Port,3,SSD 2.5 inch | Ổ Cứng Cứu Cánh Cho Toàn Bộ Máy Tính Đời Cũ,35,3,29,78,75,0,8,,,,,"{""raw_key_specs"":""SSD 2.5 inch | Ổ Cứng Cứu Cánh Cho Toàn Bộ Máy Tính Đời Cũ"",""socket_slot"":""SATA 3 Port"",""power_watts"":3,""storage_type"":""SATA_SSD"",""capacity_gb"":240,""form_factor"":""2.5 inch"",""origin_name_vi"":""Mỹ"",""origin_code"":""US""}","{""base_performance_score"":35,""base_power_watts"":3,""base_heat_score"":29,""base_reliability_score"":78,""used_demand_score"":75,""mining_popularity_score"":0,""depreciation_rate"":8}",
lexar-nm790-nvme-2tb,Lexar NM790 NVMe 2TB,STORAGE,Lexar,lexar,,Mỹ,US,,Manual curated sheet v2,,MANUAL,,M.2 NVMe Slot,7,NVMe PCIe Gen 4.0 | Bản Đọc Ghi Tốc Cao Không Cần Giáp Tản Cực Mát,55,7,41,70,70,0,8,,,,,"{""raw_key_specs"":""NVMe PCIe Gen 4.0 | Bản Đọc Ghi Tốc Cao Không Cần Giáp Tản Cực Mát"",""socket_slot"":""M.2 NVMe Slot"",""power_watts"":7,""storage_type"":""NVME_SSD"",""capacity_gb"":2000,""pcie_generation"":""4.0"",""form_factor"":""M.2"",""origin_name_vi"":""Mỹ"",""origin_code"":""US""}","{""base_performance_score"":55,""base_power_watts"":7,""base_heat_score"":41,""base_reliability_score"":70,""used_demand_score"":70,""mining_popularity_score"":0,""depreciation_rate"":8}",
lexar-nm620-pcie-256gb,Lexar NM620 PCIe 256GB,STORAGE,Lexar,lexar,,Mỹ,US,,Manual curated sheet v2,,MANUAL,,M.2 NVMe Slot,4,NVMe PCIe Gen 3.0 | Bản Giá Rẻ Nhất Chỉ Để Cài Win Cho Máy Gaming,55,4,32,70,70,0,8,,,,,"{""raw_key_specs"":""NVMe PCIe Gen 3.0 | Bản Giá Rẻ Nhất Chỉ Để Cài Win Cho Máy Gaming"",""socket_slot"":""M.2 NVMe Slot"",""power_watts"":4,""storage_type"":""NVME_SSD"",""capacity_gb"":256,""pcie_generation"":""3.0"",""form_factor"":""M.2"",""origin_name_vi"":""Mỹ"",""origin_code"":""US""}","{""base_performance_score"":55,""base_power_watts"":4,""base_heat_score"":32,""base_reliability_score"":70,""used_demand_score"":70,""mining_popularity_score"":0,""depreciation_rate"":8}",
lexar-ns100-sata-480gb,Lexar NS100 SATA 480GB,STORAGE,Lexar,lexar,,Mỹ,US,,Manual curated sheet v2,,MANUAL,,SATA 3 Port,3,SSD 2.5 inch | Ổ Cứng Thay Thế Phổ Biến Cho Máy Tính Văn Phòng,35,3,29,70,70,0,8,,,,,"{""raw_key_specs"":""SSD 2.5 inch | Ổ Cứng Thay Thế Phổ Biến Cho Máy Tính Văn Phòng"",""socket_slot"":""SATA 3 Port"",""power_watts"":3,""storage_type"":""SATA_SSD"",""capacity_gb"":480,""form_factor"":""2.5 inch"",""origin_name_vi"":""Mỹ"",""origin_code"":""US""}","{""base_performance_score"":35,""base_power_watts"":3,""base_heat_score"":29,""base_reliability_score"":70,""used_demand_score"":70,""mining_popularity_score"":0,""depreciation_rate"":8}",
seagate-barracuda-4tb-hdd,Seagate Barracuda 4TB HDD,STORAGE,Seagate,seagate,,Mỹ,US,,Manual curated sheet v2,,MANUAL,,SATA 3 Port,7,Ổ Cứng Cơ 3.5 inch | Không Gian Lưu Trữ Phim Ảnh Dữ Liệu Lớn,20,7,41,70,70,0,8,,,,,"{""raw_key_specs"":""Ổ Cứng Cơ 3.5 inch | Không Gian Lưu Trữ Phim Ảnh Dữ Liệu Lớn"",""socket_slot"":""SATA 3 Port"",""power_watts"":7,""storage_type"":""HDD"",""capacity_gb"":4000,""form_factor"":""3.5 inch"",""origin_name_vi"":""Mỹ"",""origin_code"":""US""}","{""base_performance_score"":20,""base_power_watts"":7,""base_heat_score"":41,""base_reliability_score"":70,""used_demand_score"":70,""mining_popularity_score"":0,""depreciation_rate"":8}",
seagate-barracuda-pro-6tb-hdd,Seagate Barracuda Pro 6TB HDD,STORAGE,Seagate,seagate,,Mỹ,US,,Manual curated sheet v2,,MANUAL,,SATA 3 Port,8,Ổ Cơ 7200RPM Bộ Nhớ Đệm Lớn Phục Vụ Xử Lý Đồ Họa Cũ,20,8,44,70,70,0,8,,,,,"{""raw_key_specs"":""Ổ Cơ 7200RPM Bộ Nhớ Đệm Lớn Phục Vụ Xử Lý Đồ Họa Cũ"",""socket_slot"":""SATA 3 Port"",""power_watts"":8,""storage_type"":""HDD"",""capacity_gb"":6000,""rpm"":7200,""origin_name_vi"":""Mỹ"",""origin_code"":""US""}","{""base_performance_score"":20,""base_power_watts"":8,""base_heat_score"":44,""base_reliability_score"":70,""used_demand_score"":70,""mining_popularity_score"":0,""depreciation_rate"":8}",
seagate-ironwolf-pro-18tb-hdd,Seagate IronWolf Pro 18TB HDD,STORAGE,Seagate,seagate,,Mỹ,US,,Manual curated sheet v2,,MANUAL,,SATA 3 Port,11,Ổ Cứng Cơ Siêu Quái Vật Khổng Lồ Cho Hệ Thống Trạm Đám Mây,20,11,53,70,70,0,8,,,,,"{""raw_key_specs"":""Ổ Cứng Cơ Siêu Quái Vật Khổng Lồ Cho Hệ Thống Trạm Đám Mây"",""socket_slot"":""SATA 3 Port"",""power_watts"":11,""storage_type"":""HDD"",""capacity_gb"":18000,""origin_name_vi"":""Mỹ"",""origin_code"":""US""}","{""base_performance_score"":20,""base_power_watts"":11,""base_heat_score"":53,""base_reliability_score"":70,""used_demand_score"":70,""mining_popularity_score"":0,""depreciation_rate"":8}",
kioxia-exceria-g2-nvme-500gb,Kioxia Exceria G2 NVMe 500GB,STORAGE,Kioxia,kioxia,,Nhật Bản,JP,,Manual curated sheet v2,,MANUAL,,M.2 NVMe Slot,4,NVMe PCIe Gen 3.0 | Bản Ngon Bổ Rẻ Có Sẵn DRAM Cài Win Mượt,55,4,32,78,75,0,8,,,,,"{""raw_key_specs"":""NVMe PCIe Gen 3.0 | Bản Ngon Bổ Rẻ Có Sẵn DRAM Cài Win Mượt"",""socket_slot"":""M.2 NVMe Slot"",""power_watts"":4,""storage_type"":""NVME_SSD"",""capacity_gb"":500,""pcie_generation"":""3.0"",""form_factor"":""M.2"",""origin_name_vi"":""Nhật Bản"",""origin_code"":""JP""}","{""base_performance_score"":55,""base_power_watts"":4,""base_heat_score"":32,""base_reliability_score"":78,""used_demand_score"":75,""mining_popularity_score"":0,""depreciation_rate"":8}",
adata-su650-sata-480gb,ADATA SU650 SATA 480GB,STORAGE,ADATA,adata,,Đài Loan,TW,,Manual curated sheet v2,,MANUAL,,SATA 3 Port,4,SSD 2.5 inch SATA 3 | Bản Giá Rẻ Vỏ Nhựa Phổ Biến Cửa Hàng,35,4,32,70,70,0,8,,,,,"{""raw_key_specs"":""SSD 2.5 inch SATA 3 | Bản Giá Rẻ Vỏ Nhựa Phổ Biến Cửa Hàng"",""socket_slot"":""SATA 3 Port"",""power_watts"":4,""storage_type"":""SATA_SSD"",""capacity_gb"":480,""form_factor"":""2.5 inch"",""origin_name_vi"":""Đài Loan"",""origin_code"":""TW""}","{""base_performance_score"":35,""base_power_watts"":4,""base_heat_score"":32,""base_reliability_score"":70,""used_demand_score"":70,""mining_popularity_score"":0,""depreciation_rate"":8}",
teamgroup-mp33-nvme-512gb,TeamGroup MP33 NVMe 512GB,STORAGE,TeamGroup,teamgroup,,Đài Loan,TW,,Manual curated sheet v2,,MANUAL,,M.2 NVMe Slot,4,NVMe PCIe Gen 3.0 | Ổ NVMe Giá Rẻ Ổn Định Phân Khúc Thấp,55,4,32,70,70,0,8,,,,,"{""raw_key_specs"":""NVMe PCIe Gen 3.0 | Ổ NVMe Giá Rẻ Ổn Định Phân Khúc Thấp"",""socket_slot"":""M.2 NVMe Slot"",""power_watts"":4,""storage_type"":""NVME_SSD"",""capacity_gb"":512,""pcie_generation"":""3.0"",""form_factor"":""M.2"",""origin_name_vi"":""Đài Loan"",""origin_code"":""TW""}","{""base_performance_score"":55,""base_power_watts"":4,""base_heat_score"":32,""base_reliability_score"":70,""used_demand_score"":70,""mining_popularity_score"":0,""depreciation_rate"":8}",
silicon-power-slim-s55-240gb,Silicon Power Slim S55 240GB,STORAGE,Silicon Power,silicon-power,,Đài Loan,TW,,Manual curated sheet v2,,MANUAL,,SATA 3 Port,3,SSD 2.5 inch | Ổ Cỏ Nâng Cấp Tốc Độ Cho Cấu Hình Cũ,35,3,29,70,70,0,8,,,,,"{""raw_key_specs"":""SSD 2.5 inch | Ổ Cỏ Nâng Cấp Tốc Độ Cho Cấu Hình Cũ"",""socket_slot"":""SATA 3 Port"",""power_watts"":3,""storage_type"":""SATA_SSD"",""capacity_gb"":240,""form_factor"":""2.5 inch"",""origin_name_vi"":""Đài Loan"",""origin_code"":""TW""}","{""base_performance_score"":35,""base_power_watts"":3,""base_heat_score"":29,""base_reliability_score"":70,""used_demand_score"":70,""mining_popularity_score"":0,""depreciation_rate"":8}",
hiksemi-wave-pro-sata-256gb,Hiksemi Wave Pro SATA 256GB,STORAGE,Hiksemi,hiksemi,,Trung Quốc,CN,,Manual curated sheet v2,,MANUAL,,SATA 3 Port,3,SSD 2.5 inch | Ổ Cỏ Nội Địa Siêu Tiết Kiệm Ngân Sách,35,3,29,55,75,0,16,,,,,"{""raw_key_specs"":""SSD 2.5 inch | Ổ Cỏ Nội Địa Siêu Tiết Kiệm Ngân Sách"",""socket_slot"":""SATA 3 Port"",""power_watts"":3,""storage_type"":""SATA_SSD"",""capacity_gb"":256,""form_factor"":""2.5 inch"",""origin_name_vi"":""Trung Quốc"",""origin_code"":""CN""}","{""base_performance_score"":35,""base_power_watts"":3,""base_heat_score"":29,""base_reliability_score"":55,""used_demand_score"":75,""mining_popularity_score"":0,""depreciation_rate"":16}",
netac-n535s-sata-240gb,Netac N535S SATA 240GB,STORAGE,Netac,netac,,Trung Quốc,CN,,Manual curated sheet v2,,MANUAL,,SATA 3 Port,3,SSD 2.5 inch SATA | Ổ Cứng Giá Rẻ Phổ Thừa Máy Văn Phòng,35,3,29,55,75,0,16,,,,,"{""raw_key_specs"":""SSD 2.5 inch SATA | Ổ Cứng Giá Rẻ Phổ Thừa Máy Văn Phòng"",""socket_slot"":""SATA 3 Port"",""power_watts"":3,""storage_type"":""SATA_SSD"",""capacity_gb"":240,""form_factor"":""2.5 inch"",""origin_name_vi"":""Trung Quốc"",""origin_code"":""CN""}","{""base_performance_score"":35,""base_power_watts"":3,""base_heat_score"":29,""base_reliability_score"":55,""used_demand_score"":75,""mining_popularity_score"":0,""depreciation_rate"":16}",
fanxiang-s101-sata-512gb,Fanxiang S101 SATA 512GB,STORAGE,Fanxiang,fanxiang,,Trung Quốc,CN,,Manual curated sheet v2,,MANUAL,,SATA 3 Port,4,SSD 2.5 inch | Họa Tiết Đỏ Đen Giá Sập Sàn Thương Mại,35,4,32,55,75,0,16,,,,,"{""raw_key_specs"":""SSD 2.5 inch | Họa Tiết Đỏ Đen Giá Sập Sàn Thương Mại"",""socket_slot"":""SATA 3 Port"",""power_watts"":4,""storage_type"":""SATA_SSD"",""capacity_gb"":512,""form_factor"":""2.5 inch"",""origin_name_vi"":""Trung Quốc"",""origin_code"":""CN""}","{""base_performance_score"":35,""base_power_watts"":4,""base_heat_score"":32,""base_reliability_score"":55,""used_demand_score"":75,""mining_popularity_score"":0,""depreciation_rate"":16}",
kingspec-nvme-pcie-512gb,Kingspec NVMe PCIe 512GB,STORAGE,Kingspec,kingspec,,Trung Quốc,CN,,Manual curated sheet v2,,MANUAL,,M.2 NVMe Slot,4,NVMe PCIe Gen 3.0 | Ổ M.2 Tốc Độ Vừa Phải Cho PC Gaming Rẻ,55,4,32,55,75,0,16,,,,,"{""raw_key_specs"":""NVMe PCIe Gen 3.0 | Ổ M.2 Tốc Độ Vừa Phải Cho PC Gaming Rẻ"",""socket_slot"":""M.2 NVMe Slot"",""power_watts"":4,""storage_type"":""NVME_SSD"",""capacity_gb"":512,""pcie_generation"":""3.0"",""form_factor"":""M.2"",""origin_name_vi"":""Trung Quốc"",""origin_code"":""CN""}","{""base_performance_score"":55,""base_power_watts"":4,""base_heat_score"":32,""base_reliability_score"":55,""used_demand_score"":75,""mining_popularity_score"":0,""depreciation_rate"":16}",
somnambulist-sata-iii-120gb,Somnambulist SATA III 120GB,STORAGE,Somnambulist,somnambulist,,Trung Quốc,CN,,Manual curated sheet v2,,MANUAL,,SATA 3 Port,3,SSD Cỏ Siêu Rẻ Chỉ Hơn Một Trăm Ngàn Đồng Trên Shopee,35,3,29,55,75,0,16,,,,,"{""raw_key_specs"":""SSD Cỏ Siêu Rẻ Chỉ Hơn Một Trăm Ngàn Đồng Trên Shopee"",""socket_slot"":""SATA 3 Port"",""power_watts"":3,""storage_type"":""SATA_SSD"",""capacity_gb"":120,""origin_name_vi"":""Trung Quốc"",""origin_code"":""CN""}","{""base_performance_score"":35,""base_power_watts"":3,""base_heat_score"":29,""base_reliability_score"":55,""used_demand_score"":75,""mining_popularity_score"":0,""depreciation_rate"":16}",
xraydisk-nvme-m-2-512gb,XrayDisk NVMe M.2 512GB,STORAGE,XrayDisk,xraydisk,,Trung Quốc,CN,,Manual curated sheet v2,,MANUAL,,M.2 NVMe Slot,4,NVMe PCIe Gen 3.0 | Ổ Cứng Giá Phá Đáy Cho Cấu Hình Học Sinh,55,4,32,55,75,0,16,,,,,"{""raw_key_specs"":""NVMe PCIe Gen 3.0 | Ổ Cứng Giá Phá Đáy Cho Cấu Hình Học Sinh"",""socket_slot"":""M.2 NVMe Slot"",""power_watts"":4,""storage_type"":""NVME_SSD"",""capacity_gb"":512,""pcie_generation"":""3.0"",""form_factor"":""M.2"",""origin_name_vi"":""Trung Quốc"",""origin_code"":""CN""}","{""base_performance_score"":55,""base_power_watts"":4,""base_heat_score"":32,""base_reliability_score"":55,""used_demand_score"":75,""mining_popularity_score"":0,""depreciation_rate"":16}",
kingmax-smv32-sata-240gb,Kingmax SMV32 SATA 240GB,STORAGE,Kingmax,kingmax,,Đài Loan,TW,,Manual curated sheet v2,,MANUAL,,SATA 3 Port,3,SSD 2.5 inch | Hoạt Động Bền Bỉ Không Lỗi Vặt Cho Máy Bộ,35,3,29,70,70,0,8,,,,,"{""raw_key_specs"":""SSD 2.5 inch | Hoạt Động Bền Bỉ Không Lỗi Vặt Cho Máy Bộ"",""socket_slot"":""SATA 3 Port"",""power_watts"":3,""storage_type"":""SATA_SSD"",""capacity_gb"":240,""form_factor"":""2.5 inch"",""origin_name_vi"":""Đài Loan"",""origin_code"":""TW""}","{""base_performance_score"":35,""base_power_watts"":3,""base_heat_score"":29,""base_reliability_score"":70,""used_demand_score"":70,""mining_popularity_score"":0,""depreciation_rate"":8}",
deepcool-mystique-240,Deepcool Mystique 240,COOLER,Deepcool,deepcool,,Trung Quốc,CN,,Manual curated sheet v2,,MANUAL,,CPU Fan Header,14,Tản Nhiệt Nước AIO 240mm | Màn Hình LCD Vuông Thay Ảnh GIF,84,14,20,65,60,0,8,,,,,"{""raw_key_specs"":""Tản Nhiệt Nước AIO 240mm | Màn Hình LCD Vuông Thay Ảnh GIF"",""socket_slot"":""CPU Fan Header"",""power_watts"":14,""cooler_type"":""AIO"",""radiator_size_mm"":240,""origin_name_vi"":""Trung Quốc"",""origin_code"":""CN""}","{""base_performance_score"":84,""base_power_watts"":14,""base_heat_score"":20,""base_reliability_score"":65,""used_demand_score"":60,""mining_popularity_score"":0,""depreciation_rate"":8}",
thermalright-frozen-infinity-360,Thermalright Frozen Infinity 360,COOLER,Thermalright,thermalright,,Đài Loan,TW,,Manual curated sheet v2,,MANUAL,,CPU Fan Header,12,Tản Nước AIO Mặt Gương Vô Cực Led ARGB Đồng Bộ Đẹp,84,12,20,70,60,0,8,,,,,"{""raw_key_specs"":""Tản Nước AIO Mặt Gương Vô Cực Led ARGB Đồng Bộ Đẹp"",""socket_slot"":""CPU Fan Header"",""power_watts"":12,""cooler_type"":""AIO"",""origin_name_vi"":""Đài Loan"",""origin_code"":""TW""}","{""base_performance_score"":84,""base_power_watts"":12,""base_heat_score"":20,""base_reliability_score"":70,""used_demand_score"":60,""mining_popularity_score"":0,""depreciation_rate"":8}",
nzxt-kraken-elite-360-rgb-white,NZXT Kraken Elite 360 RGB White,COOLER,NZXT,nzxt,,Mỹ,US,,Manual curated sheet v2,,MANUAL,,CPU Fan Header,18,Trùm Cuối Tản Nước AIO Màn Hình LCD Siêu Nét Màu Trắng,84,18,20,78,65,0,8,,,,,"{""raw_key_specs"":""Trùm Cuối Tản Nước AIO Màn Hình LCD Siêu Nét Màu Trắng"",""socket_slot"":""CPU Fan Header"",""power_watts"":18,""cooler_type"":""AIO"",""origin_name_vi"":""Mỹ"",""origin_code"":""US""}","{""base_performance_score"":84,""base_power_watts"":18,""base_heat_score"":20,""base_reliability_score"":78,""used_demand_score"":65,""mining_popularity_score"":0,""depreciation_rate"":8}",
cooler-master-masterliquid-360-atmos,Cooler Master MasterLiquid 360 Atmos,COOLER,Cooler Master,cooler-master,,Đài Loan,TW,,Manual curated sheet v2,,MANUAL,,CPU Fan Header,15,Tản Nước Thế Hệ Mới Thiết Kế Buồng Bơm Tối Ưu,84,15,20,70,60,0,8,,,,,"{""raw_key_specs"":""Tản Nước Thế Hệ Mới Thiết Kế Buồng Bơm Tối Ưu"",""socket_slot"":""CPU Fan Header"",""power_watts"":15,""cooler_type"":""AIO"",""origin_name_vi"":""Đài Loan"",""origin_code"":""TW""}","{""base_performance_score"":84,""base_power_watts"":15,""base_heat_score"":20,""base_reliability_score"":70,""used_demand_score"":60,""mining_popularity_score"":0,""depreciation_rate"":8}",
arctic-liquid-freezer-iii-280,Arctic Liquid Freezer III 280,COOLER,Arctic,arctic,,Đức,DE,,Manual curated sheet v2,,MANUAL,,CPU Fan Header,12,Tản Nước AIO Két 280mm Quạt 14cm Siêu Êm Giải Nhiệt Khủng,88,12,20,70,60,0,8,,,,,"{""raw_key_specs"":""Tản Nước AIO Két 280mm Quạt 14cm Siêu Êm Giải Nhiệt Khủng"",""socket_slot"":""CPU Fan Header"",""power_watts"":12,""cooler_type"":""AIO"",""radiator_size_mm"":280,""origin_name_vi"":""Đức"",""origin_code"":""DE""}","{""base_performance_score"":88,""base_power_watts"":12,""base_heat_score"":20,""base_reliability_score"":70,""used_demand_score"":60,""mining_popularity_score"":0,""depreciation_rate"":8}",
noctua-nh-u12a-chromax-black,Noctua NH-U12A chromax.black,COOLER,Noctua,noctua,,Áo,AT,,Manual curated sheet v2,,MANUAL,,CPU Fan Header,5,Tản Khí Đỉnh Cao Thiết Kế 7 Ống Đồng Quạt Thần Thánh Êm Ái,55,5,15,78,65,0,8,,,,,"{""raw_key_specs"":""Tản Khí Đỉnh Cao Thiết Kế 7 Ống Đồng Quạt Thần Thánh Êm Ái"",""socket_slot"":""CPU Fan Header"",""power_watts"":5,""cooler_type"":""AIR"",""origin_name_vi"":""Áo"",""origin_code"":""AT""}","{""base_performance_score"":55,""base_power_watts"":5,""base_heat_score"":15,""base_reliability_score"":78,""used_demand_score"":65,""mining_popularity_score"":0,""depreciation_rate"":8}",
be-quiet-dark-rock-5,be quiet! Dark Rock 5,COOLER,be quiet!,be-quiet,,Đức,DE,,Manual curated sheet v2,,MANUAL,,CPU Fan Header,4,Tản Khí Tháp Đơn Cao Cấp Lắp Cho Các Dàn Máy Blackout Yên Tĩnh,55,4,15,78,65,0,8,,,,,"{""raw_key_specs"":""Tản Khí Tháp Đơn Cao Cấp Lắp Cho Các Dàn Máy Blackout Yên Tĩnh"",""socket_slot"":""CPU Fan Header"",""power_watts"":4,""cooler_type"":""AIR"",""origin_name_vi"":""Đức"",""origin_code"":""DE""}","{""base_performance_score"":55,""base_power_watts"":4,""base_heat_score"":15,""base_reliability_score"":78,""used_demand_score"":65,""mining_popularity_score"":0,""depreciation_rate"":8}",
valkyrie-e360-argb-white,Valkyrie E360 ARGB White,COOLER,Valkyrie,valkyrie,,Trung Quốc,CN,,Manual curated sheet v2,,MANUAL,,CPU Fan Header,15,Tản Nước AIO Có Màn Hình LCD Tròn Giá Mềm Phong Cách Anime,84,15,20,65,60,0,8,,,,,"{""raw_key_specs"":""Tản Nước AIO Có Màn Hình LCD Tròn Giá Mềm Phong Cách Anime"",""socket_slot"":""CPU Fan Header"",""power_watts"":15,""cooler_type"":""AIO"",""origin_name_vi"":""Trung Quốc"",""origin_code"":""CN""}","{""base_performance_score"":84,""base_power_watts"":15,""base_heat_score"":20,""base_reliability_score"":65,""used_demand_score"":60,""mining_popularity_score"":0,""depreciation_rate"":8}",
jonsbo-cr-1000-pro-argb,Jonsbo CR-1000 PRO ARGB,COOLER,Jonsbo,jonsbo,,Trung Quốc,CN,,Manual curated sheet v2,,MANUAL,,CPU Fan Header,3,Bản Nâng Cấp Tấm Che Mặt Trên Có Đèn LED Hấp Dẫn Hơn,35,3,40,65,60,0,8,,,,,"{""raw_key_specs"":""Bản Nâng Cấp Tấm Che Mặt Trên Có Đèn LED Hấp Dẫn Hơn"",""socket_slot"":""CPU Fan Header"",""power_watts"":3,""cooler_type"":""OTHER"",""origin_name_vi"":""Trung Quốc"",""origin_code"":""CN""}","{""base_performance_score"":35,""base_power_watts"":3,""base_heat_score"":40,""base_reliability_score"":65,""used_demand_score"":60,""mining_popularity_score"":0,""depreciation_rate"":8}",
id-cooling-se-207-xt-slim,ID-Cooling SE-207-XT Slim,COOLER,ID-Cooling,id-cooling,,Trung Quốc,CN,,Manual curated sheet v2,,MANUAL,,CPU Fan Header,5,Tản Tháp Đôi Không LED Chiều Cao Thấp Không Cấn Vỏ Máy,35,5,40,65,60,0,8,,,,,"{""raw_key_specs"":""Tản Tháp Đôi Không LED Chiều Cao Thấp Không Cấn Vỏ Máy"",""socket_slot"":""CPU Fan Header"",""power_watts"":5,""cooler_type"":""OTHER"",""origin_name_vi"":""Trung Quốc"",""origin_code"":""CN""}","{""base_performance_score"":35,""base_power_watts"":5,""base_heat_score"":40,""base_reliability_score"":65,""used_demand_score"":60,""mining_popularity_score"":0,""depreciation_rate"":8}",
antec-vortex-360-argb,Antec Vortex 360 ARGB,COOLER,Antec,antec,,Mỹ,US,,Manual curated sheet v2,,MANUAL,,CPU Fan Header,13,Tản Nước AIO Mặt Pump Thiết Kế Lốc Xoáy Đèn LED Chạy Đẹp Mắt,84,13,20,70,60,0,8,,,,,"{""raw_key_specs"":""Tản Nước AIO Mặt Pump Thiết Kế Lốc Xoáy Đèn LED Chạy Đẹp Mắt"",""socket_slot"":""CPU Fan Header"",""power_watts"":13,""cooler_type"":""AIO"",""origin_name_vi"":""Mỹ"",""origin_code"":""US""}","{""base_performance_score"":84,""base_power_watts"":13,""base_heat_score"":20,""base_reliability_score"":70,""used_demand_score"":60,""mining_popularity_score"":0,""depreciation_rate"":8}",
pccooler-paladin-ex400-argb,PCCooler Paladin EX400 ARGB,COOLER,PCCooler,pccooler,,Trung Quốc,CN,,Manual curated sheet v2,,MANUAL,,CPU Fan Header,3,Tản Khí Phân Khúc Rẻ Ống Đồng Trực Tiếp Led Đổi Màu,55,3,15,65,60,0,8,,,,,"{""raw_key_specs"":""Tản Khí Phân Khúc Rẻ Ống Đồng Trực Tiếp Led Đổi Màu"",""socket_slot"":""CPU Fan Header"",""power_watts"":3,""cooler_type"":""AIR"",""origin_name_vi"":""Trung Quốc"",""origin_code"":""CN""}","{""base_performance_score"":55,""base_power_watts"":3,""base_heat_score"":15,""base_reliability_score"":65,""used_demand_score"":60,""mining_popularity_score"":0,""depreciation_rate"":8}",
